{"type":"FeatureCollection","features":[{"type":"Feature","id":2,"properties":{"name":"San Borja","province":"Lima","department":"Lima","type":"Distrito"},"geometry":{"type":"Polygon","coordinates":[[[-76.9841,-12.0847],[-76.9836,-12.0865],[-76.9818,-12.0879],[-76.9813,-12.0887],[-76.9807,-12.0925],[-76.9783,-12.1102],[-76.9937,-12.1113],[-77.0096,-12.1124],[-77.01,-12.1084],[-77.0105,-12.1073],[-77.0119,-12.1008],[-77.0121,-12.0991],[-77.0116,-12.0971],[-77.0077,-12.0899],[-77.0077,-12.0887],[-77.0098,-12.089],[-77.0102,-12.0865],[-77.01,-12.0849],[-77.0041,-12.0841],[-76.9995,-12.0834],[-76.9987,-12.0832],[-76.9959,-12.0816],[-76.9936,-12.081],[-76.9935,-12.0817],[-76.9896,-12.0817],[-76.9873,-12.0799],[-76.9843,-12.0839],[-76.9841,-12.0847]]]}},{"type":"Feature","id":6,"properties":{"name":"Jesús María","province":"Lima","department":"Lima","type":"Distrito"},"geometry":{"type":"Polygon","coordinates":[[[-77.0486,-12.085],[-77.0501,-12.0869],[-77.0533,-12.093],[-77.055,-12.0919],[-77.0632,-12.0865],[-77.0497,-12.0702],[-77.0457,-12.0653],[-77.0376,-12.0643],[-77.0381,-12.0679],[-77.0363,-12.0799],[-77.0418,-12.0806],[-77.042,-12.0829],[-77.0437,-12.0832],[-77.0464,-12.083],[-77.0486,-12.085]]]}},{"type":"Feature","id":7,"properties":{"name":"Pachacámac","province":"Lima","department":"Lima","type":"Distrito"},"geometry":{"type":"Polygon","coordinates":[[[-76.7101,-12.1132],[-76.7091,-12.1138],[-76.7073,-12.114],[-76.7052,-12.1135],[-76.7027,-12.1147],[-76.6983,-12.116],[-76.6957,-12.1172],[-76.6938,-12.119],[-76.693,-12.1205],[-76.691,-12.123],[-76.6906,-12.1245],[-76.6888,-12.1259],[-76.6862,-12.1266],[-76.6829,-12.1288],[-76.6792,-12.1307],[-76.6795,-12.1312],[-76.6815,-12.1331],[-76.6831,-12.1338],[-76.6854,-12.1353],[-76.6862,-12.1366],[-76.6879,-12.1379],[-76.6899,-12.1389],[-76.6914,-12.1405],[-76.6915,-12.1423],[-76.6913,-12.1435],[-76.6892,-12.146],[-76.688,-12.1492],[-76.6879,-12.1518],[-76.6861,-12.1539],[-76.6854,-12.1553],[-76.6836,-12.158],[-76.6829,-12.1597],[-76.6814,-12.1612],[-76.6789,-12.1643],[-76.6776,-12.1642],[-76.6758,-12.1655],[-76.6747,-12.1669],[-76.6739,-12.1672],[-76.6739,-12.1691],[-76.6719,-12.1722],[-76.6693,-12.1726],[-76.6676,-12.176],[-76.667,-12.1778],[-76.6662,-12.1786],[-76.6645,-12.1785],[-76.663,-12.178],[-76.6634,-12.179],[-76.6657,-12.1804],[-76.6676,-12.1804],[-76.6743,-12.1766],[-76.6767,-12.1758],[-76.6787,-12.1757],[-76.6826,-12.1762],[-76.6856,-12.1773],[-76.6869,-12.1781],[-76.6897,-12.1808],[-76.6905,-12.1812],[-76.6945,-12.1795],[-76.6993,-12.179],[-76.7007,-12.1783],[-76.7031,-12.1781],[-76.7051,-12.1772],[-76.7068,-12.1759],[-76.7083,-12.1729],[-76.7098,-12.1713],[-76.7115,-12.1699],[-76.7169,-12.1687],[-76.7189,-12.1687],[-76.7228,-12.167],[-76.7266,-12.1659],[-76.7276,-12.1654],[-76.7305,-12.1652],[-76.734,-12.1644],[-76.7349,-12.1645],[-76.738,-12.1666],[-76.7407,-12.1677],[-76.7417,-12.1684],[-76.7423,-12.1704],[-76.7429,-12.1715],[-76.7434,-12.1739],[-76.7447,-12.1762],[-76.746,-12.1775],[-76.7468,-12.1777],[-76.7507,-12.1769],[-76.7518,-12.179],[-76.7545,-12.1818],[-76.7561,-12.1829],[-76.7572,-12.1843],[-76.7589,-12.1851],[-76.7599,-12.1852],[-76.7623,-12.1846],[-76.7662,-12.1847],[-76.7688,-12.185],[-76.7697,-12.1857],[-76.7707,-12.188],[-76.7731,-12.1904],[-76.7753,-12.1908],[-76.7769,-12.1916],[-76.7794,-12.195],[-76.7819,-12.1968],[-76.7836,-12.197],[-76.785,-12.1965],[-76.7878,-12.1963],[-76.7895,-12.1966],[-76.7917,-12.1968],[-76.7938,-12.1972],[-76.7963,-12.1964],[-76.798,-12.1956],[-76.8031,-12.1954],[-76.805,-12.1963],[-76.8069,-12.1963],[-76.81,-12.197],[-76.8135,-12.1969],[-76.8156,-12.1972],[-76.8176,-12.1993],[-76.8184,-12.2012],[-76.8186,-12.2035],[-76.8195,-12.2054],[-76.8207,-12.2066],[-76.8228,-12.2081],[-76.8252,-12.2109],[-76.8281,-12.212],[-76.8304,-12.2137],[-76.833,-12.2144],[-76.8351,-12.2157],[-76.8377,-12.2157],[-76.8392,-12.2163],[-76.8414,-12.2168],[-76.8429,-12.2178],[-76.8439,-12.2189],[-76.8466,-12.2204],[-76.8464,-12.2215],[-76.8455,-12.2223],[-76.8428,-12.2256],[-76.8442,-12.2279],[-76.8449,-12.2303],[-76.8447,-12.231],[-76.8435,-12.2318],[-76.8427,-12.2329],[-76.8427,-12.2359],[-76.843,-12.2364],[-76.846,-12.2375],[-76.8493,-12.2395],[-76.851,-12.2378],[-76.8523,-12.2354],[-76.8527,-12.2334],[-76.854,-12.2332],[-76.8558,-12.2338],[-76.8604,-12.2379],[-76.8619,-12.2372],[-76.8627,-12.2359],[-76.8646,-12.2342],[-76.8642,-12.2321],[-76.8659,-12.2307],[-76.866,-12.2283],[-76.8669,-12.2279],[-76.868,-12.2285],[-76.8693,-12.2284],[-76.87,-12.2276],[-76.8711,-12.2258],[-76.8726,-12.2245],[-76.8712,-12.2212],[-76.8713,-12.2202],[-76.8748,-12.219],[-76.8771,-12.2177],[-76.8788,-12.2158],[-76.8817,-12.2136],[-76.8839,-12.2102],[-76.8869,-12.21],[-76.8897,-12.2089],[-76.8912,-12.2074],[-76.8912,-12.2049],[-76.8906,-12.202],[-76.892,-12.2003],[-76.8924,-12.1991],[-76.8918,-12.1978],[-76.8899,-12.1954],[-76.889,-12.1937],[-76.8881,-12.1911],[-76.8879,-12.1885],[-76.8862,-12.1872],[-76.8849,-12.1828],[-76.8831,-12.1795],[-76.8831,-12.1784],[-76.8849,-12.176],[-76.8852,-12.1749],[-76.8846,-12.1729],[-76.8838,-12.172],[-76.8825,-12.1699],[-76.8823,-12.1682],[-76.8832,-12.1663],[-76.8849,-12.1579],[-76.8861,-12.1545],[-76.8868,-12.1539],[-76.889,-12.1535],[-76.8907,-12.1528],[-76.8935,-12.1508],[-76.8948,-12.1495],[-76.8961,-12.1472],[-76.8969,-12.1439],[-76.8971,-12.1415],[-76.8995,-12.139],[-76.8999,-12.1377],[-76.9015,-12.1358],[-76.9022,-12.1335],[-76.9033,-12.132],[-76.9042,-12.1313],[-76.9063,-12.1309],[-76.9084,-12.1293],[-76.9113,-12.1284],[-76.9122,-12.1278],[-76.9123,-12.1258],[-76.911,-12.122],[-76.9099,-12.1204],[-76.9077,-12.1192],[-76.9064,-12.1173],[-76.9061,-12.1156],[-76.9054,-12.1146],[-76.9022,-12.1132],[-76.8995,-12.114],[-76.8979,-12.1142],[-76.8962,-12.1123],[-76.8953,-12.1089],[-76.8941,-12.1057],[-76.8919,-12.1036],[-76.8914,-12.1019],[-76.8898,-12.1002],[-76.8898,-12.0993],[-76.8908,-12.0969],[-76.8917,-12.0958],[-76.8924,-12.094],[-76.8913,-12.0929],[-76.8881,-12.0927],[-76.8877,-12.092],[-76.8855,-12.0923],[-76.8837,-12.0889],[-76.8863,-12.0864],[-76.8866,-12.0851],[-76.8894,-12.0859],[-76.8899,-12.0841],[-76.8914,-12.0841],[-76.8914,-12.0798],[-76.8904,-12.0789],[-76.8888,-12.0785],[-76.8887,-12.0768],[-76.8835,-12.0757],[-76.8815,-12.0761],[-76.8804,-12.076],[-76.879,-12.0731],[-76.8778,-12.0726],[-76.8774,-12.0719],[-76.8771,-12.0729],[-76.8754,-12.0739],[-76.8768,-12.0765],[-76.876,-12.0769],[-76.8758,-12.0781],[-76.8752,-12.0782],[-76.8763,-12.08],[-76.8769,-12.0803],[-76.8759,-12.0827],[-76.8739,-12.0838],[-76.8729,-12.0848],[-76.8741,-12.0852],[-76.8738,-12.0867],[-76.8714,-12.0871],[-76.8713,-12.0885],[-76.8697,-12.0908],[-76.869,-12.091],[-76.869,-12.0929],[-76.8677,-12.0936],[-76.8636,-12.0943],[-76.8642,-12.0985],[-76.8655,-12.1001],[-76.8644,-12.1005],[-76.8639,-12.1013],[-76.8646,-12.1024],[-76.862,-12.1021],[-76.8604,-12.1014],[-76.8577,-12.1019],[-76.8575,-12.1036],[-76.8562,-12.1052],[-76.8583,-12.1073],[-76.8588,-12.1081],[-76.8572,-12.1083],[-76.8565,-12.1088],[-76.8556,-12.1102],[-76.8546,-12.1108],[-76.8523,-12.1112],[-76.8503,-12.111],[-76.8472,-12.112],[-76.8471,-12.1148],[-76.848,-12.1155],[-76.8484,-12.1164],[-76.8502,-12.1189],[-76.8503,-12.1203],[-76.8491,-12.1212],[-76.8472,-12.1233],[-76.8466,-12.1241],[-76.8466,-12.1291],[-76.8459,-12.1309],[-76.8463,-12.1333],[-76.8446,-12.1362],[-76.8444,-12.1377],[-76.8433,-12.1384],[-76.8408,-12.1385],[-76.8398,-12.14],[-76.8376,-12.1413],[-76.8357,-12.1409],[-76.835,-12.1417],[-76.8342,-12.1436],[-76.8317,-12.1458],[-76.8276,-12.1447],[-76.824,-12.1446],[-76.8198,-12.1434],[-76.8151,-12.1418],[-76.812,-12.1416],[-76.81,-12.1411],[-76.8059,-12.1418],[-76.8036,-12.1415],[-76.801,-12.1423],[-76.8003,-12.1435],[-76.7977,-12.1427],[-76.7948,-12.1426],[-76.7936,-12.1422],[-76.7916,-12.1423],[-76.7896,-12.141],[-76.7886,-12.1411],[-76.7838,-12.139],[-76.7805,-12.1381],[-76.7777,-12.1378],[-76.7744,-12.1363],[-76.7731,-12.1361],[-76.77,-12.1349],[-76.768,-12.135],[-76.767,-12.1356],[-76.7653,-12.136],[-76.7637,-12.1354],[-76.7626,-12.1359],[-76.7607,-12.1362],[-76.7579,-12.1361],[-76.7552,-12.1362],[-76.7523,-12.1358],[-76.7507,-12.1358],[-76.747,-12.1339],[-76.7462,-12.1332],[-76.7429,-12.1321],[-76.7414,-12.1319],[-76.7397,-12.131],[-76.7378,-12.1304],[-76.7366,-12.1295],[-76.7344,-12.1291],[-76.7327,-12.1276],[-76.7315,-12.1258],[-76.7304,-12.1247],[-76.7278,-12.124],[-76.725,-12.1239],[-76.724,-12.1234],[-76.7219,-12.1232],[-76.7208,-12.1223],[-76.7183,-12.121],[-76.7176,-12.1204],[-76.7176,-12.1186],[-76.7171,-12.1177],[-76.7145,-12.1162],[-76.7108,-12.1151],[-76.7101,-12.1132]]]}},{"type":"Feature","id":10,"properties":{"name":"San Luis","province":"Lima","department":"Lima","type":"Distrito"},"geometry":{"type":"Polygon","coordinates":[[[-76.9978,-12.0608],[-76.9981,-12.0637],[-76.9958,-12.0638],[-76.9893,-12.0644],[-76.987,-12.064],[-76.9888,-12.0714],[-76.9876,-12.0735],[-76.9905,-12.0738],[-76.9908,-12.0754],[-76.9873,-12.0799],[-76.9896,-12.0817],[-76.9935,-12.0817],[-76.9936,-12.081],[-76.9959,-12.0816],[-76.9987,-12.0832],[-76.9995,-12.0834],[-77.0041,-12.0841],[-77.0048,-12.0818],[-77.006,-12.0808],[-77.0095,-12.0795],[-77.0104,-12.0782],[-77.0099,-12.0767],[-77.0079,-12.0749],[-77.0025,-12.0719],[-76.9963,-12.0683],[-76.9999,-12.0635],[-77.0012,-12.0633],[-77.0032,-12.0626],[-77.0029,-12.0616],[-77.0018,-12.0618],[-76.9999,-12.0615],[-76.9998,-12.0606],[-76.9978,-12.0608]]]}},{"type":"Feature","id":12,"properties":{"name":"La Molina","province":"Lima","department":"Lima","type":"Distrito"},"geometry":{"type":"Polygon","coordinates":[[[-76.8867,-12.0605],[-76.8862,-12.0608],[-76.8838,-12.0611],[-76.881,-12.0637],[-76.8783,-12.0632],[-76.8764,-12.0637],[-76.8735,-12.0639],[-76.8714,-12.0649],[-76.8693,-12.0651],[-76.8691,-12.0655],[-76.8709,-12.0668],[-76.872,-12.0679],[-76.8736,-12.0689],[-76.8756,-12.0706],[-76.8769,-12.0712],[-76.8774,-12.0719],[-76.8778,-12.0726],[-76.879,-12.0731],[-76.8804,-12.076],[-76.8815,-12.0761],[-76.8835,-12.0757],[-76.8887,-12.0768],[-76.8888,-12.0785],[-76.8904,-12.0789],[-76.8914,-12.0798],[-76.8914,-12.0841],[-76.8899,-12.0841],[-76.8894,-12.0859],[-76.8866,-12.0851],[-76.8863,-12.0864],[-76.8837,-12.0889],[-76.8855,-12.0923],[-76.8877,-12.092],[-76.8881,-12.0927],[-76.8913,-12.0929],[-76.8924,-12.094],[-76.8917,-12.0958],[-76.8908,-12.0969],[-76.8898,-12.0993],[-76.8898,-12.1002],[-76.8914,-12.1019],[-76.8919,-12.1036],[-76.8941,-12.1057],[-76.8953,-12.1089],[-76.8962,-12.1123],[-76.8979,-12.1142],[-76.8995,-12.114],[-76.9022,-12.1132],[-76.9054,-12.1146],[-76.9061,-12.1156],[-76.9064,-12.1173],[-76.9077,-12.1192],[-76.9099,-12.1204],[-76.911,-12.122],[-76.9128,-12.1214],[-76.9145,-12.1212],[-76.9179,-12.119],[-76.9213,-12.1191],[-76.9226,-12.1202],[-76.9256,-12.1211],[-76.9279,-12.1223],[-76.9294,-12.1225],[-76.932,-12.1234],[-76.935,-12.1234],[-76.9379,-12.1225],[-76.9411,-12.1221],[-76.9419,-12.1206],[-76.9438,-12.1201],[-76.9454,-12.1189],[-76.9471,-12.1182],[-76.9477,-12.1175],[-76.9474,-12.1165],[-76.9484,-12.1142],[-76.9486,-12.1112],[-76.9504,-12.1085],[-76.9506,-12.106],[-76.951,-12.1049],[-76.9544,-12.1003],[-76.9576,-12.0971],[-76.9579,-12.0962],[-76.9592,-12.0944],[-76.96,-12.093],[-76.9601,-12.0906],[-76.9598,-12.0873],[-76.9606,-12.0842],[-76.9589,-12.0814],[-76.9566,-12.0791],[-76.9555,-12.0784],[-76.9564,-12.0769],[-76.9574,-12.076],[-76.9604,-12.0757],[-76.9631,-12.0766],[-76.9654,-12.0787],[-76.967,-12.0811],[-76.9699,-12.0833],[-76.9729,-12.0838],[-76.9738,-12.082],[-76.9738,-12.0793],[-76.9761,-12.0783],[-76.9718,-12.0679],[-76.9711,-12.0672],[-76.9696,-12.0668],[-76.9674,-12.0652],[-76.9614,-12.0628],[-76.9593,-12.062],[-76.9551,-12.0617],[-76.9539,-12.0614],[-76.9506,-12.0599],[-76.9443,-12.0567],[-76.94,-12.0646],[-76.9389,-12.0647],[-76.9375,-12.0637],[-76.9361,-12.0635],[-76.9339,-12.0647],[-76.933,-12.0657],[-76.9304,-12.067],[-76.9283,-12.0677],[-76.9276,-12.0669],[-76.9265,-12.0664],[-76.9253,-12.0654],[-76.9238,-12.0658],[-76.9212,-12.0662],[-76.9186,-12.062],[-76.9169,-12.0606],[-76.9145,-12.0598],[-76.9125,-12.0596],[-76.9095,-12.0598],[-76.9083,-12.0594],[-76.9049,-12.0594],[-76.9034,-12.0593],[-76.9025,-12.0601],[-76.9013,-12.0603],[-76.9,-12.0596],[-76.8983,-12.0591],[-76.8973,-12.0593],[-76.8942,-12.0586],[-76.8891,-12.0594],[-76.8867,-12.0605]]]}},{"type":"Feature","id":13,"properties":{"name":"Ancón","province":"Lima","department":"Lima","type":"Distrito"},"geometry":{"type":"Polygon","coordinates":[[[-77.0325,-11.7407],[-77.0325,-11.7407],[-77.0325,-11.7408],[-77.0325,-11.7408],[-77.0325,-11.7408],[-77.0325,-11.7408],[-77.0325,-11.7408],[-77.0325,-11.7409],[-77.0326,-11.7409],[-77.0326,-11.7409],[-77.0326,-11.7409],[-77.0326,-11.741],[-77.0326,-11.741],[-77.0326,-11.741],[-77.0327,-11.7411],[-77.0327,-11.7411],[-77.0327,-11.7411],[-77.0327,-11.7411],[-77.0327,-11.7412],[-77.0327,-11.7412],[-77.0327,-11.7412],[-77.0327,-11.7412],[-77.0328,-11.7413],[-77.0328,-11.7413],[-77.0328,-11.7413],[-77.0328,-11.7414],[-77.0328,-11.7414],[-77.0329,-11.7414],[-77.0329,-11.7415],[-77.033,-11.7416],[-77.033,-11.7417],[-77.0349,-11.7449],[-77.0395,-11.7519],[-77.0403,-11.7526],[-77.0431,-11.7537],[-77.0438,-11.7549],[-77.0443,-11.7571],[-77.045,-11.7584],[-77.046,-11.7591],[-77.0497,-11.7612],[-77.0519,-11.7636],[-77.0522,-11.7658],[-77.0538,-11.7681],[-77.0547,-11.7703],[-77.0547,-11.7731],[-77.054,-11.7757],[-77.0539,-11.7772],[-77.0541,-11.7788],[-77.0556,-11.7836],[-77.0576,-11.7858],[-77.0609,-11.7875],[-77.0638,-11.7884],[-77.071,-11.79],[-77.073,-11.7908],[-77.074,-11.7921],[-77.0748,-11.7955],[-77.0767,-11.7973],[-77.0795,-11.7981],[-77.0826,-11.8004],[-77.0851,-11.8017],[-77.0929,-11.8037],[-77.0958,-11.8045],[-77.097,-11.8052],[-77.0985,-11.8066],[-77.1015,-11.8102],[-77.1029,-11.8115],[-77.1039,-11.8119],[-77.1066,-11.8124],[-77.108,-11.8133],[-77.1094,-11.8155],[-77.1093,-11.8178],[-77.1106,-11.8206],[-77.1119,-11.8226],[-77.1142,-11.8244],[-77.116,-11.8247],[-77.118,-11.8246],[-77.121,-11.8227],[-77.1239,-11.8201],[-77.1251,-11.8199],[-77.1259,-11.8208],[-77.1268,-11.8185],[-77.128,-11.8192],[-77.1319,-11.818],[-77.1326,-11.8193],[-77.1334,-11.8182],[-77.1352,-11.8178],[-77.1395,-11.8182],[-77.1403,-11.8199],[-77.1419,-11.8207],[-77.144,-11.821],[-77.1449,-11.8199],[-77.1459,-11.8193],[-77.1475,-11.8191],[-77.1352,-11.8054],[-77.1347,-11.8043],[-77.1574,-11.782],[-77.1872,-11.7798],[-77.1955,-11.7796],[-77.1958,-11.7789],[-77.1956,-11.7767],[-77.1961,-11.7755],[-77.1977,-11.7748],[-77.1981,-11.773],[-77.1968,-11.7712],[-77.1968,-11.7705],[-77.1979,-11.7704],[-77.1984,-11.7696],[-77.1972,-11.7683],[-77.1949,-11.7682],[-77.194,-11.7671],[-77.1928,-11.7679],[-77.1909,-11.7682],[-77.1912,-11.7692],[-77.1909,-11.7702],[-77.1888,-11.7713],[-77.1881,-11.7729],[-77.1872,-11.7727],[-77.1871,-11.7738],[-77.1837,-11.7742],[-77.1823,-11.7735],[-77.1817,-11.7751],[-77.1808,-11.7757],[-77.1789,-11.7755],[-77.178,-11.7748],[-77.1762,-11.7727],[-77.1755,-11.7723],[-77.1744,-11.7705],[-77.1738,-11.77],[-77.1732,-11.7684],[-77.1713,-11.7646],[-77.1712,-11.7631],[-77.1714,-11.7603],[-77.1713,-11.7575],[-77.1708,-11.7565],[-77.1708,-11.7537],[-77.1704,-11.7511],[-77.1691,-11.7491],[-77.1687,-11.7459],[-77.1688,-11.7426],[-77.1684,-11.7408],[-77.1684,-11.7391],[-77.1694,-11.7353],[-77.1716,-11.7307],[-77.1731,-11.7281],[-77.1761,-11.7254],[-77.178,-11.7233],[-77.1775,-11.7224],[-77.1783,-11.7208],[-77.1796,-11.7197],[-77.1799,-11.7182],[-77.1807,-11.7165],[-77.182,-11.7159],[-77.183,-11.7135],[-77.1831,-11.7126],[-77.1843,-11.7111],[-77.1861,-11.7095],[-77.1872,-11.7071],[-77.188,-11.7065],[-77.189,-11.7045],[-77.1899,-11.7039],[-77.1916,-11.7019],[-77.1931,-11.7008],[-77.195,-11.6983],[-77.19,-11.6953],[-77.188,-11.6932],[-77.186,-11.69],[-77.1846,-11.6881],[-77.1832,-11.6859],[-77.1804,-11.6864],[-77.1764,-11.6887],[-77.1734,-11.6908],[-77.1702,-11.6928],[-77.1646,-11.698],[-77.1635,-11.6988],[-77.1619,-11.7006],[-77.1594,-11.7017],[-77.1552,-11.7031],[-77.1547,-11.7026],[-77.1546,-11.701],[-77.1555,-11.6986],[-77.1568,-11.6965],[-77.1567,-11.6954],[-77.1559,-11.6941],[-77.1555,-11.6919],[-77.1552,-11.6864],[-77.1555,-11.6845],[-77.1579,-11.6824],[-77.1582,-11.6811],[-77.1556,-11.677],[-77.1543,-11.6757],[-77.1534,-11.674],[-77.1522,-11.6702],[-77.1502,-11.6691],[-77.1464,-11.6662],[-77.1449,-11.666],[-77.1435,-11.6651],[-77.141,-11.6639],[-77.1383,-11.6618],[-77.1377,-11.6609],[-77.1361,-11.6596],[-77.1332,-11.6578],[-77.1318,-11.6573],[-77.1297,-11.6582],[-77.1286,-11.6605],[-77.1271,-11.6607],[-77.1256,-11.6601],[-77.1226,-11.6582],[-77.1214,-11.6568],[-77.1207,-11.6556],[-77.1215,-11.6543],[-77.1302,-11.6484],[-77.1312,-11.6473],[-77.1316,-11.6459],[-77.1311,-11.6435],[-77.1312,-11.6399],[-77.1319,-11.6392],[-77.1332,-11.6392],[-77.1346,-11.6386],[-77.1372,-11.637],[-77.1375,-11.6357],[-77.1364,-11.6333],[-77.1354,-11.63],[-77.1338,-11.6283],[-77.1315,-11.6264],[-77.1296,-11.6256],[-77.1278,-11.626],[-77.1212,-11.6295],[-77.1188,-11.6299],[-77.1162,-11.6299],[-77.1132,-11.6294],[-77.1119,-11.6289],[-77.1075,-11.6265],[-77.1062,-11.6253],[-77.1059,-11.6235],[-77.1066,-11.6215],[-77.1066,-11.6201],[-77.1057,-11.6194],[-77.1044,-11.6193],[-77.1033,-11.6186],[-77.1016,-11.6162],[-77.1004,-11.6148],[-77.0978,-11.6133],[-77.0959,-11.6128],[-77.0937,-11.6097],[-77.0925,-11.609],[-77.0912,-11.6077],[-77.0882,-11.607],[-77.0871,-11.6065],[-77.0857,-11.6048],[-77.0853,-11.6036],[-77.0858,-11.6016],[-77.0844,-11.5954],[-77.0835,-11.5938],[-77.0808,-11.5912],[-77.0787,-11.586],[-77.0781,-11.5819],[-77.0781,-11.5783],[-77.0778,-11.577],[-77.0751,-11.5758],[-77.0731,-11.5752],[-77.0703,-11.5751],[-77.0694,-11.5739],[-77.0679,-11.5726],[-77.0669,-11.5725],[-77.0657,-11.573],[-77.0652,-11.5741],[-77.0647,-11.5768],[-77.0636,-11.5776],[-77.0608,-11.5775],[-77.0569,-11.5761],[-77.0548,-11.5757],[-77.0525,-11.576],[-77.0513,-11.5766],[-77.0496,-11.5785],[-77.048,-11.5789],[-77.046,-11.5785],[-77.0456,-11.5793],[-77.0448,-11.5824],[-77.0414,-11.5844],[-77.0394,-11.586],[-77.0368,-11.5891],[-77.0348,-11.5895],[-77.0312,-11.5918],[-77.0283,-11.5925],[-77.0272,-11.5933],[-77.0243,-11.5949],[-77.0223,-11.5964],[-77.0219,-11.5973],[-77.0217,-11.5993],[-77.0212,-11.6002],[-77.0191,-11.6015],[-77.0184,-11.6028],[-77.0167,-11.6042],[-77.0137,-11.6054],[-77.0128,-11.6061],[-77.0075,-11.6085],[-77.0064,-11.6103],[-77.0048,-11.6143],[-77.0063,-11.6162],[-77.0073,-11.6167],[-77.0097,-11.6172],[-77.0129,-11.6208],[-77.0146,-11.6235],[-77.0149,-11.6254],[-77.0148,-11.6288],[-77.0156,-11.6306],[-77.0161,-11.6329],[-77.0169,-11.6339],[-77.0191,-11.6351],[-77.0208,-11.6367],[-77.023,-11.6391],[-77.0252,-11.6408],[-77.0282,-11.6437],[-77.0296,-11.6446],[-77.0296,-11.6456],[-77.0304,-11.6475],[-77.0322,-11.6487],[-77.0341,-11.6511],[-77.0348,-11.6515],[-77.035,-11.654],[-77.0334,-11.6553],[-77.0314,-11.6578],[-77.0301,-11.6604],[-77.0307,-11.6634],[-77.0305,-11.6649],[-77.0289,-11.6684],[-77.0277,-11.6719],[-77.0262,-11.6741],[-77.0254,-11.6766],[-77.0255,-11.6776],[-77.025,-11.6809],[-77.0252,-11.6826],[-77.0261,-11.686],[-77.026,-11.6873],[-77.0249,-11.6894],[-77.0246,-11.6916],[-77.0259,-11.6966],[-77.0262,-11.6998],[-77.027,-11.7015],[-77.0279,-11.7022],[-77.0291,-11.7047],[-77.0303,-11.7058],[-77.0313,-11.7076],[-77.0337,-11.7095],[-77.0353,-11.7107],[-77.0378,-11.7115],[-77.0404,-11.7118],[-77.0422,-11.7126],[-77.0433,-11.7135],[-77.0444,-11.7153],[-77.0435,-11.7163],[-77.0423,-11.7187],[-77.041,-11.7199],[-77.0399,-11.7214],[-77.0395,-11.7227],[-77.0382,-11.7248],[-77.0365,-11.7286],[-77.0362,-11.7313],[-77.0359,-11.7322],[-77.0327,-11.7369],[-77.0324,-11.7386],[-77.0325,-11.7407]]]}},{"type":"Feature","id":17,"properties":{"name":"Villa El Salvador","province":"Lima","department":"Lima","type":"Distrito"},"geometry":{"type":"Polygon","coordinates":[[[-76.91,-12.2313],[-76.912,-12.2363],[-76.9126,-12.2383],[-76.9125,-12.2398],[-76.9115,-12.2411],[-76.9147,-12.2431],[-76.9156,-12.245],[-76.9161,-12.2484],[-76.9173,-12.2486],[-76.9249,-12.2489],[-76.9258,-12.2518],[-76.9262,-12.252],[-76.9331,-12.2477],[-76.9351,-12.2512],[-76.9376,-12.2498],[-76.9421,-12.247],[-76.9432,-12.2465],[-76.9462,-12.2447],[-76.9505,-12.2426],[-76.9536,-12.2409],[-76.9556,-12.2402],[-76.9583,-12.2387],[-76.9593,-12.2384],[-76.9614,-12.2373],[-76.9646,-12.236],[-76.9672,-12.2345],[-76.9692,-12.2335],[-76.9727,-12.2324],[-76.9742,-12.2315],[-76.9711,-12.2268],[-76.9755,-12.2223],[-76.9763,-12.2202],[-76.9768,-12.2176],[-76.9765,-12.2171],[-76.9758,-12.2135],[-76.972,-12.192],[-76.9712,-12.1919],[-76.9693,-12.1927],[-76.9678,-12.1931],[-76.961,-12.1925],[-76.9597,-12.1917],[-76.9585,-12.1925],[-76.9542,-12.1899],[-76.9545,-12.1893],[-76.9545,-12.1866],[-76.9541,-12.186],[-76.9524,-12.1855],[-76.9503,-12.1849],[-76.9474,-12.1855],[-76.9422,-12.1825],[-76.9403,-12.1859],[-76.9361,-12.1927],[-76.9333,-12.1972],[-76.9313,-12.2009],[-76.9275,-12.2071],[-76.9231,-12.213],[-76.9222,-12.2146],[-76.9209,-12.2201],[-76.9196,-12.2245],[-76.9183,-12.226],[-76.9113,-12.229],[-76.9096,-12.2296],[-76.91,-12.2313]]]}},{"type":"Feature","id":32,"properties":{"name":"Santiago De Surco","province":"Lima","department":"Lima","type":"Distrito"},"geometry":{"type":"Polygon","coordinates":[[[-76.9477,-12.1175],[-76.9499,-12.1163],[-76.9534,-12.1156],[-76.9556,-12.1156],[-76.957,-12.1166],[-76.9586,-12.1197],[-76.9602,-12.1201],[-76.9609,-12.1211],[-76.9617,-12.1228],[-76.9623,-12.1256],[-76.9623,-12.1271],[-76.9628,-12.1278],[-76.9645,-12.1288],[-76.9657,-12.1291],[-76.967,-12.1303],[-76.968,-12.1306],[-76.9708,-12.1323],[-76.9709,-12.1336],[-76.9721,-12.1339],[-76.9722,-12.1351],[-76.9738,-12.1352],[-76.9746,-12.1349],[-76.9744,-12.1368],[-76.9756,-12.1371],[-76.9749,-12.1387],[-76.975,-12.1406],[-76.9745,-12.1421],[-76.9764,-12.143],[-76.977,-12.142],[-76.977,-12.1411],[-76.9781,-12.1392],[-76.9791,-12.1394],[-76.9808,-12.1387],[-76.9822,-12.1468],[-76.9836,-12.1513],[-76.9837,-12.155],[-76.9832,-12.1571],[-76.9849,-12.1575],[-76.9849,-12.1599],[-76.9843,-12.1621],[-76.9838,-12.1628],[-76.9838,-12.1643],[-76.9844,-12.1665],[-76.9849,-12.1664],[-76.9864,-12.1675],[-76.9869,-12.1698],[-76.9877,-12.1709],[-76.99,-12.1721],[-76.9916,-12.172],[-76.9932,-12.1715],[-76.9955,-12.1696],[-76.9974,-12.1668],[-76.9987,-12.1666],[-76.999,-12.1684],[-77.0006,-12.1729],[-77.0014,-12.1734],[-77.0032,-12.173],[-77.0048,-12.1718],[-77.0058,-12.1707],[-77.0072,-12.1676],[-77.0088,-12.1658],[-77.0113,-12.1651],[-77.0117,-12.1647],[-77.0109,-12.1629],[-77.0097,-12.1613],[-77.0078,-12.1615],[-77.0075,-12.1603],[-77.016,-12.1556],[-77.0156,-12.1547],[-77.0184,-12.1526],[-77.016,-12.1474],[-77.0157,-12.1465],[-77.0139,-12.1441],[-77.0142,-12.1439],[-77.0125,-12.1404],[-77.0179,-12.1358],[-77.018,-12.1312],[-77.018,-12.1304],[-77.0164,-12.1305],[-77.0156,-12.1295],[-77.0137,-12.1294],[-77.0126,-12.1308],[-77.0113,-12.1301],[-77.0094,-12.1299],[-77.0095,-12.1276],[-77.0016,-12.1289],[-77.0013,-12.1284],[-77.0027,-12.1265],[-77.0021,-12.1254],[-77.0008,-12.1244],[-76.9988,-12.1215],[-76.9982,-12.1201],[-76.9974,-12.12],[-76.9961,-12.1165],[-76.9955,-12.1156],[-76.9938,-12.1123],[-76.9937,-12.1113],[-76.9783,-12.1102],[-76.9807,-12.0925],[-76.9813,-12.0887],[-76.9818,-12.0879],[-76.9836,-12.0865],[-76.9841,-12.0847],[-76.9819,-12.0848],[-76.9779,-12.0808],[-76.9761,-12.0783],[-76.9738,-12.0793],[-76.9738,-12.082],[-76.9729,-12.0838],[-76.9699,-12.0833],[-76.967,-12.0811],[-76.9654,-12.0787],[-76.9631,-12.0766],[-76.9604,-12.0757],[-76.9574,-12.076],[-76.9564,-12.0769],[-76.9555,-12.0784],[-76.9566,-12.0791],[-76.9589,-12.0814],[-76.9606,-12.0842],[-76.9598,-12.0873],[-76.9601,-12.0906],[-76.96,-12.093],[-76.9592,-12.0944],[-76.9579,-12.0962],[-76.9576,-12.0971],[-76.9544,-12.1003],[-76.951,-12.1049],[-76.9506,-12.106],[-76.9504,-12.1085],[-76.9486,-12.1112],[-76.9484,-12.1142],[-76.9474,-12.1165],[-76.9477,-12.1175]]]}},{"type":"Feature","id":38,"properties":{"name":"Ate","province":"Lima","department":"Lima","type":"Distrito"},"geometry":{"type":"Polygon","coordinates":[[[-76.7839,-12.0231],[-76.7991,-12.0327],[-76.8047,-12.0364],[-76.8105,-12.0405],[-76.8134,-12.0416],[-76.8185,-12.0413],[-76.8271,-12.0401],[-76.8328,-12.0395],[-76.8455,-12.0384],[-76.8529,-12.0376],[-76.8696,-12.0473],[-76.8867,-12.0605],[-76.8891,-12.0594],[-76.8942,-12.0586],[-76.8973,-12.0593],[-76.8983,-12.0591],[-76.9,-12.0596],[-76.9013,-12.0603],[-76.9025,-12.0601],[-76.9034,-12.0593],[-76.9049,-12.0594],[-76.9083,-12.0594],[-76.9095,-12.0598],[-76.9125,-12.0596],[-76.9145,-12.0598],[-76.9169,-12.0606],[-76.9186,-12.062],[-76.9212,-12.0662],[-76.9238,-12.0658],[-76.9253,-12.0654],[-76.9265,-12.0664],[-76.9276,-12.0669],[-76.9283,-12.0677],[-76.9304,-12.067],[-76.933,-12.0657],[-76.9339,-12.0647],[-76.9361,-12.0635],[-76.9375,-12.0637],[-76.9389,-12.0647],[-76.94,-12.0646],[-76.9443,-12.0567],[-76.9506,-12.0599],[-76.9539,-12.0614],[-76.9551,-12.0617],[-76.9593,-12.062],[-76.9614,-12.0628],[-76.9674,-12.0652],[-76.9696,-12.0668],[-76.9711,-12.0672],[-76.9718,-12.0679],[-76.9761,-12.0783],[-76.9779,-12.0808],[-76.9819,-12.0848],[-76.9841,-12.0847],[-76.9843,-12.0839],[-76.9873,-12.0799],[-76.9908,-12.0754],[-76.9905,-12.0738],[-76.9876,-12.0735],[-76.9888,-12.0714],[-76.987,-12.064],[-76.9893,-12.0644],[-76.9958,-12.0638],[-76.9981,-12.0637],[-76.9978,-12.0608],[-76.9964,-12.0593],[-76.994,-12.0574],[-76.9922,-12.0569],[-76.9912,-12.0573],[-76.9884,-12.059],[-76.9824,-12.0602],[-76.9825,-12.0618],[-76.9819,-12.063],[-76.9785,-12.0607],[-76.9732,-12.0585],[-76.9659,-12.0554],[-76.9594,-12.0525],[-76.9575,-12.0518],[-76.9379,-12.0439],[-76.94,-12.0386],[-76.9429,-12.0324],[-76.9431,-12.0309],[-76.9425,-12.0307],[-76.9428,-12.0283],[-76.9438,-12.0275],[-76.9554,-12.0294],[-76.9558,-12.0296],[-76.9556,-12.0288],[-76.955,-12.0278],[-76.9541,-12.026],[-76.9532,-12.0239],[-76.948,-12.0239],[-76.947,-12.0232],[-76.9455,-12.0231],[-76.944,-12.0225],[-76.9421,-12.0223],[-76.9398,-12.0222],[-76.9392,-12.0222],[-76.9377,-12.0223],[-76.9374,-12.022],[-76.9359,-12.0222],[-76.9332,-12.0233],[-76.9321,-12.0231],[-76.928,-12.0232],[-76.9248,-12.0223],[-76.9212,-12.0221],[-76.9191,-12.0212],[-76.9174,-12.0211],[-76.9146,-12.0204],[-76.911,-12.0203],[-76.9088,-12.0204],[-76.9057,-12.0196],[-76.8989,-12.0159],[-76.8962,-12.0152],[-76.8938,-12.0139],[-76.8926,-12.0129],[-76.8914,-12.0129],[-76.8897,-12.0122],[-76.8885,-12.0122],[-76.8872,-12.0113],[-76.8847,-12.0108],[-76.882,-12.0094],[-76.8782,-12.0092],[-76.8759,-12.0078],[-76.8723,-12.0069],[-76.87,-12.0071],[-76.8674,-12.0066],[-76.8647,-12.0071],[-76.8602,-12.0064],[-76.8568,-12.0066],[-76.8558,-12.0056],[-76.8537,-12.0058],[-76.8518,-12.0046],[-76.8482,-12.0035],[-76.8469,-12.0035],[-76.8422,-12.0007],[-76.8407,-11.9995],[-76.8398,-11.9982],[-76.8395,-11.9953],[-76.8391,-11.9945],[-76.8379,-11.9935],[-76.8355,-11.9923],[-76.834,-11.9934],[-76.8302,-11.9954],[-76.8273,-11.9975],[-76.8251,-11.998],[-76.823,-11.9981],[-76.8219,-12.0],[-76.8212,-12.0007],[-76.8169,-12.0013],[-76.814,-12.0021],[-76.8107,-12.0007],[-76.8093,-11.9996],[-76.8055,-11.9978],[-76.8038,-11.9984],[-76.8029,-11.9993],[-76.8016,-12.0014],[-76.8012,-12.0028],[-76.8001,-12.0034],[-76.7982,-12.0024],[-76.7968,-12.0023],[-76.7954,-12.0027],[-76.7936,-12.0036],[-76.7899,-12.0042],[-76.7883,-12.0051],[-76.7859,-12.0077],[-76.7854,-12.0086],[-76.7855,-12.0107],[-76.785,-12.0127],[-76.7847,-12.0166],[-76.7841,-12.019],[-76.7839,-12.0231]]]}},{"type":"Feature","id":39,"properties":{"name":"Callao","province":"Lima","department":"Lima","type":"Distrito"},"geometry":{"type":"Polygon","coordinates":[[[-77.0935,-12.0381],[-77.0945,-12.0387],[-77.0973,-12.0393],[-77.0991,-12.04],[-77.0983,-12.0485],[-77.0815,-12.047],[-77.077,-12.0466],[-77.0771,-12.048],[-77.0784,-12.0501],[-77.0879,-12.0518],[-77.0898,-12.052],[-77.1014,-12.0541],[-77.1058,-12.055],[-77.1149,-12.0571],[-77.1208,-12.0582],[-77.1342,-12.0597],[-77.1331,-12.0676],[-77.1329,-12.0678],[-77.1326,-12.0705],[-77.1346,-12.0698],[-77.1422,-12.0681],[-77.1454,-12.0677],[-77.1466,-12.0679],[-77.1485,-12.0674],[-77.1496,-12.0679],[-77.1506,-12.0672],[-77.1515,-12.0671],[-77.153,-12.0676],[-77.1549,-12.0675],[-77.1563,-12.0679],[-77.1568,-12.0686],[-77.1584,-12.0666],[-77.1554,-12.0644],[-77.1544,-12.0633],[-77.1523,-12.0622],[-77.1507,-12.0606],[-77.1511,-12.0602],[-77.1505,-12.0589],[-77.1497,-12.0593],[-77.1486,-12.0586],[-77.1489,-12.0574],[-77.1505,-12.0562],[-77.1499,-12.0552],[-77.1481,-12.0531],[-77.1478,-12.0534],[-77.15,-12.0562],[-77.1487,-12.0574],[-77.1446,-12.0525],[-77.1443,-12.0507],[-77.146,-12.0505],[-77.1459,-12.0498],[-77.1443,-12.0498],[-77.1442,-12.049],[-77.1459,-12.0489],[-77.1458,-12.0481],[-77.1441,-12.0482],[-77.144,-12.0467],[-77.1464,-12.044],[-77.1451,-12.043],[-77.1417,-12.0468],[-77.1413,-12.0453],[-77.1408,-12.0424],[-77.1411,-12.0418],[-77.1403,-12.0412],[-77.1404,-12.0397],[-77.1412,-12.038],[-77.143,-12.0374],[-77.1467,-12.0393],[-77.148,-12.0378],[-77.1486,-12.0303],[-77.1482,-12.0276],[-77.1477,-12.0268],[-77.1465,-12.0259],[-77.1456,-12.0246],[-77.1447,-12.024],[-77.1428,-12.0216],[-77.1404,-12.0174],[-77.1397,-12.0142],[-77.1388,-12.0116],[-77.1376,-12.0074],[-77.137,-12.0058],[-77.1364,-12.0024],[-77.1365,-12.0016],[-77.1357,-11.9994],[-77.1352,-11.9927],[-77.1346,-11.9911],[-77.1343,-11.9888],[-77.1334,-11.9846],[-77.133,-11.9784],[-77.133,-11.9765],[-77.1333,-11.9708],[-77.133,-11.9696],[-77.1333,-11.9667],[-77.1338,-11.9648],[-77.1342,-11.9604],[-77.1346,-11.9581],[-77.1352,-11.9562],[-77.1351,-11.9548],[-77.1358,-11.951],[-77.139,-11.9393],[-77.1351,-11.939],[-77.1326,-11.9384],[-77.1304,-11.9368],[-77.1285,-11.9376],[-77.1285,-11.9393],[-77.1275,-11.9424],[-77.1265,-11.9437],[-77.124,-11.946],[-77.1229,-11.9483],[-77.1211,-11.9497],[-77.1207,-11.9506],[-77.1203,-11.9533],[-77.1194,-11.9545],[-77.1179,-11.9559],[-77.1177,-11.9575],[-77.1178,-11.9614],[-77.1184,-11.9711],[-77.1169,-11.9712],[-77.1157,-11.9707],[-77.1146,-11.9716],[-77.1113,-11.9732],[-77.1112,-11.9779],[-77.1129,-11.9799],[-77.1126,-11.9817],[-77.113,-11.9827],[-77.1145,-11.9846],[-77.1173,-11.9907],[-77.1184,-11.9916],[-77.1184,-11.9935],[-77.118,-11.9945],[-77.1162,-11.9957],[-77.1133,-11.9969],[-77.1126,-11.9968],[-77.1103,-11.9941],[-77.1095,-11.9949],[-77.107,-11.9994],[-77.1044,-12.0002],[-77.1036,-11.9984],[-77.1027,-11.9985],[-77.1025,-11.9996],[-77.1003,-12.0039],[-77.0982,-12.0045],[-77.0976,-12.0059],[-77.0966,-12.0056],[-77.0953,-12.0045],[-77.0939,-12.0079],[-77.0942,-12.0087],[-77.0935,-12.01],[-77.0916,-12.0095],[-77.0916,-12.0102],[-77.0907,-12.0119],[-77.0891,-12.0122],[-77.0876,-12.0145],[-77.0873,-12.0156],[-77.0879,-12.0162],[-77.0898,-12.0194],[-77.0914,-12.0227],[-77.0907,-12.0231],[-77.0926,-12.0268],[-77.094,-12.03],[-77.0944,-12.03],[-77.0962,-12.0337],[-77.095,-12.0343],[-77.0951,-12.0366],[-77.0935,-12.0363],[-77.0935,-12.0381]]]}},{"type":"Feature","id":41,"properties":{"name":"Los Olivos","province":"Lima","department":"Lima","type":"Distrito"},"geometry":{"type":"Polygon","coordinates":[[[-77.0601,-11.9766],[-77.0647,-11.9774],[-77.0656,-11.9782],[-77.0656,-11.9803],[-77.0621,-12.0025],[-77.0621,-12.0033],[-77.0613,-12.0084],[-77.0643,-12.0089],[-77.0705,-12.011],[-77.0723,-12.0114],[-77.0733,-12.0116],[-77.0749,-12.0119],[-77.078,-12.0124],[-77.0788,-12.0125],[-77.0799,-12.0127],[-77.0821,-12.0079],[-77.0848,-11.9963],[-77.0841,-11.9948],[-77.0822,-11.9914],[-77.0813,-11.9893],[-77.0788,-11.9848],[-77.0784,-11.9832],[-77.0859,-11.9825],[-77.0831,-11.9766],[-77.0858,-11.9758],[-77.0877,-11.9739],[-77.0853,-11.9711],[-77.0837,-11.9682],[-77.0835,-11.9647],[-77.084,-11.962],[-77.0852,-11.9537],[-77.0858,-11.9501],[-77.086,-11.9468],[-77.084,-11.9403],[-77.0837,-11.9389],[-77.0839,-11.9367],[-77.0828,-11.9357],[-77.082,-11.934],[-77.0812,-11.9317],[-77.0802,-11.9312],[-77.078,-11.9292],[-77.0772,-11.9275],[-77.077,-11.9238],[-77.0747,-11.9194],[-77.0736,-11.9177],[-77.071,-11.946],[-77.0699,-11.9532],[-77.0652,-11.9525],[-77.0645,-11.9564],[-77.0632,-11.9628],[-77.0601,-11.9766]]]}},{"type":"Feature","id":43,"properties":{"name":"Lurigancho-Chosica","province":"Lima","department":"Lima","type":"Distrito"},"geometry":{"type":"Polygon","coordinates":[[[-76.7152,-11.9922],[-76.716,-11.9903],[-76.7179,-11.9881],[-76.7193,-11.9869],[-76.7211,-11.9863],[-76.7219,-11.9854],[-76.7221,-11.9845],[-76.7219,-11.9798],[-76.7224,-11.9782],[-76.7224,-11.9756],[-76.7232,-11.973],[-76.7254,-11.969],[-76.7267,-11.9675],[-76.7292,-11.9636],[-76.7316,-11.9611],[-76.7328,-11.9609],[-76.7372,-11.9648],[-76.7413,-11.9669],[-76.7445,-11.9677],[-76.7499,-11.9679],[-76.752,-11.9682],[-76.7551,-11.9693],[-76.7586,-11.9713],[-76.7607,-11.9723],[-76.7676,-11.9732],[-76.7718,-11.974],[-76.7814,-11.9764],[-76.786,-11.9781],[-76.7932,-11.9796],[-76.7967,-11.9807],[-76.8005,-11.9811],[-76.8105,-11.9833],[-76.8142,-11.9833],[-76.8183,-11.9841],[-76.8233,-11.9857],[-76.8321,-11.9901],[-76.8355,-11.9923],[-76.8379,-11.9935],[-76.8391,-11.9945],[-76.8395,-11.9953],[-76.8398,-11.9982],[-76.8407,-11.9995],[-76.8422,-12.0007],[-76.8469,-12.0035],[-76.8482,-12.0035],[-76.8518,-12.0046],[-76.8537,-12.0058],[-76.8558,-12.0056],[-76.8568,-12.0066],[-76.8602,-12.0064],[-76.8647,-12.0071],[-76.8674,-12.0066],[-76.87,-12.0071],[-76.8723,-12.0069],[-76.8759,-12.0078],[-76.8782,-12.0092],[-76.882,-12.0094],[-76.8847,-12.0108],[-76.8872,-12.0113],[-76.8885,-12.0122],[-76.8897,-12.0122],[-76.8914,-12.0129],[-76.8926,-12.0129],[-76.8938,-12.0139],[-76.8962,-12.0152],[-76.8989,-12.0159],[-76.9057,-12.0196],[-76.9088,-12.0204],[-76.911,-12.0203],[-76.9146,-12.0204],[-76.9174,-12.0211],[-76.9191,-12.0212],[-76.9212,-12.0221],[-76.9248,-12.0223],[-76.928,-12.0232],[-76.9321,-12.0231],[-76.9332,-12.0233],[-76.9359,-12.0222],[-76.9374,-12.022],[-76.9402,-12.0214],[-76.9433,-12.0215],[-76.9477,-12.0209],[-76.9491,-12.0211],[-76.9515,-12.022],[-76.9536,-12.0219],[-76.9527,-12.0197],[-76.9527,-12.0186],[-76.954,-12.0139],[-76.9556,-12.0113],[-76.9613,-12.0065],[-76.9641,-12.0053],[-76.9664,-12.0048],[-76.9674,-12.0043],[-76.9689,-12.0026],[-76.9695,-12.0009],[-76.9712,-11.998],[-76.971,-11.9959],[-76.9705,-11.9954],[-76.9675,-11.9938],[-76.9664,-11.9927],[-76.9644,-11.9879],[-76.9623,-11.9841],[-76.9607,-11.9819],[-76.959,-11.9801],[-76.958,-11.9768],[-76.9581,-11.9759],[-76.9542,-11.9714],[-76.954,-11.9697],[-76.9526,-11.9677],[-76.951,-11.9639],[-76.9509,-11.9622],[-76.9509,-11.9584],[-76.9504,-11.956],[-76.9504,-11.9538],[-76.949,-11.9525],[-76.947,-11.9522],[-76.9441,-11.9531],[-76.9415,-11.9522],[-76.9394,-11.9506],[-76.9376,-11.9481],[-76.9364,-11.9472],[-76.934,-11.9464],[-76.9331,-11.9459],[-76.932,-11.9442],[-76.9313,-11.9422],[-76.9269,-11.9443],[-76.9249,-11.9465],[-76.9236,-11.9485],[-76.9228,-11.9508],[-76.9212,-11.9539],[-76.9212,-11.9566],[-76.921,-11.9579],[-76.9196,-11.9596],[-76.9183,-11.96],[-76.917,-11.9596],[-76.9136,-11.9557],[-76.9107,-11.9541],[-76.9097,-11.9542],[-76.9063,-11.9554],[-76.9032,-11.9556],[-76.902,-11.9561],[-76.9001,-11.9574],[-76.8989,-11.9577],[-76.8957,-11.9571],[-76.8929,-11.9571],[-76.8913,-11.9568],[-76.8882,-11.9552],[-76.886,-11.9526],[-76.8819,-11.9511],[-76.8751,-11.9485],[-76.8684,-11.945],[-76.8597,-11.9413],[-76.8572,-11.9395],[-76.8549,-11.9375],[-76.853,-11.9362],[-76.8506,-11.9351],[-76.8468,-11.9352],[-76.8455,-11.9358],[-76.8429,-11.9389],[-76.8398,-11.9414],[-76.8353,-11.9439],[-76.832,-11.9452],[-76.8293,-11.945],[-76.8275,-11.9436],[-76.8265,-11.9423],[-76.8259,-11.941],[-76.826,-11.9366],[-76.8253,-11.9343],[-76.8229,-11.932],[-76.8202,-11.929],[-76.8164,-11.9268],[-76.8146,-11.9268],[-76.8122,-11.928],[-76.8109,-11.9282],[-76.8076,-11.9277],[-76.801,-11.9285],[-76.798,-11.9294],[-76.7952,-11.929],[-76.7917,-11.9276],[-76.7897,-11.9254],[-76.7883,-11.9225],[-76.7849,-11.9192],[-76.7833,-11.9182],[-76.7802,-11.9158],[-76.7788,-11.9152],[-76.777,-11.9157],[-76.7754,-11.9146],[-76.7728,-11.9132],[-76.7707,-11.911],[-76.7682,-11.9091],[-76.7629,-11.9055],[-76.7608,-11.9047],[-76.7571,-11.9029],[-76.7548,-11.9003],[-76.7539,-11.8989],[-76.7521,-11.8978],[-76.7496,-11.8953],[-76.7482,-11.8946],[-76.747,-11.8944],[-76.7452,-11.8947],[-76.7417,-11.895],[-76.7389,-11.8933],[-76.7364,-11.8902],[-76.7351,-11.8883],[-76.7334,-11.8864],[-76.7309,-11.8814],[-76.7307,-11.8792],[-76.7297,-11.8777],[-76.7279,-11.8756],[-76.7268,-11.8781],[-76.7247,-11.8799],[-76.7232,-11.8818],[-76.7219,-11.883],[-76.7198,-11.8855],[-76.7192,-11.8866],[-76.7181,-11.8872],[-76.7158,-11.8875],[-76.7146,-11.8883],[-76.7131,-11.8897],[-76.7116,-11.8917],[-76.7108,-11.892],[-76.707,-11.8915],[-76.7055,-11.8916],[-76.7046,-11.8911],[-76.7035,-11.8914],[-76.7005,-11.8931],[-76.699,-11.8937],[-76.6968,-11.8952],[-76.6951,-11.8959],[-76.6938,-11.8967],[-76.6933,-11.9004],[-76.6926,-11.9022],[-76.691,-11.9036],[-76.6893,-11.9061],[-76.6883,-11.9072],[-76.6844,-11.9097],[-76.6826,-11.9104],[-76.682,-11.9109],[-76.6799,-11.9157],[-76.6772,-11.9168],[-76.6758,-11.9171],[-76.6753,-11.9179],[-76.6725,-11.9207],[-76.6694,-11.9212],[-76.6687,-11.9245],[-76.6696,-11.9277],[-76.6706,-11.9297],[-76.6705,-11.9302],[-76.6693,-11.932],[-76.6668,-11.9334],[-76.6646,-11.9353],[-76.6627,-11.9362],[-76.6591,-11.94],[-76.6575,-11.9414],[-76.654,-11.9449],[-76.6526,-11.9466],[-76.6485,-11.9503],[-76.6464,-11.9516],[-76.645,-11.9528],[-76.6444,-11.9552],[-76.6444,-11.9585],[-76.6452,-11.9599],[-76.6479,-11.9622],[-76.6482,-11.963],[-76.6481,-11.9648],[-76.6458,-11.9672],[-76.6456,-11.9679],[-76.6477,-11.9679],[-76.6524,-11.9706],[-76.6542,-11.9714],[-76.6546,-11.9719],[-76.6548,-11.974],[-76.6556,-11.975],[-76.6568,-11.9759],[-76.659,-11.9766],[-76.6603,-11.9788],[-76.6645,-11.9793],[-76.668,-11.9818],[-76.6714,-11.9805],[-76.6733,-11.9805],[-76.675,-11.9818],[-76.6782,-11.9856],[-76.6794,-11.9865],[-76.6808,-11.9884],[-76.6863,-11.9902],[-76.6871,-11.9893],[-76.6893,-11.9881],[-76.6902,-11.9869],[-76.6958,-11.9868],[-76.6969,-11.9866],[-76.6982,-11.9858],[-76.6996,-11.986],[-76.7027,-11.9888],[-76.7046,-11.9898],[-76.7078,-11.9917],[-76.7091,-11.9927],[-76.7131,-11.9931],[-76.7152,-11.9922]]]}},{"type":"Feature","id":44,"properties":{"name":"Comas","province":"Lima","department":"Lima","type":"Distrito"},"geometry":{"type":"Polygon","coordinates":[[[-76.9894,-11.8995],[-76.989,-11.9009],[-76.9892,-11.9041],[-76.9899,-11.9058],[-76.9915,-11.9081],[-76.9917,-11.9095],[-76.9908,-11.912],[-76.9894,-11.9144],[-76.9875,-11.9168],[-76.9874,-11.9175],[-76.9883,-11.9186],[-76.9895,-11.9188],[-76.9953,-11.9181],[-76.9975,-11.9185],[-76.9982,-11.9191],[-76.9993,-11.921],[-76.9996,-11.9235],[-77.0006,-11.9249],[-77.0022,-11.9253],[-77.005,-11.9281],[-77.0067,-11.9304],[-77.0078,-11.9314],[-77.0138,-11.9353],[-77.0153,-11.9366],[-77.016,-11.9367],[-77.0181,-11.9357],[-77.0203,-11.9361],[-77.0201,-11.9369],[-77.017,-11.9386],[-77.0162,-11.9398],[-77.0161,-11.9419],[-77.0172,-11.9464],[-77.0176,-11.9496],[-77.0191,-11.9519],[-77.0233,-11.9545],[-77.0259,-11.9569],[-77.027,-11.9583],[-77.0283,-11.9607],[-77.0301,-11.9616],[-77.0323,-11.9616],[-77.0338,-11.9619],[-77.037,-11.9642],[-77.04,-11.9658],[-77.0412,-11.9659],[-77.0455,-11.9656],[-77.0476,-11.9661],[-77.0506,-11.9684],[-77.0524,-11.971],[-77.0534,-11.9729],[-77.0551,-11.9735],[-77.057,-11.9753],[-77.0575,-11.9747],[-77.0581,-11.9768],[-77.0599,-11.9773],[-77.0601,-11.9766],[-77.0632,-11.9628],[-77.0645,-11.9564],[-77.0652,-11.9525],[-77.0699,-11.9532],[-77.071,-11.946],[-77.0736,-11.9177],[-77.0729,-11.9173],[-77.072,-11.9139],[-77.0694,-11.9083],[-77.0682,-11.9085],[-77.0673,-11.908],[-77.0666,-11.907],[-77.0655,-11.9044],[-77.0656,-11.9034],[-77.0635,-11.9],[-77.0623,-11.8993],[-77.061,-11.8975],[-77.0601,-11.8972],[-77.0599,-11.8963],[-77.0588,-11.895],[-77.058,-11.8947],[-77.0553,-11.8915],[-77.0539,-11.8896],[-77.053,-11.8883],[-77.052,-11.888],[-77.0503,-11.8886],[-77.0496,-11.8894],[-77.0467,-11.8937],[-77.0482,-11.8964],[-77.0452,-11.8981],[-77.0444,-11.8971],[-77.0435,-11.8974],[-77.0429,-11.8954],[-77.0421,-11.8945],[-77.0407,-11.8954],[-77.0384,-11.8997],[-77.0333,-11.9074],[-77.0355,-11.9094],[-77.032,-11.9105],[-77.0286,-11.9104],[-77.0261,-11.9097],[-77.0244,-11.9088],[-77.0229,-11.9074],[-77.0199,-11.9054],[-77.0188,-11.905],[-77.0158,-11.9044],[-77.0139,-11.9032],[-77.0119,-11.9032],[-77.009,-11.9039],[-77.0055,-11.9036],[-77.0047,-11.9031],[-77.0028,-11.9012],[-77.0014,-11.9007],[-77.0001,-11.8996],[-76.9961,-11.8997],[-76.9937,-11.9001],[-76.9924,-11.9006],[-76.9905,-11.9001],[-76.9894,-11.8995]]]}},{"type":"Feature","id":45,"properties":{"name":"Ventanilla","province":"Lima","department":"Lima","type":"Distrito"},"geometry":{"type":"Polygon","coordinates":[[[-77.1259,-11.8208],[-77.1249,-11.8227],[-77.1196,-11.8286],[-77.1164,-11.8312],[-77.1174,-11.8324],[-77.1163,-11.8338],[-77.1148,-11.8348],[-77.1159,-11.8389],[-77.1159,-11.8395],[-77.1145,-11.8411],[-77.1151,-11.8417],[-77.1175,-11.8441],[-77.1188,-11.8457],[-77.1198,-11.848],[-77.1205,-11.8486],[-77.1231,-11.8496],[-77.125,-11.8495],[-77.127,-11.8501],[-77.1288,-11.8517],[-77.1297,-11.8532],[-77.1304,-11.8596],[-77.1301,-11.8606],[-77.1292,-11.8617],[-77.1234,-11.8592],[-77.1238,-11.8606],[-77.1238,-11.8629],[-77.1232,-11.8629],[-77.1228,-11.8654],[-77.121,-11.8651],[-77.1208,-11.8642],[-77.1199,-11.8628],[-77.1173,-11.8614],[-77.1165,-11.8598],[-77.1146,-11.8586],[-77.1144,-11.8577],[-77.1128,-11.8565],[-77.1124,-11.8555],[-77.1108,-11.8537],[-77.1094,-11.8536],[-77.1065,-11.856],[-77.1067,-11.8583],[-77.1059,-11.8594],[-77.1055,-11.8611],[-77.1059,-11.8634],[-77.1067,-11.8643],[-77.1072,-11.8664],[-77.1059,-11.8681],[-77.1043,-11.8695],[-77.1009,-11.8699],[-77.1,-11.8696],[-77.0989,-11.8697],[-77.0971,-11.8707],[-77.0955,-11.8735],[-77.0953,-11.875],[-77.0946,-11.8749],[-77.0941,-11.8792],[-77.0935,-11.8797],[-77.0925,-11.8835],[-77.0927,-11.884],[-77.0923,-11.8855],[-77.0923,-11.8887],[-77.0933,-11.8906],[-77.0932,-11.8916],[-77.0917,-11.8936],[-77.0909,-11.8944],[-77.0913,-11.8959],[-77.0906,-11.8962],[-77.0893,-11.8991],[-77.09,-11.9002],[-77.0905,-11.902],[-77.092,-11.9038],[-77.0924,-11.9063],[-77.0933,-11.9085],[-77.0931,-11.9099],[-77.0945,-11.9114],[-77.0957,-11.9154],[-77.0976,-11.9163],[-77.0969,-11.9186],[-77.0968,-11.9197],[-77.0972,-11.9207],[-77.0974,-11.9227],[-77.0973,-11.9243],[-77.0986,-11.925],[-77.0999,-11.9261],[-77.1009,-11.9263],[-77.1014,-11.9272],[-77.1025,-11.9278],[-77.1026,-11.9318],[-77.1034,-11.9327],[-77.1032,-11.9342],[-77.1041,-11.9356],[-77.1027,-11.9366],[-77.1021,-11.938],[-77.0996,-11.9388],[-77.0992,-11.9399],[-77.0982,-11.9407],[-77.0977,-11.944],[-77.0953,-11.9452],[-77.0959,-11.9466],[-77.0962,-11.949],[-77.0952,-11.9497],[-77.0968,-11.95],[-77.1016,-11.9496],[-77.1063,-11.9489],[-77.1081,-11.9484],[-77.1114,-11.9469],[-77.1136,-11.9462],[-77.1158,-11.9462],[-77.1172,-11.9454],[-77.1185,-11.9453],[-77.1191,-11.9448],[-77.1207,-11.9451],[-77.1209,-11.9444],[-77.1221,-11.9435],[-77.1228,-11.9434],[-77.1244,-11.9409],[-77.1246,-11.9395],[-77.1269,-11.9391],[-77.1285,-11.9376],[-77.1304,-11.9368],[-77.1326,-11.9384],[-77.1351,-11.939],[-77.139,-11.9393],[-77.1398,-11.9345],[-77.1394,-11.9341],[-77.1396,-11.9321],[-77.1415,-11.9229],[-77.1427,-11.9206],[-77.1429,-11.919],[-77.1437,-11.9169],[-77.1452,-11.9121],[-77.1447,-11.911],[-77.1451,-11.91],[-77.1469,-11.9095],[-77.1463,-11.908],[-77.1466,-11.9077],[-77.1461,-11.9052],[-77.1465,-11.9034],[-77.1485,-11.8986],[-77.1492,-11.8978],[-77.1493,-11.8968],[-77.1508,-11.8945],[-77.1515,-11.8928],[-77.1531,-11.887],[-77.154,-11.8834],[-77.1544,-11.8829],[-77.1552,-11.8793],[-77.156,-11.878],[-77.1562,-11.8764],[-77.1575,-11.8736],[-77.1578,-11.8719],[-77.159,-11.8698],[-77.1592,-11.8688],[-77.1612,-11.8652],[-77.1618,-11.8635],[-77.1634,-11.8603],[-77.1644,-11.8592],[-77.1652,-11.8574],[-77.1664,-11.8559],[-77.1674,-11.8535],[-77.1682,-11.8528],[-77.1695,-11.8507],[-77.1716,-11.848],[-77.1737,-11.845],[-77.1748,-11.8445],[-77.1761,-11.8449],[-77.1768,-11.8442],[-77.1803,-11.8453],[-77.1813,-11.8454],[-77.1823,-11.8442],[-77.1838,-11.8445],[-77.1844,-11.843],[-77.1834,-11.8432],[-77.1831,-11.8422],[-77.182,-11.8415],[-77.1823,-11.84],[-77.1831,-11.8403],[-77.186,-11.8402],[-77.1868,-11.8391],[-77.1861,-11.8378],[-77.1846,-11.8371],[-77.1846,-11.8358],[-77.1858,-11.834],[-77.1862,-11.8319],[-77.1872,-11.8309],[-77.1862,-11.8298],[-77.1864,-11.8283],[-77.188,-11.8286],[-77.187,-11.8268],[-77.1859,-11.8258],[-77.1849,-11.8256],[-77.1837,-11.8269],[-77.1834,-11.8278],[-77.1824,-11.8281],[-77.1798,-11.8276],[-77.1769,-11.8285],[-77.1768,-11.8263],[-77.1743,-11.8255],[-77.173,-11.8263],[-77.17,-11.8268],[-77.1683,-11.8257],[-77.1657,-11.8265],[-77.1648,-11.8271],[-77.163,-11.8263],[-77.1629,-11.8252],[-77.1613,-11.8248],[-77.1568,-11.8258],[-77.156,-11.8229],[-77.1552,-11.8222],[-77.1538,-11.8218],[-77.1524,-11.8209],[-77.1506,-11.8213],[-77.1499,-11.8218],[-77.1485,-11.8209],[-77.1485,-11.8202],[-77.1475,-11.8191],[-77.1459,-11.8193],[-77.1449,-11.8199],[-77.144,-11.821],[-77.1419,-11.8207],[-77.1403,-11.8199],[-77.1395,-11.8182],[-77.1352,-11.8178],[-77.1334,-11.8182],[-77.1326,-11.8193],[-77.1319,-11.818],[-77.128,-11.8192],[-77.1268,-11.8185],[-77.1259,-11.8208]]]}},{"type":"Feature","id":47,"properties":{"name":"Santa Rosa","province":"Lima","department":"Lima","type":"Distrito"},"geometry":{"type":"Polygon","coordinates":[[[-77.1475,-11.8191],[-77.1485,-11.8202],[-77.1485,-11.8209],[-77.1499,-11.8218],[-77.1506,-11.8213],[-77.1524,-11.8209],[-77.1538,-11.8218],[-77.1552,-11.8222],[-77.156,-11.8229],[-77.1568,-11.8258],[-77.1613,-11.8248],[-77.1629,-11.8252],[-77.163,-11.8263],[-77.1648,-11.8271],[-77.1657,-11.8265],[-77.1683,-11.8257],[-77.17,-11.8268],[-77.173,-11.8263],[-77.1743,-11.8255],[-77.1768,-11.8263],[-77.1769,-11.8285],[-77.1798,-11.8276],[-77.1824,-11.8281],[-77.1834,-11.8278],[-77.1837,-11.8269],[-77.1849,-11.8256],[-77.1859,-11.8258],[-77.187,-11.8268],[-77.188,-11.8286],[-77.1882,-11.8281],[-77.1878,-11.8262],[-77.1872,-11.8252],[-77.1864,-11.8249],[-77.1858,-11.824],[-77.1846,-11.8245],[-77.1842,-11.8238],[-77.1828,-11.8242],[-77.1824,-11.8228],[-77.1797,-11.8227],[-77.1797,-11.8221],[-77.1813,-11.8213],[-77.1832,-11.8201],[-77.1826,-11.8195],[-77.1823,-11.8184],[-77.1812,-11.8182],[-77.1803,-11.8171],[-77.1779,-11.8174],[-77.1774,-11.8162],[-77.1766,-11.8156],[-77.1766,-11.8145],[-77.1776,-11.8114],[-77.1778,-11.8096],[-77.179,-11.8094],[-77.178,-11.8084],[-77.1781,-11.8077],[-77.1799,-11.8075],[-77.1788,-11.805],[-77.1792,-11.8039],[-77.1781,-11.8022],[-77.1799,-11.7999],[-77.1818,-11.7999],[-77.1824,-11.7988],[-77.1818,-11.7973],[-77.181,-11.7966],[-77.1825,-11.7929],[-77.1839,-11.791],[-77.186,-11.7885],[-77.1871,-11.7884],[-77.1874,-11.7876],[-77.1886,-11.7866],[-77.1886,-11.7861],[-77.1898,-11.785],[-77.1903,-11.7836],[-77.1925,-11.7834],[-77.1945,-11.7842],[-77.1967,-11.7843],[-77.1982,-11.7836],[-77.1979,-11.7821],[-77.1969,-11.7822],[-77.1961,-11.7817],[-77.1954,-11.7805],[-77.1955,-11.7796],[-77.1872,-11.7798],[-77.1574,-11.782],[-77.1347,-11.8043],[-77.1352,-11.8054],[-77.1475,-11.8191]]]}},{"type":"Feature","id":48,"properties":{"name":"Puente Piedra","province":"Lima","department":"Lima","type":"Distrito"},"geometry":{"type":"Polygon","coordinates":[[[-77.0539,-11.8896],[-77.0553,-11.8915],[-77.058,-11.8947],[-77.0588,-11.895],[-77.0599,-11.8963],[-77.0601,-11.8972],[-77.061,-11.8975],[-77.0623,-11.8993],[-77.0635,-11.9],[-77.0656,-11.9034],[-77.0655,-11.9044],[-77.0666,-11.907],[-77.0673,-11.908],[-77.0682,-11.9085],[-77.0694,-11.9083],[-77.072,-11.9139],[-77.0729,-11.9173],[-77.0736,-11.9177],[-77.0747,-11.9194],[-77.077,-11.9238],[-77.0772,-11.9275],[-77.078,-11.9292],[-77.0802,-11.9312],[-77.0812,-11.9317],[-77.082,-11.934],[-77.0828,-11.9357],[-77.0839,-11.9367],[-77.085,-11.9379],[-77.0874,-11.9414],[-77.0908,-11.9444],[-77.0921,-11.9448],[-77.0942,-11.9465],[-77.0944,-11.9485],[-77.0952,-11.9497],[-77.0962,-11.949],[-77.0959,-11.9466],[-77.0953,-11.9452],[-77.0977,-11.944],[-77.0982,-11.9407],[-77.0992,-11.9399],[-77.0996,-11.9388],[-77.1021,-11.938],[-77.1027,-11.9366],[-77.1041,-11.9356],[-77.1032,-11.9342],[-77.1034,-11.9327],[-77.1026,-11.9318],[-77.1025,-11.9278],[-77.1014,-11.9272],[-77.1009,-11.9263],[-77.0999,-11.9261],[-77.0986,-11.925],[-77.0973,-11.9243],[-77.0974,-11.9227],[-77.0972,-11.9207],[-77.0968,-11.9197],[-77.0969,-11.9186],[-77.0976,-11.9163],[-77.0957,-11.9154],[-77.0945,-11.9114],[-77.0931,-11.9099],[-77.0933,-11.9085],[-77.0924,-11.9063],[-77.092,-11.9038],[-77.0905,-11.902],[-77.09,-11.9002],[-77.0893,-11.8991],[-77.0906,-11.8962],[-77.0913,-11.8959],[-77.0909,-11.8944],[-77.0917,-11.8936],[-77.0932,-11.8916],[-77.0933,-11.8906],[-77.0923,-11.8887],[-77.0923,-11.8855],[-77.0927,-11.884],[-77.0925,-11.8835],[-77.0935,-11.8797],[-77.0941,-11.8792],[-77.0946,-11.8749],[-77.0953,-11.875],[-77.0955,-11.8735],[-77.0971,-11.8707],[-77.0989,-11.8697],[-77.1,-11.8696],[-77.1009,-11.8699],[-77.1043,-11.8695],[-77.1059,-11.8681],[-77.1072,-11.8664],[-77.1067,-11.8643],[-77.1059,-11.8634],[-77.1055,-11.8611],[-77.1059,-11.8594],[-77.1067,-11.8583],[-77.1065,-11.856],[-77.1094,-11.8536],[-77.1108,-11.8537],[-77.1112,-11.8525],[-77.1113,-11.8509],[-77.1126,-11.8503],[-77.1139,-11.8513],[-77.1148,-11.85],[-77.1162,-11.8486],[-77.1153,-11.8472],[-77.1141,-11.8482],[-77.113,-11.8476],[-77.1135,-11.846],[-77.1133,-11.843],[-77.1151,-11.8417],[-77.1145,-11.8411],[-77.1159,-11.8395],[-77.1159,-11.8389],[-77.1148,-11.8348],[-77.1163,-11.8338],[-77.1174,-11.8324],[-77.1164,-11.8312],[-77.1196,-11.8286],[-77.1249,-11.8227],[-77.1259,-11.8208],[-77.1251,-11.8199],[-77.1239,-11.8201],[-77.121,-11.8227],[-77.118,-11.8246],[-77.116,-11.8247],[-77.1142,-11.8244],[-77.1119,-11.8226],[-77.1106,-11.8206],[-77.1093,-11.8178],[-77.1094,-11.8155],[-77.108,-11.8133],[-77.1066,-11.8124],[-77.1039,-11.8119],[-77.1029,-11.8115],[-77.1015,-11.8102],[-77.0985,-11.8066],[-77.097,-11.8052],[-77.0958,-11.8045],[-77.0929,-11.8037],[-77.0931,-11.8069],[-77.0929,-11.8084],[-77.092,-11.8103],[-77.0901,-11.8131],[-77.0896,-11.815],[-77.0896,-11.8171],[-77.0908,-11.8197],[-77.0909,-11.8219],[-77.0905,-11.8266],[-77.0894,-11.8304],[-77.088,-11.8329],[-77.086,-11.8351],[-77.0836,-11.8373],[-77.0787,-11.8414],[-77.0761,-11.8455],[-77.0728,-11.8477],[-77.0666,-11.851],[-77.0632,-11.854],[-77.0608,-11.8567],[-77.0594,-11.8592],[-77.0586,-11.8623],[-77.0585,-11.8639],[-77.0591,-11.869],[-77.0587,-11.8711],[-77.0581,-11.8722],[-77.0552,-11.8744],[-77.0545,-11.8755],[-77.0546,-11.8769],[-77.0571,-11.88],[-77.0575,-11.8818],[-77.0569,-11.8838],[-77.0548,-11.8868],[-77.0539,-11.8896]]]}},{"type":"Feature","id":14,"properties":{"name":"Carmen De La Legua Reynoso","province":"Lima","department":"Lima","type":"Distrito"},"geometry":{"type":"Polygon","coordinates":[[[-77.0815,-12.047],[-77.0983,-12.0485],[-77.0991,-12.04],[-77.0973,-12.0393],[-77.0945,-12.0387],[-77.0935,-12.0381],[-77.0852,-12.0369],[-77.0829,-12.0364],[-77.0826,-12.0392],[-77.0832,-12.0392],[-77.0826,-12.045],[-77.0817,-12.045],[-77.0815,-12.047]]]}},{"type":"Feature","id":18,"properties":{"name":"Cieneguilla","province":"Lima","department":"Lima","type":"Distrito"},"geometry":{"type":"Polygon","coordinates":[[[-76.7202,-12.0001],[-76.7199,-12.0032],[-76.7216,-12.0057],[-76.7216,-12.0085],[-76.7219,-12.0096],[-76.7235,-12.0117],[-76.724,-12.0148],[-76.7232,-12.0166],[-76.7232,-12.0189],[-76.7237,-12.0209],[-76.7233,-12.0237],[-76.7221,-12.0287],[-76.7218,-12.0313],[-76.7229,-12.0337],[-76.724,-12.0354],[-76.7239,-12.0363],[-76.7214,-12.0395],[-76.7192,-12.0416],[-76.7179,-12.0403],[-76.7172,-12.0391],[-76.7157,-12.0381],[-76.7133,-12.0387],[-76.7116,-12.0397],[-76.7101,-12.0399],[-76.7083,-12.0394],[-76.7052,-12.0376],[-76.7044,-12.0363],[-76.7043,-12.034],[-76.7035,-12.0335],[-76.7013,-12.0331],[-76.7003,-12.0343],[-76.6977,-12.0354],[-76.6951,-12.0371],[-76.6921,-12.0406],[-76.6904,-12.0422],[-76.689,-12.0444],[-76.6872,-12.0453],[-76.6837,-12.048],[-76.6827,-12.0489],[-76.681,-12.0497],[-76.6781,-12.053],[-76.6771,-12.0552],[-76.6746,-12.0621],[-76.6742,-12.0644],[-76.6742,-12.0663],[-76.6747,-12.0689],[-76.6744,-12.0705],[-76.6736,-12.072],[-76.6735,-12.0735],[-76.6745,-12.0745],[-76.6763,-12.0771],[-76.6786,-12.0794],[-76.6791,-12.0806],[-76.681,-12.0835],[-76.6828,-12.0845],[-76.6842,-12.0859],[-76.6845,-12.0878],[-76.6851,-12.0884],[-76.6861,-12.0884],[-76.6885,-12.0872],[-76.6932,-12.0882],[-76.6966,-12.0884],[-76.6992,-12.0872],[-76.7005,-12.0862],[-76.7032,-12.0863],[-76.7048,-12.0861],[-76.7052,-12.0864],[-76.706,-12.089],[-76.7083,-12.0907],[-76.7099,-12.0924],[-76.7112,-12.0936],[-76.7138,-12.0951],[-76.716,-12.0977],[-76.7168,-12.0998],[-76.7158,-12.1018],[-76.7147,-12.1035],[-76.714,-12.1071],[-76.7136,-12.108],[-76.7118,-12.1104],[-76.7101,-12.1132],[-76.7108,-12.1151],[-76.7145,-12.1162],[-76.7171,-12.1177],[-76.7176,-12.1186],[-76.7176,-12.1204],[-76.7183,-12.121],[-76.7208,-12.1223],[-76.7219,-12.1232],[-76.724,-12.1234],[-76.725,-12.1239],[-76.7278,-12.124],[-76.7304,-12.1247],[-76.7315,-12.1258],[-76.7327,-12.1276],[-76.7344,-12.1291],[-76.7366,-12.1295],[-76.7378,-12.1304],[-76.7397,-12.131],[-76.7414,-12.1319],[-76.7429,-12.1321],[-76.7462,-12.1332],[-76.747,-12.1339],[-76.7507,-12.1358],[-76.7523,-12.1358],[-76.7552,-12.1362],[-76.7579,-12.1361],[-76.7607,-12.1362],[-76.7626,-12.1359],[-76.7637,-12.1354],[-76.7653,-12.136],[-76.767,-12.1356],[-76.768,-12.135],[-76.77,-12.1349],[-76.7731,-12.1361],[-76.7744,-12.1363],[-76.7777,-12.1378],[-76.7805,-12.1381],[-76.7838,-12.139],[-76.7886,-12.1411],[-76.7896,-12.141],[-76.7916,-12.1423],[-76.7936,-12.1422],[-76.7948,-12.1426],[-76.7977,-12.1427],[-76.8003,-12.1435],[-76.801,-12.1423],[-76.8036,-12.1415],[-76.8059,-12.1418],[-76.81,-12.1411],[-76.812,-12.1416],[-76.8151,-12.1418],[-76.8198,-12.1434],[-76.824,-12.1446],[-76.8276,-12.1447],[-76.8317,-12.1458],[-76.8342,-12.1436],[-76.835,-12.1417],[-76.8357,-12.1409],[-76.8376,-12.1413],[-76.8398,-12.14],[-76.8408,-12.1385],[-76.8433,-12.1384],[-76.8444,-12.1377],[-76.8446,-12.1362],[-76.8463,-12.1333],[-76.8459,-12.1309],[-76.8466,-12.1291],[-76.8466,-12.1241],[-76.8472,-12.1233],[-76.8491,-12.1212],[-76.8503,-12.1203],[-76.8502,-12.1189],[-76.8484,-12.1164],[-76.848,-12.1155],[-76.8471,-12.1148],[-76.8472,-12.112],[-76.8503,-12.111],[-76.8523,-12.1112],[-76.8546,-12.1108],[-76.8556,-12.1102],[-76.8565,-12.1088],[-76.8572,-12.1083],[-76.8588,-12.1081],[-76.8583,-12.1073],[-76.8562,-12.1052],[-76.8575,-12.1036],[-76.8577,-12.1019],[-76.8604,-12.1014],[-76.862,-12.1021],[-76.8646,-12.1024],[-76.8639,-12.1013],[-76.8644,-12.1005],[-76.8655,-12.1001],[-76.8642,-12.0985],[-76.8636,-12.0943],[-76.8677,-12.0936],[-76.869,-12.0929],[-76.869,-12.091],[-76.8697,-12.0908],[-76.8713,-12.0885],[-76.8714,-12.0871],[-76.8738,-12.0867],[-76.8741,-12.0852],[-76.8729,-12.0848],[-76.8739,-12.0838],[-76.8759,-12.0827],[-76.8769,-12.0803],[-76.8763,-12.08],[-76.8752,-12.0782],[-76.8758,-12.0781],[-76.876,-12.0769],[-76.8768,-12.0765],[-76.8754,-12.0739],[-76.8771,-12.0729],[-76.8774,-12.0719],[-76.8769,-12.0712],[-76.8756,-12.0706],[-76.8736,-12.0689],[-76.872,-12.0679],[-76.8709,-12.0668],[-76.8691,-12.0655],[-76.8693,-12.0651],[-76.8714,-12.0649],[-76.8735,-12.0639],[-76.8764,-12.0637],[-76.8783,-12.0632],[-76.881,-12.0637],[-76.8838,-12.0611],[-76.8862,-12.0608],[-76.8867,-12.0605],[-76.8696,-12.0473],[-76.8529,-12.0376],[-76.8455,-12.0384],[-76.8328,-12.0395],[-76.8271,-12.0401],[-76.8185,-12.0413],[-76.8134,-12.0416],[-76.8105,-12.0405],[-76.8047,-12.0364],[-76.7991,-12.0327],[-76.7839,-12.0231],[-76.7807,-12.0219],[-76.7764,-12.0217],[-76.7742,-12.0207],[-76.7709,-12.0205],[-76.7674,-12.0194],[-76.766,-12.0195],[-76.7645,-12.0204],[-76.7627,-12.0186],[-76.7599,-12.0187],[-76.7576,-12.0176],[-76.7546,-12.0173],[-76.7526,-12.0156],[-76.751,-12.0138],[-76.75,-12.0113],[-76.7492,-12.0081],[-76.7474,-12.0061],[-76.7435,-12.0036],[-76.7394,-12.0029],[-76.7379,-12.0022],[-76.7368,-12.0011],[-76.7347,-12.0003],[-76.7333,-12.0004],[-76.7292,-11.9995],[-76.726,-11.9999],[-76.722,-11.9998],[-76.7202,-12.0001]]]}},{"type":"Feature","id":19,"properties":{"name":"Pucusana","province":"Lima","department":"Lima","type":"Distrito"},"geometry":{"type":"Polygon","coordinates":[[[-76.7531,-12.4281],[-76.7529,-12.4319],[-76.7542,-12.4346],[-76.7566,-12.4429],[-76.7565,-12.4454],[-76.7543,-12.453],[-76.7516,-12.4627],[-76.7524,-12.4655],[-76.7542,-12.4702],[-76.7553,-12.4735],[-76.756,-12.4748],[-76.757,-12.4757],[-76.7595,-12.477],[-76.7702,-12.4813],[-76.7682,-12.4826],[-76.7691,-12.485],[-76.7701,-12.4892],[-76.7699,-12.4918],[-76.7713,-12.4923],[-76.7731,-12.4949],[-76.7745,-12.4964],[-76.7766,-12.4971],[-76.7795,-12.4973],[-76.7825,-12.4989],[-76.7858,-12.5002],[-76.7877,-12.5014],[-76.7891,-12.5017],[-76.7905,-12.5031],[-76.7912,-12.5046],[-76.7912,-12.5054],[-76.7828,-12.5195],[-76.7847,-12.5189],[-76.7866,-12.5178],[-76.7862,-12.5171],[-76.7876,-12.5163],[-76.7879,-12.5157],[-76.7892,-12.5156],[-76.792,-12.5143],[-76.7931,-12.5129],[-76.7949,-12.5121],[-76.7971,-12.5106],[-76.7978,-12.5109],[-76.7986,-12.51],[-76.7994,-12.5083],[-76.8022,-12.5095],[-76.8033,-12.5093],[-76.8037,-12.508],[-76.803,-12.5069],[-76.8026,-12.5047],[-76.8011,-12.5038],[-76.8006,-12.5024],[-76.7992,-12.5021],[-76.7991,-12.5003],[-76.8003,-12.4984],[-76.8011,-12.498],[-76.8024,-12.498],[-76.8029,-12.4969],[-76.805,-12.4967],[-76.8055,-12.4957],[-76.8053,-12.4942],[-76.8038,-12.4944],[-76.803,-12.4953],[-76.8011,-12.4954],[-76.8,-12.4944],[-76.7997,-12.4926],[-76.7989,-12.4916],[-76.799,-12.4906],[-76.7981,-12.4896],[-76.7995,-12.4883],[-76.7988,-12.4867],[-76.7991,-12.4857],[-76.8006,-12.4847],[-76.8013,-12.483],[-76.8022,-12.4827],[-76.8022,-12.4816],[-76.8031,-12.4802],[-76.802,-12.4792],[-76.8008,-12.4789],[-76.8007,-12.4801],[-76.7981,-12.4807],[-76.7967,-12.479],[-76.7951,-12.4795],[-76.793,-12.479],[-76.7915,-12.4782],[-76.7907,-12.4769],[-76.7912,-12.4756],[-76.7922,-12.4748],[-76.7923,-12.4736],[-76.7915,-12.4729],[-76.7907,-12.4715],[-76.7895,-12.4712],[-76.7893,-12.4693],[-76.7912,-12.4681],[-76.7905,-12.4659],[-76.7908,-12.4646],[-76.7894,-12.4644],[-76.7883,-12.4632],[-76.7884,-12.4598],[-76.7888,-12.4587],[-76.788,-12.4574],[-76.7883,-12.4563],[-76.7864,-12.4556],[-76.7847,-12.4563],[-76.7836,-12.4554],[-76.783,-12.4531],[-76.7839,-12.4511],[-76.785,-12.4445],[-76.7845,-12.4427],[-76.7834,-12.4441],[-76.7824,-12.4438],[-76.7822,-12.4449],[-76.7796,-12.4432],[-76.7794,-12.4421],[-76.7781,-12.4414],[-76.7774,-12.4425],[-76.7752,-12.4392],[-76.7749,-12.438],[-76.7752,-12.4352],[-76.7756,-12.4334],[-76.7767,-12.4309],[-76.778,-12.4291],[-76.7787,-12.4262],[-76.7784,-12.423],[-76.779,-12.4209],[-76.7795,-12.4208],[-76.7803,-12.4189],[-76.7811,-12.4178],[-76.7801,-12.4175],[-76.779,-12.4183],[-76.7787,-12.4197],[-76.7773,-12.4226],[-76.7767,-12.4247],[-76.7757,-12.4258],[-76.7746,-12.4266],[-76.7738,-12.4265],[-76.7727,-12.4253],[-76.7722,-12.4226],[-76.7711,-12.4209],[-76.7701,-12.4206],[-76.7675,-12.4206],[-76.7652,-12.4197],[-76.764,-12.4189],[-76.7629,-12.4188],[-76.7621,-12.4193],[-76.7617,-12.4207],[-76.7615,-12.4223],[-76.76,-12.4236],[-76.7572,-12.4244],[-76.7552,-12.4279],[-76.7535,-12.4289],[-76.7531,-12.4281]]]}},{"type":"Feature","id":1,"properties":{"name":"Lince","province":"Lima","department":"Lima","type":"Distrito"},"geometry":{"type":"Polygon","coordinates":[[[-77.0281,-12.0787],[-77.0247,-12.0871],[-77.0228,-12.0908],[-77.0302,-12.0919],[-77.0299,-12.0912],[-77.0335,-12.0907],[-77.0337,-12.0892],[-77.0432,-12.0905],[-77.0431,-12.0912],[-77.0465,-12.0917],[-77.0476,-12.0916],[-77.0486,-12.085],[-77.0464,-12.083],[-77.0437,-12.0832],[-77.042,-12.0829],[-77.0418,-12.0806],[-77.0363,-12.0799],[-77.0281,-12.0787]]]}},{"type":"Feature","id":35,"properties":{"name":"Rímac","province":"Lima","department":"Lima","type":"Distrito"},"geometry":{"type":"Polygon","coordinates":[[[-77.0126,-12.0373],[-77.0132,-12.0398],[-77.0149,-12.0427],[-77.0165,-12.0439],[-77.0189,-12.0444],[-77.0221,-12.0438],[-77.0273,-12.0436],[-77.0308,-12.0428],[-77.0362,-12.0406],[-77.0397,-12.039],[-77.0434,-12.0388],[-77.0444,-12.0284],[-77.0501,-12.0231],[-77.0505,-12.0227],[-77.053,-12.0111],[-77.0503,-12.0105],[-77.0497,-12.0108],[-77.0487,-12.0134],[-77.0487,-12.0149],[-77.0477,-12.0162],[-77.0474,-12.0172],[-77.046,-12.0167],[-77.0449,-12.0117],[-77.0439,-12.0101],[-77.0368,-12.0035],[-77.0324,-12.0002],[-77.0312,-11.9981],[-77.0307,-11.9964],[-77.0292,-11.9978],[-77.0282,-12.0035],[-77.0256,-12.0061],[-77.0254,-12.0082],[-77.0233,-12.0102],[-77.0228,-12.0118],[-77.0208,-12.0146],[-77.02,-12.017],[-77.0196,-12.0195],[-77.0196,-12.0211],[-77.0205,-12.0233],[-77.0222,-12.0256],[-77.022,-12.0282],[-77.0213,-12.0294],[-77.0189,-12.0323],[-77.0165,-12.036],[-77.0147,-12.0369],[-77.0126,-12.0373]]]}},{"type":"Feature","id":40,"properties":{"name":"Chaclacayo","province":"Lima","department":"Lima","type":"Distrito"},"geometry":{"type":"Polygon","coordinates":[[[-76.7202,-12.0001],[-76.722,-11.9998],[-76.726,-11.9999],[-76.7292,-11.9995],[-76.7333,-12.0004],[-76.7347,-12.0003],[-76.7368,-12.0011],[-76.7379,-12.0022],[-76.7394,-12.0029],[-76.7435,-12.0036],[-76.7474,-12.0061],[-76.7492,-12.0081],[-76.75,-12.0113],[-76.751,-12.0138],[-76.7526,-12.0156],[-76.7546,-12.0173],[-76.7576,-12.0176],[-76.7599,-12.0187],[-76.7627,-12.0186],[-76.7645,-12.0204],[-76.766,-12.0195],[-76.7674,-12.0194],[-76.7709,-12.0205],[-76.7742,-12.0207],[-76.7764,-12.0217],[-76.7807,-12.0219],[-76.7839,-12.0231],[-76.7841,-12.019],[-76.7847,-12.0166],[-76.785,-12.0127],[-76.7855,-12.0107],[-76.7854,-12.0086],[-76.7859,-12.0077],[-76.7883,-12.0051],[-76.7899,-12.0042],[-76.7936,-12.0036],[-76.7954,-12.0027],[-76.7968,-12.0023],[-76.7982,-12.0024],[-76.8001,-12.0034],[-76.8012,-12.0028],[-76.8016,-12.0014],[-76.8029,-11.9993],[-76.8038,-11.9984],[-76.8055,-11.9978],[-76.8093,-11.9996],[-76.8107,-12.0007],[-76.814,-12.0021],[-76.8169,-12.0013],[-76.8212,-12.0007],[-76.8219,-12.0],[-76.823,-11.9981],[-76.8251,-11.998],[-76.8273,-11.9975],[-76.8302,-11.9954],[-76.834,-11.9934],[-76.8355,-11.9923],[-76.8321,-11.9901],[-76.8233,-11.9857],[-76.8183,-11.9841],[-76.8142,-11.9833],[-76.8105,-11.9833],[-76.8005,-11.9811],[-76.7967,-11.9807],[-76.7932,-11.9796],[-76.786,-11.9781],[-76.7814,-11.9764],[-76.7718,-11.974],[-76.7676,-11.9732],[-76.7607,-11.9723],[-76.7586,-11.9713],[-76.7551,-11.9693],[-76.752,-11.9682],[-76.7499,-11.9679],[-76.7445,-11.9677],[-76.7413,-11.9669],[-76.7372,-11.9648],[-76.7328,-11.9609],[-76.7316,-11.9611],[-76.7292,-11.9636],[-76.7267,-11.9675],[-76.7254,-11.969],[-76.7232,-11.973],[-76.7224,-11.9756],[-76.7224,-11.9782],[-76.7219,-11.9798],[-76.7221,-11.9845],[-76.7219,-11.9854],[-76.7211,-11.9863],[-76.7193,-11.9869],[-76.7179,-11.9881],[-76.716,-11.9903],[-76.7152,-11.9922],[-76.7165,-11.9943],[-76.7183,-11.9969],[-76.7193,-11.999],[-76.7202,-12.0001]]]}},{"type":"Feature","id":29,"properties":{"name":"Surquillo","province":"Lima","department":"Lima","type":"Distrito"},"geometry":{"type":"Polygon","coordinates":[[[-77.0105,-12.1073],[-77.01,-12.1084],[-77.0096,-12.1124],[-76.9937,-12.1113],[-76.9938,-12.1123],[-76.9955,-12.1156],[-76.9961,-12.1165],[-76.9974,-12.12],[-76.9982,-12.1201],[-76.9988,-12.1215],[-77.0008,-12.1244],[-77.0021,-12.1254],[-77.0027,-12.1265],[-77.0102,-12.1157],[-77.013,-12.1175],[-77.0132,-12.1188],[-77.0138,-12.1194],[-77.0173,-12.1194],[-77.0173,-12.1205],[-77.0182,-12.1206],[-77.0182,-12.1194],[-77.0241,-12.1198],[-77.0259,-12.1191],[-77.0262,-12.1167],[-77.0259,-12.1134],[-77.0264,-12.1083],[-77.0273,-12.1061],[-77.0274,-12.1029],[-77.0188,-12.1019],[-77.0164,-12.1023],[-77.0161,-12.1036],[-77.0166,-12.1056],[-77.0147,-12.108],[-77.0105,-12.1073]]]}},{"type":"Feature","id":30,"properties":{"name":"Miraflores","province":"Lima","department":"Lima","type":"Distrito"},"geometry":{"type":"Polygon","coordinates":[[[-77.0027,-12.1265],[-77.0013,-12.1284],[-77.0016,-12.1289],[-77.0095,-12.1276],[-77.0094,-12.1299],[-77.0113,-12.1301],[-77.0126,-12.1308],[-77.0137,-12.1294],[-77.0156,-12.1295],[-77.0164,-12.1305],[-77.018,-12.1304],[-77.018,-12.1312],[-77.0191,-12.1313],[-77.0195,-12.1305],[-77.0217,-12.1341],[-77.023,-12.1353],[-77.0258,-12.1365],[-77.0266,-12.1378],[-77.028,-12.1394],[-77.0296,-12.1351],[-77.0304,-12.134],[-77.0351,-12.131],[-77.0372,-12.1288],[-77.0377,-12.1276],[-77.0386,-12.1268],[-77.0389,-12.126],[-77.0404,-12.1246],[-77.0434,-12.1231],[-77.0461,-12.1213],[-77.0456,-12.1204],[-77.0462,-12.1194],[-77.0487,-12.1179],[-77.0505,-12.1164],[-77.051,-12.1155],[-77.0527,-12.1138],[-77.056,-12.1116],[-77.0545,-12.1099],[-77.0533,-12.109],[-77.0514,-12.1104],[-77.0493,-12.1084],[-77.0467,-12.1109],[-77.0462,-12.1105],[-77.0442,-12.1105],[-77.0431,-12.1108],[-77.0405,-12.1083],[-77.039,-12.1098],[-77.0383,-12.109],[-77.0372,-12.1101],[-77.0366,-12.11],[-77.0315,-12.1036],[-77.0274,-12.1029],[-77.0273,-12.1061],[-77.0264,-12.1083],[-77.0259,-12.1134],[-77.0262,-12.1167],[-77.0259,-12.1191],[-77.0241,-12.1198],[-77.0182,-12.1194],[-77.0182,-12.1206],[-77.0173,-12.1205],[-77.0173,-12.1194],[-77.0138,-12.1194],[-77.0132,-12.1188],[-77.013,-12.1175],[-77.0102,-12.1157],[-77.0027,-12.1265]]]}},{"type":"Feature","id":3,"properties":{"name":"La Punta","province":"Lima","department":"Lima","type":"Distrito"},"geometry":{"type":"Polygon","coordinates":[[[-77.1584,-12.0666],[-77.1568,-12.0686],[-77.1579,-12.0712],[-77.1571,-12.0725],[-77.1581,-12.0729],[-77.159,-12.0741],[-77.1632,-12.0754],[-77.1648,-12.0746],[-77.1664,-12.0742],[-77.1698,-12.0745],[-77.1706,-12.0722],[-77.1695,-12.072],[-77.1688,-12.0712],[-77.1682,-12.0686],[-77.1669,-12.0676],[-77.1663,-12.0701],[-77.1653,-12.0701],[-77.1623,-12.069],[-77.1601,-12.0679],[-77.1584,-12.0666]]]}},{"type":"Feature","id":4,"properties":{"name":"Pueblo Libre","province":"Lima","department":"Lima","type":"Distrito"},"geometry":{"type":"Polygon","coordinates":[[[-77.0632,-12.0865],[-77.0644,-12.0863],[-77.0721,-12.0836],[-77.0714,-12.0816],[-77.0794,-12.0786],[-77.0807,-12.0783],[-77.0809,-12.0771],[-77.0802,-12.0756],[-77.0784,-12.0731],[-77.0777,-12.0685],[-77.0657,-12.0676],[-77.0612,-12.0675],[-77.0542,-12.0665],[-77.0497,-12.0702],[-77.0632,-12.0865]]]}},{"type":"Feature","id":33,"properties":{"name":"Santa Anita","province":"Lima","department":"Lima","type":"Distrito"},"geometry":{"type":"Polygon","coordinates":[[[-76.9379,-12.0439],[-76.9575,-12.0518],[-76.9594,-12.0525],[-76.9659,-12.0554],[-76.9732,-12.0585],[-76.9753,-12.0539],[-76.978,-12.055],[-76.9809,-12.0552],[-76.9829,-12.0564],[-76.9839,-12.057],[-76.985,-12.0574],[-76.9856,-12.0571],[-76.9889,-12.0529],[-76.9891,-12.0506],[-76.9885,-12.0487],[-76.9859,-12.0474],[-76.9846,-12.0442],[-76.9855,-12.0435],[-76.987,-12.0416],[-76.9877,-12.0405],[-76.988,-12.0395],[-76.9851,-12.0399],[-76.9844,-12.0394],[-76.9832,-12.0401],[-76.9822,-12.0404],[-76.9814,-12.0405],[-76.981,-12.0405],[-76.98,-12.0406],[-76.9783,-12.0403],[-76.9774,-12.0405],[-76.976,-12.0404],[-76.9751,-12.0402],[-76.9742,-12.0399],[-76.9687,-12.0357],[-76.9665,-12.0341],[-76.9648,-12.0329],[-76.9631,-12.0318],[-76.9588,-12.03],[-76.9569,-12.0295],[-76.9558,-12.0296],[-76.9554,-12.0294],[-76.9438,-12.0275],[-76.9428,-12.0283],[-76.9425,-12.0307],[-76.9431,-12.0309],[-76.9429,-12.0324],[-76.94,-12.0386],[-76.9379,-12.0439]]]}},{"type":"Feature","id":5,"properties":{"name":"La Perla","province":"Lima","department":"Lima","type":"Distrito"},"geometry":{"type":"Polygon","coordinates":[[[-77.1114,-12.0792],[-77.1185,-12.076],[-77.1221,-12.0747],[-77.1263,-12.0729],[-77.1289,-12.0716],[-77.1307,-12.0712],[-77.1326,-12.0705],[-77.1329,-12.0678],[-77.1319,-12.0677],[-77.1199,-12.0654],[-77.1073,-12.0633],[-77.1046,-12.0632],[-77.104,-12.0668],[-77.1041,-12.0688],[-77.1049,-12.072],[-77.106,-12.0742],[-77.1076,-12.0736],[-77.11,-12.0775],[-77.1105,-12.0772],[-77.1114,-12.0792]]]}},{"type":"Feature","id":8,"properties":{"name":"San Miguel","province":"Lima","department":"Lima","type":"Distrito"},"geometry":{"type":"Polygon","coordinates":[[[-77.0721,-12.0836],[-77.0735,-12.0858],[-77.0739,-12.0857],[-77.0749,-12.0875],[-77.0738,-12.088],[-77.0741,-12.0889],[-77.0751,-12.0886],[-77.0777,-12.0956],[-77.0779,-12.0958],[-77.0822,-12.0936],[-77.0901,-12.0896],[-77.0935,-12.0876],[-77.0996,-12.0847],[-77.1024,-12.0839],[-77.1044,-12.0831],[-77.1061,-12.082],[-77.1095,-12.0804],[-77.1114,-12.0792],[-77.1105,-12.0772],[-77.11,-12.0775],[-77.1076,-12.0736],[-77.106,-12.0742],[-77.1049,-12.072],[-77.1041,-12.0688],[-77.104,-12.0668],[-77.1046,-12.0632],[-77.0929,-12.0621],[-77.0882,-12.0616],[-77.0831,-12.0613],[-77.0789,-12.0603],[-77.0785,-12.0624],[-77.0777,-12.0685],[-77.0784,-12.0731],[-77.0802,-12.0756],[-77.0809,-12.0771],[-77.0807,-12.0783],[-77.0794,-12.0786],[-77.0714,-12.0816],[-77.0721,-12.0836]]]}},{"type":"Feature","id":9,"properties":{"name":"La Victoria","province":"Lima","department":"Lima","type":"Distrito"},"geometry":{"type":"Polygon","coordinates":[[[-77.0032,-12.0626],[-77.0012,-12.0633],[-76.9999,-12.0635],[-76.9963,-12.0683],[-77.0025,-12.0719],[-77.0079,-12.0749],[-77.0099,-12.0767],[-77.0104,-12.0782],[-77.0095,-12.0795],[-77.006,-12.0808],[-77.0048,-12.0818],[-77.0041,-12.0841],[-77.01,-12.0849],[-77.0102,-12.0865],[-77.0098,-12.089],[-77.0228,-12.0908],[-77.0247,-12.0871],[-77.0281,-12.0787],[-77.0353,-12.0604],[-77.0354,-12.0595],[-77.0174,-12.0575],[-77.0166,-12.0589],[-77.0156,-12.0614],[-77.0108,-12.0608],[-77.0032,-12.0626]]]}},{"type":"Feature","id":11,"properties":{"name":"Bellavista","province":"Lima","department":"Lima","type":"Distrito"},"geometry":{"type":"Polygon","coordinates":[[[-77.1329,-12.0678],[-77.1331,-12.0676],[-77.1342,-12.0597],[-77.1208,-12.0582],[-77.1149,-12.0571],[-77.1058,-12.055],[-77.1014,-12.0541],[-77.0898,-12.052],[-77.0879,-12.0518],[-77.0877,-12.052],[-77.0885,-12.0587],[-77.0882,-12.0616],[-77.0929,-12.0621],[-77.1046,-12.0632],[-77.1073,-12.0633],[-77.1199,-12.0654],[-77.1319,-12.0677],[-77.1329,-12.0678]]]}},{"type":"Feature","id":15,"properties":{"name":"Carabayllo","province":"Lima","department":"Lima","type":"Distrito"},"geometry":{"type":"Polygon","coordinates":[[[-76.8942,-11.8647],[-76.8959,-11.8642],[-76.8979,-11.8643],[-76.9005,-11.864],[-76.9038,-11.865],[-76.9056,-11.8647],[-76.9084,-11.8647],[-76.9137,-11.8652],[-76.9163,-11.8657],[-76.9184,-11.8669],[-76.9213,-11.8682],[-76.924,-11.8693],[-76.925,-11.8699],[-76.9282,-11.8708],[-76.9312,-11.8704],[-76.9342,-11.8703],[-76.9362,-11.8694],[-76.9397,-11.8658],[-76.9403,-11.8649],[-76.9412,-11.8627],[-76.9423,-11.8609],[-76.9435,-11.8615],[-76.9474,-11.8617],[-76.9513,-11.8645],[-76.9545,-11.8662],[-76.9565,-11.8686],[-76.9578,-11.8714],[-76.9616,-11.8734],[-76.9641,-11.8754],[-76.9661,-11.8775],[-76.9682,-11.8793],[-76.9703,-11.8821],[-76.9748,-11.8866],[-76.9805,-11.8915],[-76.9838,-11.8937],[-76.9862,-11.8956],[-76.9893,-11.8985],[-76.9894,-11.8995],[-76.9905,-11.9001],[-76.9924,-11.9006],[-76.9937,-11.9001],[-76.9961,-11.8997],[-77.0001,-11.8996],[-77.0014,-11.9007],[-77.0028,-11.9012],[-77.0047,-11.9031],[-77.0055,-11.9036],[-77.009,-11.9039],[-77.0119,-11.9032],[-77.0139,-11.9032],[-77.0158,-11.9044],[-77.0188,-11.905],[-77.0199,-11.9054],[-77.0229,-11.9074],[-77.0244,-11.9088],[-77.0261,-11.9097],[-77.0286,-11.9104],[-77.032,-11.9105],[-77.0355,-11.9094],[-77.0333,-11.9074],[-77.0384,-11.8997],[-77.0407,-11.8954],[-77.0421,-11.8945],[-77.0429,-11.8954],[-77.0435,-11.8974],[-77.0444,-11.8971],[-77.0452,-11.8981],[-77.0482,-11.8964],[-77.0467,-11.8937],[-77.0496,-11.8894],[-77.0503,-11.8886],[-77.052,-11.888],[-77.053,-11.8883],[-77.0539,-11.8896],[-77.0548,-11.8868],[-77.0569,-11.8838],[-77.0575,-11.8818],[-77.0571,-11.88],[-77.0546,-11.8769],[-77.0545,-11.8755],[-77.0552,-11.8744],[-77.0581,-11.8722],[-77.0587,-11.8711],[-77.0591,-11.869],[-77.0585,-11.8639],[-77.0586,-11.8623],[-77.0594,-11.8592],[-77.0608,-11.8567],[-77.0632,-11.854],[-77.0666,-11.851],[-77.0728,-11.8477],[-77.0761,-11.8455],[-77.0787,-11.8414],[-77.0836,-11.8373],[-77.086,-11.8351],[-77.088,-11.8329],[-77.0894,-11.8304],[-77.0905,-11.8266],[-77.0909,-11.8219],[-77.0908,-11.8197],[-77.0896,-11.8171],[-77.0896,-11.815],[-77.0901,-11.8131],[-77.092,-11.8103],[-77.0929,-11.8084],[-77.0931,-11.8069],[-77.0929,-11.8037],[-77.0851,-11.8017],[-77.0826,-11.8004],[-77.0795,-11.7981],[-77.0767,-11.7973],[-77.0748,-11.7955],[-77.074,-11.7921],[-77.073,-11.7908],[-77.071,-11.79],[-77.0638,-11.7884],[-77.0609,-11.7875],[-77.0576,-11.7858],[-77.0556,-11.7836],[-77.0541,-11.7788],[-77.0539,-11.7772],[-77.054,-11.7757],[-77.0547,-11.7731],[-77.0547,-11.7703],[-77.0538,-11.7681],[-77.0522,-11.7658],[-77.0519,-11.7636],[-77.0497,-11.7612],[-77.046,-11.7591],[-77.045,-11.7584],[-77.0443,-11.7571],[-77.0438,-11.7549],[-77.0431,-11.7537],[-77.0403,-11.7526],[-77.0395,-11.7519],[-77.0349,-11.7449],[-77.033,-11.7417],[-77.033,-11.7416],[-77.0329,-11.7415],[-77.0329,-11.7414],[-77.0328,-11.7414],[-77.0328,-11.7414],[-77.0328,-11.7413],[-77.0328,-11.7413],[-77.0328,-11.7413],[-77.0327,-11.7412],[-77.0327,-11.7412],[-77.0327,-11.7412],[-77.0327,-11.7412],[-77.0327,-11.7411],[-77.0327,-11.7411],[-77.0327,-11.7411],[-77.0327,-11.7411],[-77.0326,-11.741],[-77.0326,-11.741],[-77.0326,-11.741],[-77.0326,-11.7409],[-77.0326,-11.7409],[-77.0326,-11.7409],[-77.0325,-11.7409],[-77.0325,-11.7408],[-77.0325,-11.7408],[-77.0325,-11.7408],[-77.0325,-11.7408],[-77.0325,-11.7408],[-77.0325,-11.7407],[-77.0325,-11.7407],[-77.0319,-11.7411],[-77.028,-11.7418],[-77.0247,-11.7432],[-77.0231,-11.7448],[-77.0213,-11.7463],[-77.0201,-11.7477],[-77.0166,-11.7496],[-77.0138,-11.7505],[-77.0105,-11.7513],[-77.0077,-11.7512],[-77.0042,-11.7509],[-77.0012,-11.7518],[-76.9985,-11.7518],[-76.9975,-11.7521],[-76.9944,-11.7514],[-76.9927,-11.7502],[-76.9848,-11.7463],[-76.9835,-11.746],[-76.9811,-11.746],[-76.9787,-11.7468],[-76.9766,-11.7478],[-76.9737,-11.748],[-76.9745,-11.7429],[-76.9746,-11.7403],[-76.974,-11.7366],[-76.9736,-11.7361],[-76.9701,-11.7361],[-76.9689,-11.7349],[-76.9676,-11.7347],[-76.9633,-11.7345],[-76.9619,-11.7341],[-76.9604,-11.7345],[-76.958,-11.736],[-76.9563,-11.7361],[-76.9552,-11.737],[-76.9548,-11.74],[-76.9525,-11.7445],[-76.951,-11.7457],[-76.9501,-11.7468],[-76.95,-11.7479],[-76.9475,-11.749],[-76.9454,-11.7506],[-76.9421,-11.7505],[-76.9397,-11.7509],[-76.9366,-11.7527],[-76.9346,-11.7552],[-76.9333,-11.7564],[-76.9325,-11.7554],[-76.9312,-11.7544],[-76.927,-11.7526],[-76.9249,-11.7523],[-76.9218,-11.7509],[-76.9195,-11.749],[-76.9185,-11.7473],[-76.9178,-11.7469],[-76.9155,-11.7446],[-76.9149,-11.7428],[-76.9145,-11.7383],[-76.9147,-11.7369],[-76.9145,-11.7348],[-76.914,-11.7322],[-76.9126,-11.7317],[-76.9078,-11.7307],[-76.9058,-11.7299],[-76.904,-11.7298],[-76.9022,-11.729],[-76.9,-11.7293],[-76.8971,-11.7301],[-76.8949,-11.7297],[-76.8932,-11.7301],[-76.8922,-11.7307],[-76.8918,-11.7315],[-76.89,-11.7326],[-76.8883,-11.7342],[-76.8859,-11.7358],[-76.8838,-11.7361],[-76.8824,-11.7358],[-76.8804,-11.7339],[-76.8799,-11.7323],[-76.8788,-11.7321],[-76.8785,-11.7327],[-76.8784,-11.7345],[-76.8779,-11.7374],[-76.8774,-11.7388],[-76.8758,-11.7421],[-76.875,-11.7431],[-76.8737,-11.7438],[-76.8715,-11.7435],[-76.8697,-11.7441],[-76.8685,-11.745],[-76.868,-11.7464],[-76.867,-11.7473],[-76.8646,-11.7482],[-76.8605,-11.7486],[-76.8578,-11.7484],[-76.8564,-11.7481],[-76.8548,-11.7482],[-76.8525,-11.7488],[-76.8515,-11.7485],[-76.8489,-11.7474],[-76.8469,-11.7462],[-76.8451,-11.7461],[-76.8431,-11.7467],[-76.8388,-11.7472],[-76.8353,-11.7458],[-76.8343,-11.745],[-76.8338,-11.7438],[-76.8327,-11.7433],[-76.8302,-11.7446],[-76.8275,-11.7466],[-76.8254,-11.7474],[-76.8226,-11.747],[-76.8206,-11.7471],[-76.8193,-11.7476],[-76.8159,-11.7479],[-76.8148,-11.7487],[-76.8102,-11.7502],[-76.8081,-11.7521],[-76.8055,-11.7529],[-76.8045,-11.7547],[-76.8047,-11.7557],[-76.8066,-11.7578],[-76.8074,-11.7593],[-76.8099,-11.7621],[-76.8114,-11.7634],[-76.8128,-11.7664],[-76.8169,-11.7694],[-76.8183,-11.7699],[-76.8196,-11.7708],[-76.8208,-11.7732],[-76.8214,-11.7736],[-76.8234,-11.7741],[-76.8263,-11.7754],[-76.8271,-11.7761],[-76.8277,-11.7777],[-76.8307,-11.7784],[-76.8347,-11.7789],[-76.8357,-11.7794],[-76.8373,-11.7814],[-76.8392,-11.7829],[-76.8407,-11.7839],[-76.8426,-11.7847],[-76.8442,-11.7871],[-76.845,-11.7903],[-76.8464,-11.7924],[-76.8483,-11.7938],[-76.8492,-11.7951],[-76.8493,-11.7962],[-76.8507,-11.7975],[-76.8499,-11.8003],[-76.8493,-11.8016],[-76.8487,-11.8044],[-76.8475,-11.806],[-76.8466,-11.8078],[-76.8453,-11.8109],[-76.844,-11.8129],[-76.8435,-11.8149],[-76.8435,-11.8176],[-76.8441,-11.8219],[-76.8438,-11.8245],[-76.8442,-11.8271],[-76.844,-11.8286],[-76.8449,-11.8291],[-76.8478,-11.8298],[-76.8485,-11.8303],[-76.8517,-11.8313],[-76.8537,-11.8333],[-76.8555,-11.8346],[-76.8576,-11.8357],[-76.8595,-11.837],[-76.8607,-11.8388],[-76.8637,-11.8391],[-76.8652,-11.8402],[-76.8668,-11.8411],[-76.8677,-11.8424],[-76.869,-11.8453],[-76.8724,-11.8475],[-76.8742,-11.8484],[-76.8785,-11.8515],[-76.8815,-11.8525],[-76.8857,-11.8534],[-76.8902,-11.8556],[-76.8916,-11.8565],[-76.8923,-11.8579],[-76.8938,-11.8623],[-76.8942,-11.8647]]]}},{"type":"Feature","id":16,"properties":{"name":"Breña","province":"Lima","department":"Lima","type":"Distrito"},"geometry":{"type":"Polygon","coordinates":[[[-77.0497,-12.0702],[-77.0542,-12.0665],[-77.0612,-12.0675],[-77.0593,-12.0621],[-77.0576,-12.0556],[-77.0554,-12.0526],[-77.0537,-12.0491],[-77.0521,-12.0493],[-77.0456,-12.0507],[-77.0424,-12.0509],[-77.0415,-12.0602],[-77.0457,-12.0653],[-77.0497,-12.0702]]]}},{"type":"Feature","id":20,"properties":{"name":"Lurín","province":"Lima","department":"Lima","type":"Distrito"},"geometry":{"type":"Polygon","coordinates":[[[-76.6634,-12.179],[-76.6639,-12.1804],[-76.6642,-12.183],[-76.6653,-12.1848],[-76.6667,-12.1857],[-76.6686,-12.1862],[-76.671,-12.1872],[-76.6734,-12.189],[-76.6746,-12.1895],[-76.6753,-12.1903],[-76.6772,-12.1908],[-76.6781,-12.1919],[-76.6796,-12.1926],[-76.6804,-12.1934],[-76.6827,-12.1935],[-76.6838,-12.1949],[-76.6847,-12.1979],[-76.687,-12.1992],[-76.6882,-12.2005],[-76.6892,-12.2009],[-76.6911,-12.2023],[-76.6913,-12.2031],[-76.693,-12.2044],[-76.6936,-12.2056],[-76.6954,-12.2072],[-76.696,-12.2088],[-76.6953,-12.2104],[-76.6969,-12.2128],[-76.6973,-12.2148],[-76.6985,-12.2167],[-76.7001,-12.2169],[-76.7017,-12.2184],[-76.706,-12.22],[-76.7077,-12.2222],[-76.7085,-12.2228],[-76.7133,-12.2235],[-76.7148,-12.2245],[-76.7164,-12.2266],[-76.7191,-12.2295],[-76.7213,-12.2339],[-76.7217,-12.2351],[-76.7215,-12.2413],[-76.7222,-12.2423],[-76.7278,-12.2434],[-76.7293,-12.2434],[-76.7306,-12.2439],[-76.7317,-12.245],[-76.7335,-12.2491],[-76.7367,-12.2523],[-76.7385,-12.2526],[-76.7409,-12.2537],[-76.7432,-12.2531],[-76.7485,-12.2532],[-76.7526,-12.2517],[-76.7535,-12.2518],[-76.7552,-12.2527],[-76.7574,-12.2529],[-76.7581,-12.2524],[-76.759,-12.2505],[-76.7602,-12.2502],[-76.7644,-12.2524],[-76.7665,-12.2561],[-76.7674,-12.259],[-76.7688,-12.2602],[-76.7713,-12.261],[-76.772,-12.2609],[-76.7739,-12.2622],[-76.7781,-12.2624],[-76.7807,-12.2638],[-76.7834,-12.2639],[-76.786,-12.2634],[-76.7881,-12.2636],[-76.7895,-12.2635],[-76.7902,-12.264],[-76.7923,-12.2648],[-76.7938,-12.2661],[-76.7968,-12.2683],[-76.798,-12.27],[-76.7993,-12.2714],[-76.8008,-12.2743],[-76.8046,-12.278],[-76.8178,-12.2826],[-76.82,-12.2831],[-76.8452,-12.3083],[-76.8454,-12.3085],[-76.8471,-12.3067],[-76.8491,-12.3059],[-76.8502,-12.3042],[-76.8529,-12.3025],[-76.854,-12.3013],[-76.858,-12.2988],[-76.8621,-12.2963],[-76.8629,-12.2955],[-76.8645,-12.2952],[-76.8653,-12.2945],[-76.8672,-12.2939],[-76.8694,-12.2929],[-76.8727,-12.2916],[-76.8756,-12.2903],[-76.8805,-12.2882],[-76.8832,-12.2869],[-76.8888,-12.2851],[-76.8925,-12.2831],[-76.8954,-12.281],[-76.9031,-12.2731],[-76.9045,-12.2723],[-76.9068,-12.2698],[-76.9082,-12.2696],[-76.9115,-12.2675],[-76.9132,-12.2658],[-76.9147,-12.2651],[-76.9166,-12.2637],[-76.9193,-12.262],[-76.9226,-12.2593],[-76.9255,-12.2576],[-76.9279,-12.2559],[-76.9282,-12.2554],[-76.9327,-12.2522],[-76.9351,-12.2512],[-76.9331,-12.2477],[-76.9262,-12.252],[-76.9258,-12.2518],[-76.9249,-12.2489],[-76.9173,-12.2486],[-76.9161,-12.2484],[-76.9156,-12.245],[-76.9147,-12.2431],[-76.9115,-12.2411],[-76.9125,-12.2398],[-76.9126,-12.2383],[-76.912,-12.2363],[-76.91,-12.2313],[-76.9078,-12.2323],[-76.9064,-12.2325],[-76.9054,-12.232],[-76.9044,-12.2308],[-76.9031,-12.2282],[-76.9006,-12.2192],[-76.8994,-12.2176],[-76.8983,-12.2173],[-76.897,-12.2165],[-76.8957,-12.2167],[-76.8938,-12.2153],[-76.891,-12.2145],[-76.8887,-12.2129],[-76.8886,-12.2119],[-76.8897,-12.2098],[-76.8897,-12.2089],[-76.8869,-12.21],[-76.8839,-12.2102],[-76.8817,-12.2136],[-76.8788,-12.2158],[-76.8771,-12.2177],[-76.8748,-12.219],[-76.8713,-12.2202],[-76.8712,-12.2212],[-76.8726,-12.2245],[-76.8711,-12.2258],[-76.87,-12.2276],[-76.8693,-12.2284],[-76.868,-12.2285],[-76.8669,-12.2279],[-76.866,-12.2283],[-76.8659,-12.2307],[-76.8642,-12.2321],[-76.8646,-12.2342],[-76.8627,-12.2359],[-76.8619,-12.2372],[-76.8604,-12.2379],[-76.8558,-12.2338],[-76.854,-12.2332],[-76.8527,-12.2334],[-76.8523,-12.2354],[-76.851,-12.2378],[-76.8493,-12.2395],[-76.846,-12.2375],[-76.843,-12.2364],[-76.8427,-12.2359],[-76.8427,-12.2329],[-76.8435,-12.2318],[-76.8447,-12.231],[-76.8449,-12.2303],[-76.8442,-12.2279],[-76.8428,-12.2256],[-76.8455,-12.2223],[-76.8464,-12.2215],[-76.8466,-12.2204],[-76.8439,-12.2189],[-76.8429,-12.2178],[-76.8414,-12.2168],[-76.8392,-12.2163],[-76.8377,-12.2157],[-76.8351,-12.2157],[-76.833,-12.2144],[-76.8304,-12.2137],[-76.8281,-12.212],[-76.8252,-12.2109],[-76.8228,-12.2081],[-76.8207,-12.2066],[-76.8195,-12.2054],[-76.8186,-12.2035],[-76.8184,-12.2012],[-76.8176,-12.1993],[-76.8156,-12.1972],[-76.8135,-12.1969],[-76.81,-12.197],[-76.8069,-12.1963],[-76.805,-12.1963],[-76.8031,-12.1954],[-76.798,-12.1956],[-76.7963,-12.1964],[-76.7938,-12.1972],[-76.7917,-12.1968],[-76.7895,-12.1966],[-76.7878,-12.1963],[-76.785,-12.1965],[-76.7836,-12.197],[-76.7819,-12.1968],[-76.7794,-12.195],[-76.7769,-12.1916],[-76.7753,-12.1908],[-76.7731,-12.1904],[-76.7707,-12.188],[-76.7697,-12.1857],[-76.7688,-12.185],[-76.7662,-12.1847],[-76.7623,-12.1846],[-76.7599,-12.1852],[-76.7589,-12.1851],[-76.7572,-12.1843],[-76.7561,-12.1829],[-76.7545,-12.1818],[-76.7518,-12.179],[-76.7507,-12.1769],[-76.7468,-12.1777],[-76.746,-12.1775],[-76.7447,-12.1762],[-76.7434,-12.1739],[-76.7429,-12.1715],[-76.7423,-12.1704],[-76.7417,-12.1684],[-76.7407,-12.1677],[-76.738,-12.1666],[-76.7349,-12.1645],[-76.734,-12.1644],[-76.7305,-12.1652],[-76.7276,-12.1654],[-76.7266,-12.1659],[-76.7228,-12.167],[-76.7189,-12.1687],[-76.7169,-12.1687],[-76.7115,-12.1699],[-76.7098,-12.1713],[-76.7083,-12.1729],[-76.7068,-12.1759],[-76.7051,-12.1772],[-76.7031,-12.1781],[-76.7007,-12.1783],[-76.6993,-12.179],[-76.6945,-12.1795],[-76.6905,-12.1812],[-76.6897,-12.1808],[-76.6869,-12.1781],[-76.6856,-12.1773],[-76.6826,-12.1762],[-76.6787,-12.1757],[-76.6767,-12.1758],[-76.6743,-12.1766],[-76.6676,-12.1804],[-76.6657,-12.1804],[-76.6634,-12.179]]]}},{"type":"Feature","id":21,"properties":{"name":"San Bartolo","province":"Lima","department":"Lima","type":"Distrito"},"geometry":{"type":"Polygon","coordinates":[[[-76.7562,-12.3976],[-76.7584,-12.3965],[-76.7656,-12.3898],[-76.7675,-12.3879],[-76.7697,-12.3864],[-76.7707,-12.3872],[-76.7752,-12.3932],[-76.7748,-12.394],[-76.7749,-12.3954],[-76.7761,-12.3981],[-76.7766,-12.3978],[-76.7776,-12.3988],[-76.779,-12.3988],[-76.7791,-12.4006],[-76.7799,-12.4001],[-76.7804,-12.3988],[-76.7815,-12.3979],[-76.7804,-12.3972],[-76.7797,-12.3959],[-76.7804,-12.3947],[-76.7791,-12.3943],[-76.7781,-12.395],[-76.7774,-12.3939],[-76.7788,-12.3914],[-76.7803,-12.3917],[-76.7813,-12.391],[-76.7826,-12.3916],[-76.7836,-12.3908],[-76.7835,-12.3898],[-76.7819,-12.3889],[-76.7823,-12.3872],[-76.7839,-12.3856],[-76.785,-12.385],[-76.788,-12.3859],[-76.7893,-12.386],[-76.7897,-12.3852],[-76.7879,-12.3841],[-76.7869,-12.3828],[-76.7851,-12.3817],[-76.7841,-12.3806],[-76.7825,-12.3796],[-76.7804,-12.3776],[-76.7788,-12.3771],[-76.7758,-12.3744],[-76.7749,-12.3741],[-76.7724,-12.3722],[-76.77,-12.3706],[-76.7691,-12.3696],[-76.766,-12.3679],[-76.7641,-12.3651],[-76.7615,-12.3632],[-76.7594,-12.3607],[-76.7583,-12.36],[-76.7555,-12.3573],[-76.7533,-12.356],[-76.7521,-12.3558],[-76.7504,-12.3546],[-76.748,-12.3536],[-76.7466,-12.3533],[-76.7444,-12.3525],[-76.743,-12.3513],[-76.7424,-12.3503],[-76.7406,-12.3488],[-76.7398,-12.3474],[-76.7364,-12.3462],[-76.7321,-12.3436],[-76.7309,-12.3433],[-76.7255,-12.3413],[-76.7226,-12.3418],[-76.7209,-12.3424],[-76.719,-12.3424],[-76.7182,-12.3419],[-76.7141,-12.341],[-76.7125,-12.3404],[-76.7093,-12.3404],[-76.705,-12.34],[-76.7024,-12.3389],[-76.7014,-12.339],[-76.6993,-12.3406],[-76.6975,-12.3408],[-76.6936,-12.3399],[-76.6911,-12.3386],[-76.6881,-12.3377],[-76.6858,-12.3363],[-76.6821,-12.3351],[-76.6806,-12.3342],[-76.6785,-12.3335],[-76.6776,-12.3378],[-76.6776,-12.3389],[-76.6789,-12.3409],[-76.6798,-12.3421],[-76.6814,-12.3454],[-76.6817,-12.3478],[-76.6815,-12.3496],[-76.6817,-12.3507],[-76.6825,-12.3524],[-76.6823,-12.3531],[-76.6807,-12.3545],[-76.6788,-12.3545],[-76.6776,-12.3555],[-76.6768,-12.3574],[-76.6755,-12.359],[-76.6741,-12.3598],[-76.6728,-12.3597],[-76.6681,-12.3602],[-76.6673,-12.3621],[-76.6677,-12.3628],[-76.6701,-12.3652],[-76.6738,-12.3703],[-76.6738,-12.3717],[-76.6734,-12.3731],[-76.6741,-12.3745],[-76.6765,-12.3771],[-76.6795,-12.3798],[-76.6819,-12.3813],[-76.6839,-12.382],[-76.6854,-12.3828],[-76.6871,-12.3832],[-76.6889,-12.3833],[-76.6934,-12.384],[-76.6954,-12.3835],[-76.6967,-12.3837],[-76.7001,-12.3831],[-76.7006,-12.3833],[-76.7027,-12.3853],[-76.7087,-12.3878],[-76.7103,-12.3893],[-76.7125,-12.3894],[-76.7135,-12.3904],[-76.715,-12.391],[-76.7174,-12.3932],[-76.7188,-12.393],[-76.7201,-12.3944],[-76.722,-12.396],[-76.7262,-12.3954],[-76.729,-12.3963],[-76.7308,-12.3971],[-76.7315,-12.397],[-76.7327,-12.396],[-76.7357,-12.3972],[-76.7381,-12.3968],[-76.7399,-12.3974],[-76.7413,-12.3985],[-76.7516,-12.3945],[-76.7524,-12.3956],[-76.7551,-12.3969],[-76.7562,-12.3976]]]}},{"type":"Feature","id":22,"properties":{"name":"Santa María del Mar","province":"Lima","department":"Lima","type":"Distrito"},"geometry":{"type":"Polygon","coordinates":[[[-76.7531,-12.4281],[-76.7535,-12.4289],[-76.7552,-12.4279],[-76.7572,-12.4244],[-76.76,-12.4236],[-76.7615,-12.4223],[-76.7617,-12.4207],[-76.7621,-12.4193],[-76.7629,-12.4188],[-76.764,-12.4189],[-76.7652,-12.4197],[-76.7675,-12.4206],[-76.7701,-12.4206],[-76.7711,-12.4209],[-76.7722,-12.4226],[-76.7727,-12.4253],[-76.7738,-12.4265],[-76.7746,-12.4266],[-76.7757,-12.4258],[-76.7767,-12.4247],[-76.7773,-12.4226],[-76.7787,-12.4197],[-76.779,-12.4183],[-76.7801,-12.4175],[-76.781,-12.4163],[-76.7814,-12.4144],[-76.7808,-12.4116],[-76.7816,-12.41],[-76.7807,-12.41],[-76.7795,-12.4117],[-76.7787,-12.4118],[-76.7775,-12.4111],[-76.7771,-12.4093],[-76.776,-12.4082],[-76.7764,-12.4069],[-76.777,-12.4064],[-76.7763,-12.4056],[-76.7763,-12.4034],[-76.7773,-12.4013],[-76.7785,-12.3999],[-76.7791,-12.4006],[-76.779,-12.3988],[-76.7776,-12.3988],[-76.7766,-12.3978],[-76.7761,-12.3981],[-76.7749,-12.3954],[-76.7748,-12.394],[-76.7752,-12.3932],[-76.7707,-12.3872],[-76.7697,-12.3864],[-76.7675,-12.3879],[-76.7656,-12.3898],[-76.7584,-12.3965],[-76.7562,-12.3976],[-76.7557,-12.3988],[-76.7562,-12.4037],[-76.7561,-12.4098],[-76.754,-12.4187],[-76.7536,-12.4217],[-76.7531,-12.4281]]]}},{"type":"Feature","id":23,"properties":{"name":"Punta Hermosa","province":"Lima","department":"Lima","type":"Distrito"},"geometry":{"type":"Polygon","coordinates":[[[-76.8176,-12.3474],[-76.8164,-12.3457],[-76.8161,-12.3436],[-76.8175,-12.3413],[-76.8192,-12.3396],[-76.8203,-12.339],[-76.8229,-12.3384],[-76.8246,-12.3398],[-76.825,-12.3418],[-76.8263,-12.343],[-76.8271,-12.3427],[-76.8251,-12.3401],[-76.8278,-12.3389],[-76.8285,-12.3381],[-76.8283,-12.3364],[-76.8297,-12.3351],[-76.831,-12.3343],[-76.8308,-12.3314],[-76.8325,-12.3298],[-76.8341,-12.3296],[-76.8351,-12.329],[-76.8345,-12.3271],[-76.8351,-12.3256],[-76.8363,-12.3248],[-76.8373,-12.3249],[-76.8379,-12.3241],[-76.8377,-12.3222],[-76.8356,-12.3201],[-76.8359,-12.3178],[-76.8369,-12.3155],[-76.8398,-12.3128],[-76.8421,-12.3127],[-76.8431,-12.3133],[-76.8431,-12.312],[-76.8439,-12.3099],[-76.8454,-12.3085],[-76.8452,-12.3083],[-76.82,-12.2831],[-76.8178,-12.2826],[-76.8046,-12.278],[-76.8008,-12.2743],[-76.7993,-12.2714],[-76.798,-12.27],[-76.7968,-12.2683],[-76.7938,-12.2661],[-76.7923,-12.2648],[-76.7902,-12.264],[-76.7895,-12.2635],[-76.7881,-12.2636],[-76.786,-12.2634],[-76.7834,-12.2639],[-76.7807,-12.2638],[-76.7781,-12.2624],[-76.7739,-12.2622],[-76.772,-12.2609],[-76.7713,-12.261],[-76.7688,-12.2602],[-76.7674,-12.259],[-76.7665,-12.2561],[-76.7644,-12.2524],[-76.7602,-12.2502],[-76.759,-12.2505],[-76.7581,-12.2524],[-76.7574,-12.2529],[-76.7552,-12.2527],[-76.7535,-12.2518],[-76.7526,-12.2517],[-76.7485,-12.2532],[-76.7432,-12.2531],[-76.7409,-12.2537],[-76.7385,-12.2526],[-76.7367,-12.2523],[-76.7335,-12.2491],[-76.7317,-12.245],[-76.7306,-12.2439],[-76.7293,-12.2434],[-76.7278,-12.2434],[-76.7222,-12.2423],[-76.7215,-12.2413],[-76.7217,-12.2351],[-76.7213,-12.2339],[-76.7191,-12.2295],[-76.7164,-12.2266],[-76.7148,-12.2245],[-76.7133,-12.2235],[-76.7085,-12.2228],[-76.7077,-12.2222],[-76.706,-12.22],[-76.7017,-12.2184],[-76.7001,-12.2169],[-76.6985,-12.2167],[-76.6973,-12.2148],[-76.6969,-12.2128],[-76.6953,-12.2104],[-76.696,-12.2088],[-76.6954,-12.2072],[-76.6936,-12.2056],[-76.693,-12.2044],[-76.6913,-12.2031],[-76.6911,-12.2023],[-76.6892,-12.2009],[-76.6882,-12.2005],[-76.687,-12.1992],[-76.6847,-12.1979],[-76.6838,-12.1949],[-76.6827,-12.1935],[-76.6804,-12.1934],[-76.6796,-12.1926],[-76.6781,-12.1919],[-76.6772,-12.1908],[-76.6753,-12.1903],[-76.6746,-12.1895],[-76.6734,-12.189],[-76.671,-12.1872],[-76.6686,-12.1862],[-76.6667,-12.1857],[-76.6653,-12.1848],[-76.6642,-12.183],[-76.6639,-12.1804],[-76.6634,-12.179],[-76.663,-12.178],[-76.662,-12.178],[-76.6599,-12.1817],[-76.6588,-12.1834],[-76.6577,-12.1845],[-76.657,-12.186],[-76.6564,-12.1882],[-76.6555,-12.19],[-76.6545,-12.1913],[-76.6526,-12.1926],[-76.6522,-12.1933],[-76.6516,-12.1966],[-76.6507,-12.1979],[-76.6511,-12.1996],[-76.6508,-12.2017],[-76.6486,-12.208],[-76.6476,-12.2098],[-76.6459,-12.2111],[-76.6457,-12.2122],[-76.6473,-12.2139],[-76.6511,-12.2137],[-76.6539,-12.216],[-76.6538,-12.22],[-76.6543,-12.2215],[-76.6552,-12.2225],[-76.6561,-12.2247],[-76.6591,-12.2272],[-76.6595,-12.2283],[-76.6616,-12.2304],[-76.6613,-12.2322],[-76.6614,-12.235],[-76.6626,-12.2368],[-76.6635,-12.2396],[-76.6647,-12.2407],[-76.6651,-12.2425],[-76.6658,-12.2439],[-76.6672,-12.2457],[-76.6684,-12.2465],[-76.67,-12.248],[-76.6722,-12.2516],[-76.6743,-12.2532],[-76.6748,-12.2542],[-76.6772,-12.2562],[-76.6788,-12.2569],[-76.6822,-12.2602],[-76.6841,-12.2608],[-76.6861,-12.2623],[-76.688,-12.265],[-76.6895,-12.2666],[-76.6909,-12.2676],[-76.6918,-12.2678],[-76.6936,-12.2698],[-76.695,-12.27],[-76.6972,-12.2708],[-76.7001,-12.2714],[-76.7025,-12.2725],[-76.7045,-12.2739],[-76.7053,-12.2742],[-76.7072,-12.2762],[-76.7105,-12.2778],[-76.7137,-12.2803],[-76.715,-12.2817],[-76.7164,-12.2838],[-76.7174,-12.2845],[-76.7198,-12.2869],[-76.7232,-12.2916],[-76.7256,-12.2932],[-76.7283,-12.2945],[-76.7336,-12.2958],[-76.7438,-12.2961],[-76.7457,-12.2978],[-76.7468,-12.2997],[-76.7491,-12.3017],[-76.7498,-12.3049],[-76.7502,-12.3057],[-76.7523,-12.3075],[-76.7528,-12.3076],[-76.7547,-12.3091],[-76.7562,-12.3098],[-76.757,-12.3098],[-76.7589,-12.3085],[-76.7605,-12.3078],[-76.7618,-12.3067],[-76.7632,-12.3068],[-76.7636,-12.3077],[-76.7632,-12.3097],[-76.7644,-12.311],[-76.7663,-12.312],[-76.769,-12.3127],[-76.7719,-12.3141],[-76.7772,-12.3192],[-76.7802,-12.3212],[-76.7823,-12.3224],[-76.7834,-12.3233],[-76.7862,-12.3248],[-76.7905,-12.3262],[-76.7951,-12.3289],[-76.7965,-12.3303],[-76.7989,-12.332],[-76.8004,-12.3333],[-76.8034,-12.3378],[-76.8077,-12.3414],[-76.8101,-12.3444],[-76.8128,-12.3457],[-76.8143,-12.3461],[-76.8164,-12.3473],[-76.8176,-12.3474]]]}},{"type":"Feature","id":24,"properties":{"name":"Punta Negra","province":"Lima","department":"Lima","type":"Distrito"},"geometry":{"type":"Polygon","coordinates":[[[-76.6785,-12.3335],[-76.6806,-12.3342],[-76.6821,-12.3351],[-76.6858,-12.3363],[-76.6881,-12.3377],[-76.6911,-12.3386],[-76.6936,-12.3399],[-76.6975,-12.3408],[-76.6993,-12.3406],[-76.7014,-12.339],[-76.7024,-12.3389],[-76.705,-12.34],[-76.7093,-12.3404],[-76.7125,-12.3404],[-76.7141,-12.341],[-76.7182,-12.3419],[-76.719,-12.3424],[-76.7209,-12.3424],[-76.7226,-12.3418],[-76.7255,-12.3413],[-76.7309,-12.3433],[-76.7321,-12.3436],[-76.7364,-12.3462],[-76.7398,-12.3474],[-76.7406,-12.3488],[-76.7424,-12.3503],[-76.743,-12.3513],[-76.7444,-12.3525],[-76.7466,-12.3533],[-76.748,-12.3536],[-76.7504,-12.3546],[-76.7521,-12.3558],[-76.7533,-12.356],[-76.7555,-12.3573],[-76.7583,-12.36],[-76.7594,-12.3607],[-76.7615,-12.3632],[-76.7641,-12.3651],[-76.766,-12.3679],[-76.7691,-12.3696],[-76.77,-12.3706],[-76.7724,-12.3722],[-76.7749,-12.3741],[-76.7758,-12.3744],[-76.7788,-12.3771],[-76.7804,-12.3776],[-76.7825,-12.3796],[-76.7841,-12.3806],[-76.7851,-12.3817],[-76.7869,-12.3828],[-76.7879,-12.3841],[-76.7897,-12.3852],[-76.7898,-12.3848],[-76.7887,-12.3825],[-76.789,-12.3807],[-76.7917,-12.3764],[-76.7959,-12.3712],[-76.7994,-12.3676],[-76.7984,-12.3671],[-76.798,-12.3658],[-76.7993,-12.3622],[-76.8007,-12.3606],[-76.8035,-12.3588],[-76.8068,-12.3569],[-76.8085,-12.3562],[-76.8111,-12.3547],[-76.8146,-12.3531],[-76.8166,-12.3528],[-76.8177,-12.3514],[-76.8173,-12.3499],[-76.8176,-12.3495],[-76.8176,-12.3474],[-76.8164,-12.3473],[-76.8143,-12.3461],[-76.8128,-12.3457],[-76.8101,-12.3444],[-76.8077,-12.3414],[-76.8034,-12.3378],[-76.8004,-12.3333],[-76.7989,-12.332],[-76.7965,-12.3303],[-76.7951,-12.3289],[-76.7905,-12.3262],[-76.7862,-12.3248],[-76.7834,-12.3233],[-76.7823,-12.3224],[-76.7802,-12.3212],[-76.7772,-12.3192],[-76.7719,-12.3141],[-76.769,-12.3127],[-76.7663,-12.312],[-76.7644,-12.311],[-76.7632,-12.3097],[-76.7636,-12.3077],[-76.7632,-12.3068],[-76.7618,-12.3067],[-76.7605,-12.3078],[-76.7589,-12.3085],[-76.757,-12.3098],[-76.7562,-12.3098],[-76.7547,-12.3091],[-76.7528,-12.3076],[-76.7523,-12.3075],[-76.7502,-12.3057],[-76.7498,-12.3049],[-76.7491,-12.3017],[-76.7468,-12.2997],[-76.7457,-12.2978],[-76.7438,-12.2961],[-76.7336,-12.2958],[-76.7283,-12.2945],[-76.7256,-12.2932],[-76.7232,-12.2916],[-76.7198,-12.2869],[-76.7174,-12.2845],[-76.7164,-12.2838],[-76.715,-12.2817],[-76.7137,-12.2803],[-76.7105,-12.2778],[-76.7072,-12.2762],[-76.7053,-12.2742],[-76.7045,-12.2739],[-76.7025,-12.2725],[-76.7001,-12.2714],[-76.6972,-12.2708],[-76.695,-12.27],[-76.6936,-12.2698],[-76.6918,-12.2678],[-76.6909,-12.2676],[-76.6895,-12.2666],[-76.688,-12.265],[-76.6861,-12.2623],[-76.6841,-12.2608],[-76.6822,-12.2602],[-76.6788,-12.2569],[-76.6772,-12.2562],[-76.6748,-12.2542],[-76.6743,-12.2532],[-76.6722,-12.2516],[-76.67,-12.248],[-76.6684,-12.2465],[-76.6672,-12.2457],[-76.6658,-12.2439],[-76.6651,-12.2425],[-76.6647,-12.2407],[-76.6635,-12.2396],[-76.6626,-12.2368],[-76.6614,-12.235],[-76.6613,-12.2322],[-76.6616,-12.2304],[-76.6595,-12.2283],[-76.6591,-12.2272],[-76.6561,-12.2247],[-76.6552,-12.2225],[-76.6543,-12.2215],[-76.6538,-12.22],[-76.6539,-12.216],[-76.6511,-12.2137],[-76.6473,-12.2139],[-76.6457,-12.2122],[-76.6459,-12.2111],[-76.6431,-12.2121],[-76.6394,-12.2146],[-76.6387,-12.2162],[-76.6386,-12.2177],[-76.6377,-12.2188],[-76.6353,-12.2199],[-76.6328,-12.22],[-76.6273,-12.2223],[-76.6244,-12.2233],[-76.6226,-12.2247],[-76.6211,-12.2267],[-76.6218,-12.23],[-76.6216,-12.2324],[-76.6212,-12.2334],[-76.6207,-12.2371],[-76.6208,-12.2386],[-76.624,-12.2423],[-76.6257,-12.2459],[-76.6258,-12.2467],[-76.6247,-12.2502],[-76.6246,-12.2513],[-76.6256,-12.2524],[-76.6267,-12.2552],[-76.6281,-12.2577],[-76.6282,-12.26],[-76.6291,-12.2604],[-76.63,-12.2616],[-76.6313,-12.2641],[-76.633,-12.2662],[-76.6321,-12.2683],[-76.632,-12.2694],[-76.6341,-12.2736],[-76.6359,-12.2785],[-76.6364,-12.279],[-76.6385,-12.2802],[-76.6406,-12.2817],[-76.6453,-12.2838],[-76.6501,-12.2844],[-76.651,-12.2853],[-76.6518,-12.2894],[-76.6518,-12.2906],[-76.6526,-12.2915],[-76.6524,-12.2936],[-76.653,-12.2979],[-76.6529,-12.2995],[-76.6535,-12.3013],[-76.6537,-12.3034],[-76.6542,-12.3051],[-76.6562,-12.3062],[-76.6592,-12.3087],[-76.6605,-12.3089],[-76.6618,-12.3082],[-76.6626,-12.3084],[-76.664,-12.31],[-76.6641,-12.3116],[-76.6651,-12.313],[-76.6659,-12.3134],[-76.6672,-12.3169],[-76.6702,-12.3199],[-76.6728,-12.3194],[-76.674,-12.3195],[-76.6744,-12.3221],[-76.6754,-12.324],[-76.676,-12.3258],[-76.677,-12.3277],[-76.6772,-12.3302],[-76.6785,-12.3335]]]}},{"type":"Feature","id":25,"properties":{"name":"Barranco","province":"Lima","department":"Lima","type":"Distrito"},"geometry":{"type":"Polygon","coordinates":[[[-77.018,-12.1312],[-77.0179,-12.1358],[-77.0125,-12.1404],[-77.0142,-12.1439],[-77.0139,-12.1441],[-77.0157,-12.1465],[-77.016,-12.1474],[-77.0184,-12.1526],[-77.0156,-12.1547],[-77.016,-12.1556],[-77.0193,-12.1539],[-77.0194,-12.1547],[-77.0243,-12.1568],[-77.0261,-12.1572],[-77.0262,-12.1557],[-77.0254,-12.1555],[-77.025,-12.154],[-77.0251,-12.1526],[-77.0248,-12.151],[-77.025,-12.1483],[-77.0262,-12.1459],[-77.026,-12.1445],[-77.0273,-12.1425],[-77.0283,-12.1413],[-77.028,-12.1394],[-77.0266,-12.1378],[-77.0258,-12.1365],[-77.023,-12.1353],[-77.0217,-12.1341],[-77.0195,-12.1305],[-77.0191,-12.1313],[-77.018,-12.1312]]]}},{"type":"Feature","id":26,"properties":{"name":"Chorrillos","province":"Lima","department":"Lima","type":"Distrito"},"geometry":{"type":"Polygon","coordinates":[[[-77.016,-12.1556],[-77.0075,-12.1603],[-77.0078,-12.1615],[-77.0097,-12.1613],[-77.0109,-12.1629],[-77.0117,-12.1647],[-77.0113,-12.1651],[-77.0088,-12.1658],[-77.0072,-12.1676],[-77.0058,-12.1707],[-77.0048,-12.1718],[-77.0032,-12.173],[-77.0014,-12.1734],[-77.0006,-12.1729],[-76.999,-12.1684],[-76.9987,-12.1666],[-76.9974,-12.1668],[-76.9955,-12.1696],[-76.9932,-12.1715],[-76.9916,-12.172],[-76.99,-12.1721],[-76.9877,-12.1709],[-76.9869,-12.1698],[-76.9864,-12.1675],[-76.9858,-12.1677],[-76.9856,-12.1694],[-76.9845,-12.1711],[-76.9842,-12.1725],[-76.9853,-12.1744],[-76.9863,-12.1776],[-76.987,-12.1787],[-76.9876,-12.1814],[-76.9877,-12.1859],[-76.9886,-12.1885],[-76.9888,-12.1897],[-76.9818,-12.1996],[-76.981,-12.2012],[-76.9776,-12.2157],[-76.9768,-12.2176],[-76.9763,-12.2202],[-76.9755,-12.2223],[-76.9711,-12.2268],[-76.9742,-12.2315],[-76.9788,-12.2296],[-76.983,-12.2277],[-76.9897,-12.225],[-76.999,-12.221],[-77.0148,-12.214],[-77.0183,-12.2126],[-77.0231,-12.2103],[-77.0262,-12.2092],[-77.0276,-12.2083],[-77.0307,-12.2074],[-77.0329,-12.2064],[-77.035,-12.2068],[-77.0363,-12.2061],[-77.0381,-12.2044],[-77.0365,-12.203],[-77.0367,-12.2021],[-77.0355,-12.2022],[-77.0342,-12.201],[-77.0343,-12.1992],[-77.0353,-12.1969],[-77.0386,-12.1939],[-77.04,-12.193],[-77.0386,-12.1902],[-77.0387,-12.1894],[-77.0397,-12.1872],[-77.0389,-12.1863],[-77.0396,-12.182],[-77.0394,-12.1814],[-77.0366,-12.1802],[-77.0341,-12.1783],[-77.0335,-12.1767],[-77.0337,-12.1748],[-77.0355,-12.1712],[-77.0376,-12.1694],[-77.0381,-12.1676],[-77.0368,-12.1675],[-77.035,-12.1663],[-77.035,-12.1655],[-77.0337,-12.1656],[-77.0331,-12.1649],[-77.0321,-12.1656],[-77.0308,-12.1657],[-77.0299,-12.1654],[-77.0288,-12.166],[-77.0277,-12.1653],[-77.0271,-12.1634],[-77.027,-12.1613],[-77.0274,-12.1594],[-77.0264,-12.1588],[-77.0261,-12.1572],[-77.0243,-12.1568],[-77.0194,-12.1547],[-77.0193,-12.1539],[-77.016,-12.1556]]]}},{"type":"Feature","id":27,"properties":{"name":"San Juan De Miraflores","province":"Lima","department":"Lima","type":"Distrito"},"geometry":{"type":"Polygon","coordinates":[[[-76.9477,-12.1175],[-76.9471,-12.1182],[-76.9454,-12.1189],[-76.9438,-12.1201],[-76.9419,-12.1206],[-76.9411,-12.1221],[-76.9419,-12.1233],[-76.9435,-12.1246],[-76.9448,-12.1268],[-76.9453,-12.1284],[-76.9453,-12.1309],[-76.9468,-12.1324],[-76.9508,-12.1344],[-76.9529,-12.1364],[-76.9547,-12.1398],[-76.9578,-12.1435],[-76.958,-12.1454],[-76.9587,-12.1473],[-76.9589,-12.1492],[-76.9589,-12.1568],[-76.958,-12.1585],[-76.9568,-12.1599],[-76.9565,-12.1608],[-76.9574,-12.1631],[-76.9576,-12.1649],[-76.9552,-12.1702],[-76.9548,-12.1736],[-76.9536,-12.1797],[-76.9532,-12.1836],[-76.9524,-12.1855],[-76.9541,-12.186],[-76.9545,-12.1866],[-76.9545,-12.1893],[-76.9542,-12.1899],[-76.9585,-12.1925],[-76.9597,-12.1917],[-76.961,-12.1925],[-76.9678,-12.1931],[-76.9693,-12.1927],[-76.9712,-12.1919],[-76.972,-12.192],[-76.9758,-12.2135],[-76.9765,-12.2171],[-76.9768,-12.2176],[-76.9776,-12.2157],[-76.981,-12.2012],[-76.9818,-12.1996],[-76.9888,-12.1897],[-76.9886,-12.1885],[-76.9877,-12.1859],[-76.9876,-12.1814],[-76.987,-12.1787],[-76.9863,-12.1776],[-76.9853,-12.1744],[-76.9842,-12.1725],[-76.9845,-12.1711],[-76.9856,-12.1694],[-76.9858,-12.1677],[-76.9864,-12.1675],[-76.9849,-12.1664],[-76.9844,-12.1665],[-76.9838,-12.1643],[-76.9838,-12.1628],[-76.9843,-12.1621],[-76.9849,-12.1599],[-76.9849,-12.1575],[-76.9832,-12.1571],[-76.9837,-12.155],[-76.9836,-12.1513],[-76.9822,-12.1468],[-76.9808,-12.1387],[-76.9791,-12.1394],[-76.9781,-12.1392],[-76.977,-12.1411],[-76.977,-12.142],[-76.9764,-12.143],[-76.9745,-12.1421],[-76.975,-12.1406],[-76.9749,-12.1387],[-76.9756,-12.1371],[-76.9744,-12.1368],[-76.9746,-12.1349],[-76.9738,-12.1352],[-76.9722,-12.1351],[-76.9721,-12.1339],[-76.9709,-12.1336],[-76.9708,-12.1323],[-76.968,-12.1306],[-76.967,-12.1303],[-76.9657,-12.1291],[-76.9645,-12.1288],[-76.9628,-12.1278],[-76.9623,-12.1271],[-76.9623,-12.1256],[-76.9617,-12.1228],[-76.9609,-12.1211],[-76.9602,-12.1201],[-76.9586,-12.1197],[-76.957,-12.1166],[-76.9556,-12.1156],[-76.9534,-12.1156],[-76.9499,-12.1163],[-76.9477,-12.1175]]]}},{"type":"Feature","id":28,"properties":{"name":"Villa Maria Del Triunfo","province":"Lima","department":"Lima","type":"Distrito"},"geometry":{"type":"Polygon","coordinates":[[[-76.8897,-12.2089],[-76.8897,-12.2098],[-76.8886,-12.2119],[-76.8887,-12.2129],[-76.891,-12.2145],[-76.8938,-12.2153],[-76.8957,-12.2167],[-76.897,-12.2165],[-76.8983,-12.2173],[-76.8994,-12.2176],[-76.9006,-12.2192],[-76.9031,-12.2282],[-76.9044,-12.2308],[-76.9054,-12.232],[-76.9064,-12.2325],[-76.9078,-12.2323],[-76.91,-12.2313],[-76.9096,-12.2296],[-76.9113,-12.229],[-76.9183,-12.226],[-76.9196,-12.2245],[-76.9209,-12.2201],[-76.9222,-12.2146],[-76.9231,-12.213],[-76.9275,-12.2071],[-76.9313,-12.2009],[-76.9333,-12.1972],[-76.9361,-12.1927],[-76.9403,-12.1859],[-76.9422,-12.1825],[-76.9474,-12.1855],[-76.9503,-12.1849],[-76.9524,-12.1855],[-76.9532,-12.1836],[-76.9536,-12.1797],[-76.9548,-12.1736],[-76.9552,-12.1702],[-76.9576,-12.1649],[-76.9574,-12.1631],[-76.9565,-12.1608],[-76.9568,-12.1599],[-76.958,-12.1585],[-76.9589,-12.1568],[-76.9589,-12.1492],[-76.9587,-12.1473],[-76.958,-12.1454],[-76.9578,-12.1435],[-76.9547,-12.1398],[-76.9529,-12.1364],[-76.9508,-12.1344],[-76.9468,-12.1324],[-76.9453,-12.1309],[-76.9453,-12.1284],[-76.9448,-12.1268],[-76.9435,-12.1246],[-76.9419,-12.1233],[-76.9411,-12.1221],[-76.9379,-12.1225],[-76.935,-12.1234],[-76.932,-12.1234],[-76.9294,-12.1225],[-76.9279,-12.1223],[-76.9256,-12.1211],[-76.9226,-12.1202],[-76.9213,-12.1191],[-76.9179,-12.119],[-76.9145,-12.1212],[-76.9128,-12.1214],[-76.911,-12.122],[-76.9123,-12.1258],[-76.9122,-12.1278],[-76.9113,-12.1284],[-76.9084,-12.1293],[-76.9063,-12.1309],[-76.9042,-12.1313],[-76.9033,-12.132],[-76.9022,-12.1335],[-76.9015,-12.1358],[-76.8999,-12.1377],[-76.8995,-12.139],[-76.8971,-12.1415],[-76.8969,-12.1439],[-76.8961,-12.1472],[-76.8948,-12.1495],[-76.8935,-12.1508],[-76.8907,-12.1528],[-76.889,-12.1535],[-76.8868,-12.1539],[-76.8861,-12.1545],[-76.8849,-12.1579],[-76.8832,-12.1663],[-76.8823,-12.1682],[-76.8825,-12.1699],[-76.8838,-12.172],[-76.8846,-12.1729],[-76.8852,-12.1749],[-76.8849,-12.176],[-76.8831,-12.1784],[-76.8831,-12.1795],[-76.8849,-12.1828],[-76.8862,-12.1872],[-76.8879,-12.1885],[-76.8881,-12.1911],[-76.889,-12.1937],[-76.8899,-12.1954],[-76.8918,-12.1978],[-76.8924,-12.1991],[-76.892,-12.2003],[-76.8906,-12.202],[-76.8912,-12.2049],[-76.8912,-12.2074],[-76.8897,-12.2089]]]}},{"type":"Feature","id":31,"properties":{"name":"Mi Perãz","province":"Lima","department":"Lima","type":"Distrito"},"geometry":{"type":"Polygon","coordinates":[[[-77.1108,-11.8537],[-77.1124,-11.8555],[-77.1128,-11.8565],[-77.1144,-11.8577],[-77.1146,-11.8586],[-77.1165,-11.8598],[-77.1173,-11.8614],[-77.1199,-11.8628],[-77.1208,-11.8642],[-77.121,-11.8651],[-77.1228,-11.8654],[-77.1232,-11.8629],[-77.1238,-11.8629],[-77.1238,-11.8606],[-77.1234,-11.8592],[-77.1292,-11.8617],[-77.1301,-11.8606],[-77.1304,-11.8596],[-77.1297,-11.8532],[-77.1288,-11.8517],[-77.127,-11.8501],[-77.125,-11.8495],[-77.1231,-11.8496],[-77.1205,-11.8486],[-77.1198,-11.848],[-77.1188,-11.8457],[-77.1175,-11.8441],[-77.1151,-11.8417],[-77.1133,-11.843],[-77.1135,-11.846],[-77.113,-11.8476],[-77.1141,-11.8482],[-77.1153,-11.8472],[-77.1162,-11.8486],[-77.1148,-11.85],[-77.1139,-11.8513],[-77.1126,-11.8503],[-77.1113,-11.8509],[-77.1112,-11.8525],[-77.1108,-11.8537]]]}},{"type":"Feature","id":34,"properties":{"name":"Lima","province":"Lima","department":"Lima","type":"Distrito"},"geometry":{"type":"Polygon","coordinates":[[[-77.0032,-12.0626],[-77.0108,-12.0608],[-77.0156,-12.0614],[-77.0166,-12.0589],[-77.0174,-12.0575],[-77.0354,-12.0595],[-77.0353,-12.0604],[-77.0281,-12.0787],[-77.0363,-12.0799],[-77.0381,-12.0679],[-77.0376,-12.0643],[-77.0457,-12.0653],[-77.0415,-12.0602],[-77.0424,-12.0509],[-77.0456,-12.0507],[-77.0521,-12.0493],[-77.0537,-12.0491],[-77.0554,-12.0526],[-77.0576,-12.0556],[-77.0593,-12.0621],[-77.0612,-12.0675],[-77.0657,-12.0676],[-77.0777,-12.0685],[-77.0785,-12.0624],[-77.0789,-12.0603],[-77.0831,-12.0613],[-77.0882,-12.0616],[-77.0885,-12.0587],[-77.0877,-12.052],[-77.0879,-12.0518],[-77.0784,-12.0501],[-77.0771,-12.048],[-77.077,-12.0466],[-77.0815,-12.047],[-77.0817,-12.045],[-77.0826,-12.045],[-77.0832,-12.0392],[-77.0826,-12.0392],[-77.0829,-12.0364],[-77.0798,-12.0358],[-77.0779,-12.0353],[-77.0763,-12.0351],[-77.0745,-12.0346],[-77.0715,-12.0344],[-77.0682,-12.0347],[-77.0655,-12.0349],[-77.0629,-12.0352],[-77.0568,-12.0364],[-77.0546,-12.0365],[-77.0532,-12.0367],[-77.0489,-12.0357],[-77.0476,-12.036],[-77.0457,-12.0385],[-77.045,-12.0389],[-77.0434,-12.0388],[-77.0397,-12.039],[-77.0362,-12.0406],[-77.0308,-12.0428],[-77.0273,-12.0436],[-77.0221,-12.0438],[-77.0189,-12.0444],[-77.0165,-12.0439],[-77.0149,-12.0427],[-77.0132,-12.0398],[-77.0126,-12.0373],[-77.0124,-12.0343],[-77.0117,-12.0321],[-77.0099,-12.0304],[-77.008,-12.0335],[-77.0088,-12.0343],[-77.0057,-12.038],[-77.0047,-12.0417],[-77.003,-12.0469],[-77.0048,-12.048],[-77.0068,-12.0497],[-77.0084,-12.0477],[-77.0085,-12.0465],[-77.0081,-12.0459],[-77.007,-12.0429],[-77.0074,-12.0426],[-77.0109,-12.0438],[-77.0109,-12.0474],[-77.0113,-12.0507],[-77.0123,-12.0536],[-77.0103,-12.0562],[-77.0073,-12.0587],[-77.0068,-12.06],[-77.0032,-12.0626]]]}},{"type":"Feature","id":36,"properties":{"name":"El Agustino","province":"Lima","department":"Lima","type":"Distrito"},"geometry":{"type":"Polygon","coordinates":[[[-76.9374,-12.022],[-76.9377,-12.0223],[-76.9392,-12.0222],[-76.9398,-12.0222],[-76.9421,-12.0223],[-76.944,-12.0225],[-76.9455,-12.0231],[-76.947,-12.0232],[-76.948,-12.0239],[-76.9532,-12.0239],[-76.9541,-12.026],[-76.955,-12.0278],[-76.9556,-12.0288],[-76.9558,-12.0296],[-76.9569,-12.0295],[-76.9588,-12.03],[-76.9631,-12.0318],[-76.9648,-12.0329],[-76.9665,-12.0341],[-76.9687,-12.0357],[-76.9742,-12.0399],[-76.9751,-12.0402],[-76.976,-12.0404],[-76.9774,-12.0405],[-76.9783,-12.0403],[-76.98,-12.0406],[-76.981,-12.0405],[-76.9814,-12.0405],[-76.9822,-12.0404],[-76.9832,-12.0401],[-76.9844,-12.0394],[-76.9851,-12.0399],[-76.988,-12.0395],[-76.9877,-12.0405],[-76.987,-12.0416],[-76.9855,-12.0435],[-76.9846,-12.0442],[-76.9859,-12.0474],[-76.9885,-12.0487],[-76.9891,-12.0506],[-76.9889,-12.0529],[-76.9856,-12.0571],[-76.985,-12.0574],[-76.9839,-12.057],[-76.9829,-12.0564],[-76.9809,-12.0552],[-76.978,-12.055],[-76.9753,-12.0539],[-76.9732,-12.0585],[-76.9785,-12.0607],[-76.9819,-12.063],[-76.9825,-12.0618],[-76.9824,-12.0602],[-76.9884,-12.059],[-76.9912,-12.0573],[-76.9922,-12.0569],[-76.994,-12.0574],[-76.9964,-12.0593],[-76.9978,-12.0608],[-76.9998,-12.0606],[-76.9999,-12.0615],[-77.0018,-12.0618],[-77.0029,-12.0616],[-77.0032,-12.0626],[-77.0068,-12.06],[-77.0073,-12.0587],[-77.0103,-12.0562],[-77.0123,-12.0536],[-77.0113,-12.0507],[-77.0109,-12.0474],[-77.0109,-12.0438],[-77.0074,-12.0426],[-77.007,-12.0429],[-77.0081,-12.0459],[-77.0085,-12.0465],[-77.0084,-12.0477],[-77.0068,-12.0497],[-77.0048,-12.048],[-77.003,-12.0469],[-77.0047,-12.0417],[-77.0057,-12.038],[-77.0088,-12.0343],[-77.008,-12.0335],[-77.0099,-12.0304],[-77.0086,-12.0299],[-77.005,-12.0296],[-77.0006,-12.028],[-76.9958,-12.027],[-76.9912,-12.0268],[-76.9867,-12.0265],[-76.982,-12.0256],[-76.9802,-12.0255],[-76.9771,-12.0261],[-76.9744,-12.0261],[-76.9726,-12.0264],[-76.9671,-12.0267],[-76.9649,-12.0261],[-76.9602,-12.024],[-76.9563,-12.0231],[-76.9536,-12.0219],[-76.9515,-12.022],[-76.9491,-12.0211],[-76.9477,-12.0209],[-76.9433,-12.0215],[-76.9402,-12.0214],[-76.9374,-12.022]]]}},{"type":"Feature","id":37,"properties":{"name":"Independencia","province":"Lima","department":"Lima","type":"Distrito"},"geometry":{"type":"Polygon","coordinates":[[[-77.0307,-11.9964],[-77.0312,-11.9981],[-77.0324,-12.0002],[-77.0368,-12.0035],[-77.0439,-12.0101],[-77.0449,-12.0117],[-77.046,-12.0167],[-77.0474,-12.0172],[-77.0477,-12.0162],[-77.0487,-12.0149],[-77.0487,-12.0134],[-77.0497,-12.0108],[-77.0503,-12.0105],[-77.053,-12.0111],[-77.0537,-12.0075],[-77.0613,-12.0084],[-77.0621,-12.0033],[-77.0621,-12.0025],[-77.0656,-11.9803],[-77.0656,-11.9782],[-77.0647,-11.9774],[-77.0601,-11.9766],[-77.0599,-11.9773],[-77.0581,-11.9768],[-77.0575,-11.9747],[-77.057,-11.9753],[-77.0551,-11.9735],[-77.0534,-11.9729],[-77.0524,-11.971],[-77.0506,-11.9684],[-77.0476,-11.9661],[-77.0455,-11.9656],[-77.0412,-11.9659],[-77.04,-11.9658],[-77.037,-11.9642],[-77.0338,-11.9619],[-77.0323,-11.9616],[-77.0301,-11.9616],[-77.0283,-11.9607],[-77.0287,-11.9625],[-77.0288,-11.964],[-77.0275,-11.9663],[-77.0289,-11.9686],[-77.0296,-11.9711],[-77.0294,-11.9757],[-77.0287,-11.9818],[-77.0289,-11.9828],[-77.03,-11.9849],[-77.0303,-11.9862],[-77.0302,-11.9925],[-77.0307,-11.9964]]]}},{"type":"Feature","id":42,"properties":{"name":"San Martín de Porres","province":"Lima","department":"Lima","type":"Distrito"},"geometry":{"type":"Polygon","coordinates":[[[-77.0788,-12.0125],[-77.078,-12.0124],[-77.0749,-12.0119],[-77.0733,-12.0116],[-77.0723,-12.0114],[-77.0705,-12.011],[-77.0643,-12.0089],[-77.0613,-12.0084],[-77.0537,-12.0075],[-77.053,-12.0111],[-77.0505,-12.0227],[-77.0501,-12.0231],[-77.0444,-12.0284],[-77.0434,-12.0388],[-77.045,-12.0389],[-77.0457,-12.0385],[-77.0476,-12.036],[-77.0489,-12.0357],[-77.0532,-12.0367],[-77.0546,-12.0365],[-77.0568,-12.0364],[-77.0629,-12.0352],[-77.0655,-12.0349],[-77.0682,-12.0347],[-77.0715,-12.0344],[-77.0745,-12.0346],[-77.0763,-12.0351],[-77.0779,-12.0353],[-77.0798,-12.0358],[-77.0829,-12.0364],[-77.0852,-12.0369],[-77.0935,-12.0381],[-77.0935,-12.0363],[-77.0951,-12.0366],[-77.095,-12.0343],[-77.0962,-12.0337],[-77.0944,-12.03],[-77.094,-12.03],[-77.0926,-12.0268],[-77.0907,-12.0231],[-77.0914,-12.0227],[-77.0898,-12.0194],[-77.0879,-12.0162],[-77.0873,-12.0156],[-77.0876,-12.0145],[-77.0891,-12.0122],[-77.0907,-12.0119],[-77.0916,-12.0102],[-77.0916,-12.0095],[-77.0935,-12.01],[-77.0942,-12.0087],[-77.0939,-12.0079],[-77.0953,-12.0045],[-77.0966,-12.0056],[-77.0976,-12.0059],[-77.0982,-12.0045],[-77.1003,-12.0039],[-77.1025,-11.9996],[-77.1027,-11.9985],[-77.1036,-11.9984],[-77.1044,-12.0002],[-77.107,-11.9994],[-77.1095,-11.9949],[-77.1103,-11.9941],[-77.1126,-11.9968],[-77.1133,-11.9969],[-77.1162,-11.9957],[-77.118,-11.9945],[-77.1184,-11.9935],[-77.1184,-11.9916],[-77.1173,-11.9907],[-77.1145,-11.9846],[-77.113,-11.9827],[-77.1126,-11.9817],[-77.1129,-11.9799],[-77.1112,-11.9779],[-77.1113,-11.9732],[-77.1146,-11.9716],[-77.1157,-11.9707],[-77.1169,-11.9712],[-77.1184,-11.9711],[-77.1178,-11.9614],[-77.1177,-11.9575],[-77.1179,-11.9559],[-77.1194,-11.9545],[-77.1203,-11.9533],[-77.1207,-11.9506],[-77.1211,-11.9497],[-77.1229,-11.9483],[-77.124,-11.946],[-77.1265,-11.9437],[-77.1275,-11.9424],[-77.1285,-11.9393],[-77.1285,-11.9376],[-77.1269,-11.9391],[-77.1246,-11.9395],[-77.1244,-11.9409],[-77.1228,-11.9434],[-77.1221,-11.9435],[-77.1209,-11.9444],[-77.1207,-11.9451],[-77.1191,-11.9448],[-77.1185,-11.9453],[-77.1172,-11.9454],[-77.1158,-11.9462],[-77.1136,-11.9462],[-77.1114,-11.9469],[-77.1081,-11.9484],[-77.1063,-11.9489],[-77.1016,-11.9496],[-77.0968,-11.95],[-77.0952,-11.9497],[-77.0944,-11.9485],[-77.0942,-11.9465],[-77.0921,-11.9448],[-77.0908,-11.9444],[-77.0874,-11.9414],[-77.085,-11.9379],[-77.0839,-11.9367],[-77.0837,-11.9389],[-77.084,-11.9403],[-77.086,-11.9468],[-77.0858,-11.9501],[-77.0852,-11.9537],[-77.084,-11.962],[-77.0835,-11.9647],[-77.0837,-11.9682],[-77.0853,-11.9711],[-77.0877,-11.9739],[-77.0858,-11.9758],[-77.0831,-11.9766],[-77.0859,-11.9825],[-77.0784,-11.9832],[-77.0788,-11.9848],[-77.0813,-11.9893],[-77.0822,-11.9914],[-77.0841,-11.9948],[-77.0848,-11.9963],[-77.0821,-12.0079],[-77.0799,-12.0127],[-77.0788,-12.0125]]]}},{"type":"Feature","id":46,"properties":{"name":"San Juan De Lurigancho","province":"Lima","department":"Lima","type":"Distrito"},"geometry":{"type":"Polygon","coordinates":[[[-76.924,-11.8693],[-76.9213,-11.8682],[-76.9184,-11.8669],[-76.9163,-11.8657],[-76.9137,-11.8652],[-76.9084,-11.8647],[-76.9056,-11.8647],[-76.9038,-11.865],[-76.9005,-11.864],[-76.8979,-11.8643],[-76.8959,-11.8642],[-76.8942,-11.8647],[-76.8953,-11.8662],[-76.896,-11.8678],[-76.8963,-11.8693],[-76.8977,-11.8718],[-76.8976,-11.8755],[-76.8968,-11.878],[-76.8965,-11.88],[-76.8969,-11.8813],[-76.8977,-11.882],[-76.9006,-11.8829],[-76.9035,-11.8856],[-76.9044,-11.8861],[-76.9104,-11.888],[-76.9119,-11.8881],[-76.9125,-11.8887],[-76.9133,-11.8914],[-76.9136,-11.8965],[-76.9142,-11.8995],[-76.9148,-11.9009],[-76.9163,-11.9029],[-76.9178,-11.9056],[-76.9176,-11.9084],[-76.9171,-11.911],[-76.9165,-11.9129],[-76.9171,-11.9153],[-76.9181,-11.9168],[-76.9183,-11.9198],[-76.9181,-11.9203],[-76.9149,-11.9234],[-76.9142,-11.9255],[-76.9156,-11.9274],[-76.9184,-11.9301],[-76.9201,-11.9308],[-76.9246,-11.9323],[-76.9278,-11.9343],[-76.9296,-11.9368],[-76.9294,-11.9394],[-76.9296,-11.9405],[-76.9313,-11.9422],[-76.932,-11.9442],[-76.9331,-11.9459],[-76.934,-11.9464],[-76.9364,-11.9472],[-76.9376,-11.9481],[-76.9394,-11.9506],[-76.9415,-11.9522],[-76.9441,-11.9531],[-76.947,-11.9522],[-76.949,-11.9525],[-76.9504,-11.9538],[-76.9504,-11.956],[-76.9509,-11.9584],[-76.9509,-11.9622],[-76.951,-11.9639],[-76.9526,-11.9677],[-76.954,-11.9697],[-76.9542,-11.9714],[-76.9581,-11.9759],[-76.958,-11.9768],[-76.959,-11.9801],[-76.9607,-11.9819],[-76.9623,-11.9841],[-76.9644,-11.9879],[-76.9664,-11.9927],[-76.9675,-11.9938],[-76.9705,-11.9954],[-76.971,-11.9959],[-76.9712,-11.998],[-76.9695,-12.0009],[-76.9689,-12.0026],[-76.9674,-12.0043],[-76.9664,-12.0048],[-76.9641,-12.0053],[-76.9613,-12.0065],[-76.9556,-12.0113],[-76.954,-12.0139],[-76.9527,-12.0186],[-76.9527,-12.0197],[-76.9536,-12.0219],[-76.9563,-12.0231],[-76.9602,-12.024],[-76.9649,-12.0261],[-76.9671,-12.0267],[-76.9726,-12.0264],[-76.9744,-12.0261],[-76.9771,-12.0261],[-76.9802,-12.0255],[-76.982,-12.0256],[-76.9867,-12.0265],[-76.9912,-12.0268],[-76.9958,-12.027],[-77.0006,-12.028],[-77.005,-12.0296],[-77.0086,-12.0299],[-77.0099,-12.0304],[-77.0117,-12.0321],[-77.0124,-12.0343],[-77.0126,-12.0373],[-77.0147,-12.0369],[-77.0165,-12.036],[-77.0189,-12.0323],[-77.0213,-12.0294],[-77.022,-12.0282],[-77.0222,-12.0256],[-77.0205,-12.0233],[-77.0196,-12.0211],[-77.0196,-12.0195],[-77.02,-12.017],[-77.0208,-12.0146],[-77.0228,-12.0118],[-77.0233,-12.0102],[-77.0254,-12.0082],[-77.0256,-12.0061],[-77.0282,-12.0035],[-77.0292,-11.9978],[-77.0307,-11.9964],[-77.0302,-11.9925],[-77.0303,-11.9862],[-77.03,-11.9849],[-77.0289,-11.9828],[-77.0287,-11.9818],[-77.0294,-11.9757],[-77.0296,-11.9711],[-77.0289,-11.9686],[-77.0275,-11.9663],[-77.0288,-11.964],[-77.0287,-11.9625],[-77.0283,-11.9607],[-77.027,-11.9583],[-77.0259,-11.9569],[-77.0233,-11.9545],[-77.0191,-11.9519],[-77.0176,-11.9496],[-77.0172,-11.9464],[-77.0161,-11.9419],[-77.0162,-11.9398],[-77.017,-11.9386],[-77.0201,-11.9369],[-77.0203,-11.9361],[-77.0181,-11.9357],[-77.016,-11.9367],[-77.0153,-11.9366],[-77.0138,-11.9353],[-77.0078,-11.9314],[-77.0067,-11.9304],[-77.005,-11.9281],[-77.0022,-11.9253],[-77.0006,-11.9249],[-76.9996,-11.9235],[-76.9993,-11.921],[-76.9982,-11.9191],[-76.9975,-11.9185],[-76.9953,-11.9181],[-76.9895,-11.9188],[-76.9883,-11.9186],[-76.9874,-11.9175],[-76.9875,-11.9168],[-76.9894,-11.9144],[-76.9908,-11.912],[-76.9917,-11.9095],[-76.9915,-11.9081],[-76.9899,-11.9058],[-76.9892,-11.9041],[-76.989,-11.9009],[-76.9894,-11.8995],[-76.9893,-11.8985],[-76.9862,-11.8956],[-76.9838,-11.8937],[-76.9805,-11.8915],[-76.9748,-11.8866],[-76.9703,-11.8821],[-76.9682,-11.8793],[-76.9661,-11.8775],[-76.9641,-11.8754],[-76.9616,-11.8734],[-76.9578,-11.8714],[-76.9565,-11.8686],[-76.9545,-11.8662],[-76.9513,-11.8645],[-76.9474,-11.8617],[-76.9435,-11.8615],[-76.9423,-11.8609],[-76.9412,-11.8627],[-76.9403,-11.8649],[-76.9397,-11.8658],[-76.9362,-11.8694],[-76.9342,-11.8703],[-76.9312,-11.8704],[-76.9282,-11.8708],[-76.925,-11.8699],[-76.924,-11.8693]]]}},{"type":"Feature","id":49,"properties":{"name":"Magdalena Del Mar","province":"Lima","department":"Lima","type":"Distrito"},"geometry":{"type":"Polygon","coordinates":[[[-77.0721,-12.0836],[-77.0644,-12.0863],[-77.0632,-12.0865],[-77.055,-12.0919],[-77.0558,-12.0934],[-77.0574,-12.0926],[-77.0589,-12.0964],[-77.0584,-12.0967],[-77.0602,-12.0999],[-77.0608,-12.1021],[-77.0603,-12.1052],[-77.0604,-12.1066],[-77.0613,-12.1078],[-77.0633,-12.1064],[-77.0655,-12.1043],[-77.068,-12.1026],[-77.072,-12.1],[-77.0725,-12.0991],[-77.0742,-12.0979],[-77.0779,-12.0958],[-77.0777,-12.0956],[-77.0751,-12.0886],[-77.0741,-12.0889],[-77.0738,-12.088],[-77.0749,-12.0875],[-77.0739,-12.0857],[-77.0735,-12.0858],[-77.0721,-12.0836]]]}},{"type":"Feature","id":50,"properties":{"name":"San Isidro","province":"Lima","department":"Lima","type":"Distrito"},"geometry":{"type":"Polygon","coordinates":[[[-77.0228,-12.0908],[-77.0098,-12.089],[-77.0077,-12.0887],[-77.0077,-12.0899],[-77.0116,-12.0971],[-77.0121,-12.0991],[-77.0119,-12.1008],[-77.0105,-12.1073],[-77.0147,-12.108],[-77.0166,-12.1056],[-77.0161,-12.1036],[-77.0164,-12.1023],[-77.0188,-12.1019],[-77.0274,-12.1029],[-77.0315,-12.1036],[-77.0366,-12.11],[-77.0372,-12.1101],[-77.0383,-12.109],[-77.039,-12.1098],[-77.0405,-12.1083],[-77.0431,-12.1108],[-77.0442,-12.1105],[-77.0462,-12.1105],[-77.0467,-12.1109],[-77.0493,-12.1084],[-77.0514,-12.1104],[-77.0533,-12.109],[-77.0545,-12.1099],[-77.056,-12.1116],[-77.0605,-12.1083],[-77.0613,-12.1078],[-77.0604,-12.1066],[-77.0603,-12.1052],[-77.0608,-12.1021],[-77.0602,-12.0999],[-77.0584,-12.0967],[-77.0589,-12.0964],[-77.0574,-12.0926],[-77.0558,-12.0934],[-77.055,-12.0919],[-77.0533,-12.093],[-77.0501,-12.0869],[-77.0486,-12.085],[-77.0476,-12.0916],[-77.0465,-12.0917],[-77.0431,-12.0912],[-77.0432,-12.0905],[-77.0337,-12.0892],[-77.0335,-12.0907],[-77.0299,-12.0912],[-77.0302,-12.0919],[-77.0228,-12.0908]]]}}]}