{"type":"FeatureCollection","features":[{"type":"Feature","id":"raion-moscow-87","properties":{"name":"rajon Vostochnyj","province":"Moskva","department":"Gorod Moskva","type":"Raion","country":"Rusia","iso":"RU"},"geometry":{"type":"MultiPolygon","coordinates":[[[[37.8453,55.8136],[37.8573,55.8179],[37.8581,55.8188],[37.8575,55.8196],[37.8592,55.82],[37.86,55.8194],[37.8723,55.8225],[37.8738,55.82],[37.8783,55.8207],[37.8805,55.8195],[37.8879,55.8207],[37.8887,55.8197],[37.8972,55.8182],[37.8989,55.8174],[37.8999,55.8151],[37.898,55.8138],[37.8954,55.8138],[37.8893,55.8152],[37.8869,55.8165],[37.8841,55.8167],[37.8808,55.8143],[37.8798,55.8142],[37.8781,55.8114],[37.8741,55.8107],[37.8736,55.8087],[37.8701,55.8078],[37.8712,55.8063],[37.8666,55.8042],[37.8657,55.8042],[37.8617,55.8087],[37.86,55.8084],[37.8607,55.8075],[37.8564,55.806],[37.8522,55.809],[37.8502,55.8086],[37.8489,55.8094],[37.8498,55.8105],[37.8453,55.8136]]],[[[37.8675,55.8237],[37.8736,55.8252],[37.876,55.8249],[37.8689,55.8229],[37.8692,55.8224],[37.8683,55.8222],[37.8675,55.8237]]]]}},{"type":"Feature","id":"raion-moscow-88","properties":{"name":"Obruchevskij rajon","province":"Moskva","department":"Gorod Moskva","type":"Raion","country":"Rusia","iso":"RU"},"geometry":{"type":"MultiPolygon","coordinates":[[[[37.4825,55.6495],[37.5017,55.6585],[37.5241,55.6737],[37.5296,55.671],[37.5311,55.6691],[37.5331,55.6682],[37.5409,55.6686],[37.5422,55.6716],[37.5446,55.6737],[37.5551,55.6706],[37.5391,55.6557],[37.5254,55.6573],[37.5228,55.6553],[37.5212,55.656],[37.5199,55.6552],[37.5219,55.6546],[37.5133,55.6481],[37.5088,55.65],[37.4985,55.6422],[37.4865,55.6469],[37.4825,55.6495]]]]}},{"type":"Feature","id":"raion-moscow-89","properties":{"name":"rajon Sviblovo","province":"Moskva","department":"Gorod Moskva","type":"Raion","country":"Rusia","iso":"RU"},"geometry":{"type":"MultiPolygon","coordinates":[[[[37.625,55.8571],[37.6329,55.8574],[37.6329,55.8592],[37.6339,55.8606],[37.6402,55.865],[37.6417,55.8653],[37.6421,55.8644],[37.6448,55.8633],[37.6469,55.861],[37.6529,55.8576],[37.6619,55.8569],[37.6719,55.8504],[37.6715,55.8468],[37.6635,55.8408],[37.6506,55.8446],[37.6267,55.846],[37.6259,55.8554],[37.625,55.8571]]]]}},{"type":"Feature","id":"raion-moscow-90","properties":{"name":"rajon Zjuzino","province":"Moskva","department":"Gorod Moskva","type":"Raion","country":"Rusia","iso":"RU"},"geometry":{"type":"MultiPolygon","coordinates":[[[[37.564,55.6495],[37.5812,55.666],[37.5932,55.6655],[37.5968,55.6663],[37.6014,55.6648],[37.6136,55.6635],[37.6055,55.6565],[37.6057,55.6413],[37.5902,55.6424],[37.5754,55.6468],[37.564,55.6495]]]]}},{"type":"Feature","id":"raion-moscow-91","properties":{"name":"Alekseevskij rajon","province":"Moskva","department":"Gorod Moskva","type":"Raion","country":"Rusia","iso":"RU"},"geometry":{"type":"MultiPolygon","coordinates":[[[[37.635,55.7971],[37.6393,55.8186],[37.6543,55.8333],[37.6552,55.8321],[37.6535,55.8301],[37.6544,55.8286],[37.6648,55.8267],[37.667,55.826],[37.6675,55.825],[37.6705,55.8244],[37.6686,55.8204],[37.6514,55.8001],[37.6503,55.7929],[37.6515,55.7894],[37.6463,55.7909],[37.6405,55.7946],[37.635,55.7971]]]]}},{"type":"Feature","id":"raion-moscow-92","properties":{"name":"rajon CHertanovo Central'noe","province":"Moskva","department":"Gorod Moskva","type":"Raion","country":"Rusia","iso":"RU"},"geometry":{"type":"MultiPolygon","coordinates":[[[[37.57,55.6082],[37.5747,55.6088],[37.5758,55.6116],[37.5748,55.6131],[37.5774,55.6141],[37.5777,55.6149],[37.576,55.6157],[37.5785,55.6188],[37.575,55.6198],[37.5751,55.6205],[37.5769,55.622],[37.5797,55.6219],[37.5829,55.6252],[37.5978,55.6232],[37.6149,55.6223],[37.6237,55.621],[37.6308,55.6218],[37.6349,55.615],[37.6408,55.6105],[37.6378,55.6086],[37.6333,55.6043],[37.6226,55.6077],[37.6093,55.6102],[37.606,55.6035],[37.59,55.605],[37.5902,55.6059],[37.5884,55.6061],[37.5816,55.6044],[37.5778,55.6044],[37.5758,55.6063],[37.5741,55.6066],[37.5735,55.6059],[37.5717,55.6061],[37.5701,55.6072],[37.57,55.6082]]]]}},{"type":"Feature","id":"raion-moscow-93","properties":{"name":"rajon Birjuljovo Zapadnoe","province":"Moskva","department":"Gorod Moskva","type":"Raion","country":"Rusia","iso":"RU"},"geometry":{"type":"MultiPolygon","coordinates":[[[[37.6131,55.5746],[37.6152,55.5899],[37.6162,55.592],[37.6194,55.5948],[37.6282,55.5993],[37.6375,55.6083],[37.6408,55.6105],[37.6428,55.609],[37.6447,55.6058],[37.6489,55.6015],[37.6596,55.5834],[37.6608,55.5773],[37.6644,55.5716],[37.6539,55.5723],[37.6508,55.5717],[37.6497,55.5725],[37.6131,55.5746]]]]}},{"type":"Feature","id":"raion-moscow-94","properties":{"name":"Basmannyj rajon","province":"Moskva","department":"Gorod Moskva","type":"Raion","country":"Rusia","iso":"RU"},"geometry":{"type":"MultiPolygon","coordinates":[[[[37.6279,55.7596],[37.6309,55.7601],[37.6346,55.7624],[37.6372,55.7651],[37.6447,55.7685],[37.6547,55.7696],[37.663,55.7697],[37.6644,55.7733],[37.676,55.7784],[37.6802,55.777],[37.6865,55.7818],[37.7032,55.7815],[37.7088,55.7796],[37.7135,55.7753],[37.7024,55.7701],[37.6975,55.7667],[37.6922,55.7695],[37.689,55.7678],[37.6858,55.764],[37.686,55.7622],[37.6826,55.7595],[37.6802,55.7591],[37.673,55.7593],[37.6713,55.7587],[37.6708,55.7579],[37.673,55.7532],[37.6705,55.7507],[37.6662,55.7531],[37.6642,55.7527],[37.6627,55.7542],[37.6583,55.7547],[37.6552,55.7546],[37.6501,55.753],[37.6435,55.7527],[37.639,55.7532],[37.637,55.7542],[37.6351,55.7539],[37.6279,55.7596]]]]}},{"type":"Feature","id":"raion-moscow-95","properties":{"name":"rajon Matushkino","province":"Moskva","department":"Gorod Moskva","type":"Raion","country":"Rusia","iso":"RU"},"geometry":{"type":"MultiPolygon","coordinates":[[[[37.1775,56.008],[37.1818,56.0084],[37.1807,56.0102],[37.1807,56.0115],[37.1905,56.0135],[37.1955,56.0186],[37.2032,56.0155],[37.2073,56.0171],[37.2113,56.0129],[37.2108,56.0125],[37.2315,56.0045],[37.2254,56.0045],[37.2255,56.0025],[37.2285,55.9992],[37.2274,55.9981],[37.2219,56.0],[37.2203,56.0001],[37.2203,55.9993],[37.2121,56.0012],[37.2095,56.0008],[37.214,55.9933],[37.2131,55.9899],[37.2134,55.9892],[37.2124,55.987],[37.2114,55.987],[37.2088,55.9878],[37.2067,55.9875],[37.205,55.988],[37.2052,55.9915],[37.2042,55.9936],[37.2027,55.9937],[37.1993,55.9974],[37.198,55.9974],[37.1977,55.9985],[37.197,55.9987],[37.197,55.9996],[37.201,56.0001],[37.1999,56.0025],[37.1987,56.0023],[37.1989,56.0031],[37.1948,56.0044],[37.1891,56.0019],[37.1876,56.002],[37.1863,56.0023],[37.1868,56.0031],[37.1851,56.0038],[37.1843,56.0052],[37.1792,56.0051],[37.1775,56.008]]]]}},{"type":"Feature","id":"raion-moscow-96","properties":{"name":"rajon Silino","province":"Moskva","department":"Gorod Moskva","type":"Raion","country":"Rusia","iso":"RU"},"geometry":{"type":"MultiPolygon","coordinates":[[[[37.1316,56.0164],[37.1361,56.0191],[37.1389,56.0179],[37.1388,56.0184],[37.1433,56.0177],[37.1452,56.0181],[37.1501,56.0172],[37.1505,56.0165],[37.1583,56.018],[37.1598,56.0164],[37.1592,56.0153],[37.16,56.0144],[37.1587,56.0141],[37.1589,56.0137],[37.1617,56.0132],[37.1646,56.0142],[37.1677,56.0139],[37.1776,56.0151],[37.1853,56.0189],[37.1842,56.0197],[37.1847,56.0202],[37.187,56.02],[37.189,56.0212],[37.1955,56.0186],[37.1905,56.0135],[37.1807,56.0115],[37.1807,56.0102],[37.1818,56.0084],[37.1775,56.008],[37.1788,56.0054],[37.1843,56.0052],[37.1851,56.0038],[37.1868,56.0031],[37.1863,56.0023],[37.1876,56.002],[37.1891,56.0019],[37.1948,56.0044],[37.1989,56.0031],[37.1987,56.0023],[37.1999,56.0025],[37.201,56.0001],[37.197,55.9996],[37.197,55.9987],[37.1977,55.9985],[37.198,55.9974],[37.1993,55.9974],[37.2027,55.9937],[37.2042,55.9936],[37.2052,55.9915],[37.205,55.988],[37.1955,55.989],[37.1957,55.99],[37.1921,55.9917],[37.1852,55.9903],[37.1788,55.9833],[37.1733,55.9804],[37.1625,55.989],[37.1506,55.9992],[37.1512,55.9995],[37.147,56.0033],[37.1316,56.0164]]]]}},{"type":"Feature","id":"raion-moscow-97","properties":{"name":"rajon Staroe Krjukovo","province":"Moskva","department":"Gorod Moskva","type":"Raion","country":"Rusia","iso":"RU"},"geometry":{"type":"MultiPolygon","coordinates":[[[[37.1733,55.9804],[37.1788,55.9833],[37.1852,55.9903],[37.1921,55.9917],[37.1957,55.99],[37.1957,55.989],[37.2163,55.9868],[37.2186,55.9853],[37.2261,55.9846],[37.2274,55.984],[37.2278,55.983],[37.2268,55.9808],[37.2227,55.9817],[37.2189,55.9804],[37.2171,55.9777],[37.2188,55.9772],[37.217,55.976],[37.2156,55.9767],[37.2149,55.9761],[37.2128,55.9766],[37.2113,55.9705],[37.2131,55.9702],[37.2124,55.9692],[37.1846,55.9753],[37.1733,55.9804]]]]}},{"type":"Feature","id":"raion-moscow-98","properties":{"name":"rajon Ivanovskoe","province":"Moskva","department":"Gorod Moskva","type":"Raion","country":"Rusia","iso":"RU"},"geometry":{"type":"MultiPolygon","coordinates":[[[[37.7997,55.7623],[37.8014,55.7662],[37.7999,55.7883],[37.823,55.7888],[37.8239,55.7891],[37.8237,55.7902],[37.83,55.7893],[37.8341,55.7876],[37.842,55.789],[37.8431,55.7792],[37.8456,55.7782],[37.85,55.7789],[37.8507,55.7786],[37.8458,55.777],[37.8434,55.7747],[37.8436,55.7726],[37.8459,55.7686],[37.8435,55.7669],[37.8427,55.749],[37.8281,55.7462],[37.8276,55.747],[37.8307,55.7495],[37.8238,55.7507],[37.827,55.7576],[37.8031,55.7611],[37.8005,55.7609],[37.7997,55.7623]]]]}},{"type":"Feature","id":"raion-moscow-99","properties":{"name":"rajon Izmajlovo","province":"Moskva","department":"Gorod Moskva","type":"Raion","country":"Rusia","iso":"RU"},"geometry":{"type":"MultiPolygon","coordinates":[[[[37.743,55.7878],[37.7462,55.7985],[37.7462,55.8013],[37.7522,55.8022],[37.8051,55.8029],[37.8056,55.7933],[37.7995,55.7932],[37.8013,55.768],[37.7919,55.7661],[37.7787,55.7661],[37.7692,55.7632],[37.7689,55.764],[37.764,55.7622],[37.7536,55.7598],[37.7509,55.7645],[37.7486,55.7659],[37.7481,55.77],[37.7454,55.7699],[37.7438,55.7785],[37.743,55.7878]]]]}},{"type":"Feature","id":"raion-moscow-100","properties":{"name":"rajon Gol'janovo","province":"Moskva","department":"Gorod Moskva","type":"Raion","country":"Rusia","iso":"RU"},"geometry":{"type":"MultiPolygon","coordinates":[[[[37.746,55.809],[37.7474,55.8107],[37.7671,55.8183],[37.7849,55.8219],[37.7847,55.8244],[37.7814,55.8248],[37.7774,55.8564],[37.8274,55.8306],[37.8297,55.8306],[37.8301,55.8292],[37.8344,55.826],[37.8374,55.8225],[37.8392,55.8163],[37.8436,55.815],[37.838,55.8138],[37.8118,55.8106],[37.7806,55.8096],[37.7462,55.8013],[37.746,55.809]]]]}},{"type":"Feature","id":"raion-moscow-101","properties":{"name":"rajon Metrogorodok","province":"Moskva","department":"Gorod Moskva","type":"Raion","country":"Rusia","iso":"RU"},"geometry":{"type":"MultiPolygon","coordinates":[[[[37.6702,55.8387],[37.6742,55.8383],[37.6769,55.8391],[37.6783,55.8403],[37.6784,55.8418],[37.6911,55.8485],[37.6922,55.8503],[37.69,55.8512],[37.6924,55.853],[37.6869,55.8545],[37.6888,55.8561],[37.6931,55.8558],[37.6924,55.8553],[37.6947,55.8534],[37.694,55.8518],[37.6945,55.8495],[37.6968,55.8482],[37.7036,55.8488],[37.7055,55.8479],[37.7125,55.8475],[37.7141,55.8469],[37.7194,55.85],[37.7201,55.8506],[37.7194,55.8514],[37.7216,55.8529],[37.7179,55.8606],[37.7006,55.8611],[37.7027,55.8626],[37.705,55.861],[37.7094,55.861],[37.7089,55.8632],[37.7066,55.8643],[37.7077,55.8655],[37.7191,55.8722],[37.7224,55.8736],[37.7241,55.8735],[37.7243,55.873],[37.7318,55.8749],[37.7312,55.8768],[37.7341,55.8787],[37.7774,55.8564],[37.7814,55.8248],[37.7847,55.8244],[37.7849,55.8219],[37.7671,55.8183],[37.7474,55.8107],[37.746,55.809],[37.7451,55.8118],[37.7428,55.8141],[37.7333,55.8185],[37.69,55.8335],[37.6702,55.8387]]]]}},{"type":"Feature","id":"raion-moscow-102","properties":{"name":"rajon Bogorodskoe","province":"Moskva","department":"Gorod Moskva","type":"Raion","country":"Rusia","iso":"RU"},"geometry":{"type":"MultiPolygon","coordinates":[[[[37.6702,55.8387],[37.69,55.8335],[37.7333,55.8185],[37.7428,55.8141],[37.7451,55.8118],[37.746,55.809],[37.7319,55.8088],[37.7298,55.8098],[37.724,55.8065],[37.7121,55.8044],[37.7088,55.8029],[37.7077,55.8037],[37.6988,55.8013],[37.702,55.8059],[37.7019,55.807],[37.7003,55.8085],[37.7,55.8099],[37.6948,55.811],[37.6953,55.8121],[37.692,55.8132],[37.6874,55.8171],[37.6854,55.8169],[37.6766,55.8194],[37.6705,55.8244],[37.6715,55.829],[37.6702,55.8387]]]]}},{"type":"Feature","id":"raion-moscow-103","properties":{"name":"rajon Preobrazhenskoe","province":"Moskva","department":"Gorod Moskva","type":"Raion","country":"Rusia","iso":"RU"},"geometry":{"type":"MultiPolygon","coordinates":[[[[37.6986,55.8003],[37.6988,55.8013],[37.7077,55.8037],[37.7088,55.8029],[37.7121,55.8044],[37.724,55.8065],[37.7298,55.8098],[37.7319,55.8088],[37.746,55.809],[37.7463,55.7989],[37.7445,55.7935],[37.7347,55.7939],[37.7326,55.793],[37.7305,55.7907],[37.7262,55.7881],[37.7208,55.787],[37.7169,55.7879],[37.7177,55.7855],[37.7142,55.7852],[37.7135,55.7861],[37.7126,55.7859],[37.7123,55.785],[37.7069,55.7845],[37.7064,55.783],[37.702,55.7846],[37.7008,55.7839],[37.7008,55.7827],[37.6993,55.7827],[37.6987,55.7867],[37.6991,55.7884],[37.7055,55.7928],[37.6986,55.8003]]]]}},{"type":"Feature","id":"raion-moscow-104","properties":{"name":"rajon Sokolinaja Gora","province":"Moskva","department":"Gorod Moskva","type":"Raion","country":"Rusia","iso":"RU"},"geometry":{"type":"MultiPolygon","coordinates":[[[[37.6993,55.7827],[37.7008,55.7827],[37.7008,55.7839],[37.702,55.7846],[37.7064,55.783],[37.7069,55.7845],[37.7123,55.785],[37.7126,55.7859],[37.7135,55.7861],[37.7142,55.7852],[37.7177,55.7855],[37.7169,55.7879],[37.7208,55.787],[37.7256,55.7879],[37.7305,55.7907],[37.7326,55.793],[37.7347,55.7939],[37.7445,55.7935],[37.743,55.7878],[37.7438,55.7785],[37.7454,55.7699],[37.7481,55.77],[37.7486,55.7659],[37.7509,55.7645],[37.7542,55.7587],[37.7196,55.752],[37.7181,55.7539],[37.7177,55.756],[37.7206,55.7625],[37.7204,55.7667],[37.7136,55.7753],[37.7099,55.7789],[37.7052,55.781],[37.6994,55.7819],[37.6993,55.7827]]]]}},{"type":"Feature","id":"raion-moscow-105","properties":{"name":"rajon Perovo","province":"Moskva","department":"Gorod Moskva","type":"Raion","country":"Rusia","iso":"RU"},"geometry":{"type":"MultiPolygon","coordinates":[[[[37.7196,55.752],[37.7542,55.7587],[37.7536,55.7598],[37.7549,55.7604],[37.764,55.7622],[37.7689,55.764],[37.7692,55.7632],[37.7787,55.7661],[37.7919,55.7661],[37.8012,55.7679],[37.8014,55.7662],[37.7998,55.7624],[37.8005,55.7609],[37.8086,55.7602],[37.8056,55.7533],[37.8006,55.7539],[37.7847,55.7509],[37.7879,55.7455],[37.784,55.7458],[37.7826,55.7439],[37.7832,55.7436],[37.783,55.7428],[37.7812,55.742],[37.7794,55.7429],[37.7767,55.7386],[37.7724,55.7384],[37.7736,55.7354],[37.7673,55.7343],[37.7613,55.737],[37.7493,55.7392],[37.7402,55.7448],[37.7244,55.7492],[37.7196,55.752]]]]}},{"type":"Feature","id":"raion-moscow-106","properties":{"name":"rajon Veshnjaki","province":"Moskva","department":"Gorod Moskva","type":"Raion","country":"Rusia","iso":"RU"},"geometry":{"type":"MultiPolygon","coordinates":[[[[37.7673,55.7343],[37.8427,55.749],[37.8425,55.7472],[37.842,55.7472],[37.8386,55.7155],[37.836,55.7098],[37.7759,55.7299],[37.7673,55.7343]]]]}},{"type":"Feature","id":"raion-moscow-107","properties":{"name":"rajon Ochakovo-Matveevskoe","province":"Moskva","department":"Gorod Moskva","type":"Raion","country":"Rusia","iso":"RU"},"geometry":{"type":"MultiPolygon","coordinates":[[[[37.4022,55.6988],[37.4059,55.7005],[37.4046,55.7028],[37.412,55.7067],[37.412,55.7076],[37.4203,55.7046],[37.4211,55.7072],[37.4293,55.7039],[37.4375,55.7058],[37.4479,55.707],[37.4487,55.7095],[37.4549,55.7091],[37.4547,55.71],[37.4593,55.7103],[37.4619,55.7112],[37.4644,55.7104],[37.4657,55.711],[37.4655,55.7116],[37.4667,55.7113],[37.468,55.7123],[37.4637,55.7136],[37.4657,55.7152],[37.467,55.7156],[37.4686,55.7148],[37.4682,55.7136],[37.4715,55.7139],[37.4707,55.7148],[37.4716,55.7155],[37.4706,55.7159],[37.4721,55.717],[37.4693,55.7183],[37.4692,55.719],[37.4705,55.7194],[37.4722,55.7184],[37.4733,55.7199],[37.4768,55.7215],[37.4849,55.7207],[37.4867,55.7195],[37.4866,55.7189],[37.4844,55.7179],[37.4858,55.7174],[37.4891,55.7184],[37.4925,55.7181],[37.4931,55.719],[37.4927,55.7201],[37.4948,55.7201],[37.4931,55.7178],[37.4929,55.7135],[37.4907,55.7093],[37.4881,55.7074],[37.4772,55.7026],[37.4695,55.6982],[37.4663,55.6945],[37.4776,55.6859],[37.4588,55.6738],[37.4454,55.6689],[37.4383,55.6636],[37.4345,55.6624],[37.4323,55.662],[37.418,55.6805],[37.4154,55.682],[37.4142,55.682],[37.4152,55.6824],[37.415,55.6853],[37.4124,55.6904],[37.4104,55.6926],[37.4022,55.6988]]]]}},{"type":"Feature","id":"raion-moscow-108","properties":{"name":"rajon Troparjovo-Nikulino","province":"Moskva","department":"Gorod Moskva","type":"Raion","country":"Rusia","iso":"RU"},"geometry":{"type":"MultiPolygon","coordinates":[[[[37.4323,55.662],[37.4383,55.6636],[37.4454,55.6689],[37.4588,55.6738],[37.4761,55.6851],[37.4768,55.6842],[37.4767,55.6834],[37.4743,55.6811],[37.4737,55.6789],[37.4781,55.6774],[37.4807,55.675],[37.4838,55.6707],[37.4866,55.6696],[37.491,55.6699],[37.4984,55.6687],[37.5003,55.6677],[37.5025,55.6651],[37.5062,55.6636],[37.5063,55.6616],[37.5017,55.6585],[37.4557,55.637],[37.4568,55.6405],[37.4353,55.6587],[37.4323,55.662]]]]}},{"type":"Feature","id":"raion-moscow-109","properties":{"name":"rajon Prospekt Vernadskogo","province":"Moskva","department":"Gorod Moskva","type":"Raion","country":"Rusia","iso":"RU"},"geometry":{"type":"MultiPolygon","coordinates":[[[[37.4737,55.6789],[37.4743,55.6811],[37.4767,55.6834],[37.4768,55.6842],[37.4761,55.6851],[37.4776,55.6859],[37.4796,55.6839],[37.4833,55.678],[37.4916,55.682],[37.487,55.6874],[37.4888,55.6886],[37.4943,55.6866],[37.4987,55.6882],[37.5028,55.6876],[37.5042,55.6882],[37.5072,55.6869],[37.507,55.685],[37.5094,55.6828],[37.5091,55.6815],[37.5143,55.6783],[37.5241,55.6737],[37.5063,55.6616],[37.5062,55.6636],[37.5025,55.6651],[37.4992,55.6683],[37.491,55.6699],[37.4868,55.6696],[37.4846,55.6702],[37.4825,55.6719],[37.4817,55.6738],[37.4781,55.6774],[37.4737,55.6789]]]]}},{"type":"Feature","id":"raion-moscow-110","properties":{"name":"rajon Kotlovka","province":"Moskva","department":"Gorod Moskva","type":"Raion","country":"Rusia","iso":"RU"},"geometry":{"type":"MultiPolygon","coordinates":[[[[37.5781,55.6727],[37.5803,55.6749],[37.5795,55.6769],[37.5861,55.6792],[37.5977,55.6898],[37.6016,55.6916],[37.6038,55.6906],[37.6051,55.6891],[37.6049,55.6861],[37.606,55.6848],[37.609,55.6839],[37.6142,55.6846],[37.6162,55.6821],[37.6147,55.6816],[37.6138,55.68],[37.6115,55.6783],[37.6114,55.6773],[37.6091,55.6764],[37.6089,55.6756],[37.6058,55.6728],[37.6063,55.6689],[37.6116,55.6661],[37.6106,55.665],[37.6091,55.6651],[37.6076,55.6641],[37.6014,55.6648],[37.5968,55.6663],[37.5932,55.6655],[37.5812,55.666],[37.5856,55.6701],[37.5781,55.6727]]]]}},{"type":"Feature","id":"raion-moscow-111","properties":{"name":"rajon CHertanovo Severnoe","province":"Moskva","department":"Gorod Moskva","type":"Raion","country":"Rusia","iso":"RU"},"geometry":{"type":"MultiPolygon","coordinates":[[[[37.5774,55.6333],[37.5774,55.6343],[37.5796,55.6342],[37.5812,55.6358],[37.5824,55.6388],[37.5815,55.6391],[37.581,55.641],[37.5821,55.6412],[37.5808,55.6423],[37.5791,55.6427],[37.5802,55.6439],[37.5799,55.6455],[37.5894,55.6426],[37.5945,55.642],[37.6198,55.6405],[37.6197,55.6423],[37.6244,55.6425],[37.6288,55.6255],[37.6308,55.6218],[37.6237,55.621],[37.6149,55.6223],[37.5978,55.6232],[37.5829,55.6252],[37.5841,55.6287],[37.586,55.6298],[37.5858,55.6314],[37.5806,55.6334],[37.5774,55.6333]]]]}},{"type":"Feature","id":"raion-moscow-112","properties":{"name":"Akademicheskij rajon","province":"Moskva","department":"Gorod Moskva","type":"Raion","country":"Rusia","iso":"RU"},"geometry":{"type":"MultiPolygon","coordinates":[[[[37.5523,55.6841],[37.5621,55.6919],[37.5873,55.7063],[37.5967,55.6956],[37.6016,55.6916],[37.5977,55.6898],[37.5861,55.6792],[37.5795,55.6769],[37.5803,55.6749],[37.5781,55.6727],[37.563,55.6779],[37.5523,55.6841]]]]}},{"type":"Feature","id":"raion-moscow-113","properties":{"name":"rajon Nagatino-Sadovniki","province":"Moskva","department":"Gorod Moskva","type":"Raion","country":"Rusia","iso":"RU"},"geometry":{"type":"MultiPolygon","coordinates":[[[[37.6219,55.6907],[37.6289,55.6917],[37.6316,55.6867],[37.6361,55.6846],[37.6439,55.6845],[37.6652,55.6861],[37.6619,55.6693],[37.6543,55.6597],[37.6534,55.656],[37.6546,55.6534],[37.6589,55.6508],[37.6418,55.6583],[37.6371,55.6549],[37.6343,55.6565],[37.6321,55.6559],[37.6224,55.6576],[37.6229,55.6669],[37.6272,55.6726],[37.6239,55.6819],[37.6219,55.6907]]]]}},{"type":"Feature","id":"raion-moscow-114","properties":{"name":"Danilovskij rajon","province":"Moskva","department":"Gorod Moskva","type":"Raion","country":"Rusia","iso":"RU"},"geometry":{"type":"MultiPolygon","coordinates":[[[[37.6062,55.7109],[37.6083,55.7167],[37.6137,55.7166],[37.6138,55.7198],[37.6279,55.7214],[37.6331,55.7226],[37.6359,55.722],[37.6365,55.7235],[37.6417,55.7222],[37.6438,55.7224],[37.6449,55.728],[37.646,55.7295],[37.6522,55.728],[37.6543,55.7289],[37.6567,55.7264],[37.6631,55.7268],[37.6637,55.7181],[37.6678,55.7053],[37.6652,55.6861],[37.6396,55.6843],[37.6332,55.6855],[37.6316,55.6867],[37.6289,55.6917],[37.6283,55.694],[37.6286,55.7053],[37.621,55.7061],[37.6112,55.7043],[37.6083,55.7076],[37.6075,55.7075],[37.6062,55.7109]]]]}},{"type":"Feature","id":"raion-moscow-115","properties":{"name":"JUzhnoportovyj rajon","province":"Moskva","department":"Gorod Moskva","type":"Raion","country":"Rusia","iso":"RU"},"geometry":{"type":"MultiPolygon","coordinates":[[[[37.6607,55.7307],[37.6648,55.7316],[37.6678,55.731],[37.6677,55.7304],[37.6706,55.7258],[37.6776,55.7273],[37.6789,55.7283],[37.7003,55.7207],[37.6791,55.7148],[37.6863,55.7062],[37.6915,55.7064],[37.6847,55.6974],[37.6745,55.6985],[37.671,55.7005],[37.6673,55.7007],[37.6678,55.7053],[37.6637,55.7181],[37.6636,55.7252],[37.6607,55.7307]]]]}},{"type":"Feature","id":"raion-moscow-116","properties":{"name":"rajon Tekstil'shhiki","province":"Moskva","department":"Gorod Moskva","type":"Raion","country":"Rusia","iso":"RU"},"geometry":{"type":"MultiPolygon","coordinates":[[[[37.7172,55.7217],[37.736,55.725],[37.7382,55.7249],[37.7398,55.7241],[37.7408,55.7225],[37.7424,55.7217],[37.749,55.7103],[37.7477,55.7099],[37.7478,55.7079],[37.7452,55.7081],[37.7561,55.6916],[37.7551,55.6899],[37.7542,55.689],[37.746,55.6905],[37.7419,55.6901],[37.7388,55.6917],[37.733,55.6919],[37.7316,55.694],[37.7305,55.6988],[37.7289,55.7112],[37.7264,55.7142],[37.7172,55.7217]]]]}},{"type":"Feature","id":"raion-moscow-117","properties":{"name":"rajon Lefortovo","province":"Moskva","department":"Gorod Moskva","type":"Raion","country":"Rusia","iso":"RU"},"geometry":{"type":"MultiPolygon","coordinates":[[[[37.6705,55.7507],[37.673,55.7532],[37.6708,55.7579],[37.6713,55.7587],[37.673,55.7593],[37.6802,55.7591],[37.6826,55.7595],[37.686,55.7622],[37.6858,55.764],[37.689,55.7678],[37.6922,55.7695],[37.6975,55.7667],[37.7024,55.7701],[37.7136,55.7753],[37.7208,55.7659],[37.7206,55.7625],[37.7177,55.7565],[37.7187,55.7529],[37.7206,55.7512],[37.7236,55.7495],[37.7367,55.746],[37.729,55.7334],[37.7204,55.7344],[37.7168,55.7358],[37.7138,55.7385],[37.7115,55.7433],[37.7008,55.7441],[37.7006,55.7424],[37.6966,55.7424],[37.6979,55.7396],[37.6953,55.7423],[37.6832,55.748],[37.6705,55.7507]]]]}},{"type":"Feature","id":"raion-moscow-118","properties":{"name":"Nizhegorodskij rajon","province":"Moskva","department":"Gorod Moskva","type":"Raion","country":"Rusia","iso":"RU"},"geometry":{"type":"MultiPolygon","coordinates":[[[[37.6805,55.7284],[37.6861,55.7288],[37.6855,55.733],[37.6922,55.7295],[37.6937,55.7293],[37.6989,55.7364],[37.6998,55.7363],[37.6966,55.7424],[37.7006,55.7424],[37.7008,55.7441],[37.7115,55.7433],[37.7138,55.7385],[37.7168,55.7358],[37.7204,55.7344],[37.729,55.7334],[37.7367,55.746],[37.741,55.7445],[37.7493,55.7392],[37.7613,55.737],[37.7673,55.7343],[37.762,55.7332],[37.7597,55.7302],[37.7555,55.7286],[37.7172,55.7217],[37.715,55.7235],[37.7022,55.7197],[37.6806,55.7277],[37.6805,55.7284]]]]}},{"type":"Feature","id":"raion-moscow-119","properties":{"name":"rajon JAkimanka","province":"Moskva","department":"Gorod Moskva","type":"Raion","country":"Rusia","iso":"RU"},"geometry":{"type":"MultiPolygon","coordinates":[[[[37.5776,55.7142],[37.5821,55.7167],[37.5903,55.7236],[37.5932,55.7263],[37.5963,55.731],[37.6,55.7346],[37.6067,55.7381],[37.6083,55.7431],[37.6117,55.7465],[37.6176,55.7483],[37.6251,55.7491],[37.6263,55.746],[37.6247,55.7458],[37.6246,55.7452],[37.6251,55.7424],[37.624,55.7301],[37.6232,55.7295],[37.6196,55.7292],[37.6199,55.7273],[37.6151,55.7269],[37.6178,55.7203],[37.6156,55.7201],[37.6142,55.7211],[37.6102,55.7214],[37.6094,55.7195],[37.6004,55.7213],[37.5982,55.7198],[37.5964,55.7207],[37.5971,55.72],[37.5941,55.718],[37.5925,55.7181],[37.5931,55.7175],[37.5926,55.7168],[37.588,55.7139],[37.5883,55.7131],[37.5856,55.7111],[37.5816,55.7113],[37.5776,55.7142]]]]}},{"type":"Feature","id":"raion-moscow-120","properties":{"name":"Taganskij rajon","province":"Moskva","department":"Gorod Moskva","type":"Raion","country":"Rusia","iso":"RU"},"geometry":{"type":"MultiPolygon","coordinates":[[[[37.6321,55.7489],[37.6335,55.7532],[37.635,55.7539],[37.637,55.7542],[37.639,55.7532],[37.6429,55.7527],[37.6501,55.753],[37.6561,55.7547],[37.6625,55.7542],[37.6642,55.7527],[37.6662,55.7531],[37.6717,55.7504],[37.6824,55.7483],[37.6923,55.7439],[37.6971,55.7408],[37.6998,55.7363],[37.6989,55.7364],[37.6937,55.7293],[37.6922,55.7295],[37.6855,55.733],[37.6861,55.7288],[37.6805,55.7284],[37.6806,55.7277],[37.6789,55.7283],[37.6776,55.7273],[37.6706,55.7258],[37.6677,55.7304],[37.6678,55.731],[37.6648,55.7316],[37.6607,55.7307],[37.6631,55.7268],[37.6567,55.7264],[37.6543,55.7289],[37.6505,55.7313],[37.6449,55.7411],[37.6413,55.745],[37.6377,55.7474],[37.6321,55.7489]]]]}},{"type":"Feature","id":"raion-moscow-121","properties":{"name":"Presnenskij rajon","province":"Moskva","department":"Gorod Moskva","type":"Raion","country":"Rusia","iso":"RU"},"geometry":{"type":"MultiPolygon","coordinates":[[[[37.5139,55.7584],[37.5226,55.7617],[37.5243,55.7598],[37.5321,55.7634],[37.5347,55.7662],[37.5361,55.7661],[37.5366,55.7691],[37.5379,55.7704],[37.5419,55.7724],[37.5751,55.7756],[37.5771,55.7732],[37.5833,55.7753],[37.5966,55.7676],[37.596,55.7663],[37.599,55.7643],[37.6007,55.7649],[37.6042,55.7632],[37.6036,55.7626],[37.6049,55.7622],[37.6063,55.7612],[37.6057,55.7608],[37.6098,55.7583],[37.6071,55.7562],[37.6061,55.754],[37.6024,55.7537],[37.5893,55.7564],[37.5845,55.7581],[37.5839,55.7552],[37.5768,55.7552],[37.574,55.7526],[37.5721,55.752],[37.5679,55.7534],[37.5602,55.7531],[37.5545,55.7514],[37.5404,55.7455],[37.5324,55.7444],[37.528,55.7446],[37.5236,55.7463],[37.5196,55.7509],[37.5163,55.7568],[37.5139,55.7584]]]]}},{"type":"Feature","id":"raion-moscow-122","properties":{"name":"Tverskoj rajon","province":"Moskva","department":"Gorod Moskva","type":"Raion","country":"Rusia","iso":"RU"},"geometry":{"type":"MultiPolygon","coordinates":[[[[37.5751,55.7756],[37.58,55.7769],[37.5848,55.7799],[37.5886,55.792],[37.5877,55.7926],[37.5993,55.7925],[37.6017,55.7851],[37.6046,55.7853],[37.6149,55.7818],[37.6171,55.7803],[37.619,55.7736],[37.621,55.7734],[37.6211,55.7675],[37.6215,55.767],[37.6199,55.7652],[37.6202,55.7617],[37.6216,55.7591],[37.6258,55.7597],[37.6267,55.7605],[37.6289,55.7598],[37.6279,55.7596],[37.635,55.7539],[37.6335,55.7532],[37.6321,55.7489],[37.6214,55.7488],[37.6123,55.7468],[37.6107,55.7486],[37.6084,55.7493],[37.6122,55.7546],[37.6071,55.7562],[37.6098,55.7583],[37.6057,55.7608],[37.6063,55.7612],[37.6049,55.7622],[37.6036,55.7626],[37.6042,55.7632],[37.6007,55.7649],[37.599,55.7643],[37.596,55.7663],[37.5966,55.7676],[37.5833,55.7753],[37.5771,55.7732],[37.5751,55.7756]]]]}},{"type":"Feature","id":"raion-moscow-123","properties":{"name":"rajon Arbat","province":"Moskva","department":"Gorod Moskva","type":"Raion","country":"Rusia","iso":"RU"},"geometry":{"type":"MultiPolygon","coordinates":[[[[37.5721,55.752],[37.574,55.7526],[37.5768,55.7552],[37.5839,55.7552],[37.5845,55.7581],[37.5893,55.7564],[37.6013,55.7537],[37.6061,55.754],[37.6075,55.7561],[37.6122,55.7546],[37.6088,55.7492],[37.6043,55.7504],[37.6029,55.7486],[37.5997,55.7489],[37.5994,55.7471],[37.5959,55.7477],[37.5878,55.7468],[37.5859,55.7463],[37.5875,55.7441],[37.5838,55.7437],[37.5831,55.7455],[37.5796,55.7459],[37.5741,55.7455],[37.5745,55.7489],[37.574,55.7503],[37.5721,55.752]]]]}},{"type":"Feature","id":"raion-moscow-124","properties":{"name":"Mozhajskij rajon","province":"Moskva","department":"Gorod Moskva","type":"Raion","country":"Rusia","iso":"RU"},"geometry":{"type":"MultiPolygon","coordinates":[[[[37.3772,55.7291],[37.3819,55.7287],[37.3909,55.7299],[37.4142,55.727],[37.4477,55.7268],[37.4549,55.7091],[37.4487,55.7095],[37.4479,55.707],[37.4375,55.7058],[37.4293,55.7039],[37.4211,55.7072],[37.4203,55.7046],[37.412,55.7076],[37.412,55.7067],[37.4045,55.7027],[37.406,55.7006],[37.4041,55.6995],[37.4022,55.6988],[37.4003,55.7002],[37.3981,55.7008],[37.396,55.6997],[37.3956,55.701],[37.3973,55.7024],[37.3897,55.7081],[37.3867,55.7111],[37.3816,55.7126],[37.3814,55.7131],[37.3843,55.7152],[37.3811,55.7214],[37.3785,55.7233],[37.3793,55.725],[37.3772,55.7291]]]]}},{"type":"Feature","id":"raion-moscow-125","properties":{"name":"rajon Severnoe Butovo","province":"Moskva","department":"Gorod Moskva","type":"Raion","country":"Rusia","iso":"RU"},"geometry":{"type":"MultiPolygon","coordinates":[[[[37.5369,55.5773],[37.5387,55.5796],[37.5419,55.5786],[37.5457,55.5784],[37.5512,55.5803],[37.5496,55.5814],[37.5492,55.5829],[37.5454,55.5849],[37.5478,55.587],[37.5695,55.5818],[37.5731,55.5824],[37.5738,55.5819],[37.5726,55.5807],[37.5915,55.5761],[37.5972,55.5691],[37.5975,55.5669],[37.6023,55.5664],[37.6036,55.5646],[37.5933,55.5602],[37.5774,55.5491],[37.5759,55.5498],[37.576,55.5518],[37.5739,55.5535],[37.5682,55.5549],[37.5629,55.554],[37.5597,55.5543],[37.5596,55.5565],[37.5605,55.5574],[37.5586,55.5603],[37.5567,55.5598],[37.5545,55.5603],[37.5548,55.5615],[37.552,55.5618],[37.5504,55.5629],[37.5506,55.5636],[37.5532,55.5641],[37.5538,55.566],[37.5535,55.5676],[37.5479,55.5689],[37.5489,55.5699],[37.5475,55.5704],[37.5445,55.5702],[37.5372,55.5724],[37.5369,55.5732],[37.5395,55.5733],[37.54,55.576],[37.5387,55.5759],[37.5393,55.5767],[37.5369,55.5773]]]]}},{"type":"Feature","id":"raion-moscow-126","properties":{"name":"Krasnosel'skij rajon","province":"Moskva","department":"Gorod Moskva","type":"Raion","country":"Rusia","iso":"RU"},"geometry":{"type":"MultiPolygon","coordinates":[[[[37.6284,55.7598],[37.6302,55.7607],[37.6295,55.761],[37.6307,55.7634],[37.6299,55.7629],[37.6287,55.7631],[37.6313,55.7663],[37.6324,55.7726],[37.6372,55.772],[37.6394,55.7771],[37.6401,55.7772],[37.6413,55.7797],[37.6449,55.7797],[37.6417,55.7881],[37.6422,55.7884],[37.6421,55.7902],[37.6403,55.7924],[37.643,55.793],[37.6463,55.7909],[37.6515,55.7894],[37.6888,55.7819],[37.6865,55.7818],[37.6802,55.777],[37.676,55.7784],[37.6644,55.7733],[37.663,55.7697],[37.6547,55.7696],[37.6447,55.7685],[37.6372,55.7651],[37.6346,55.7624],[37.6309,55.7601],[37.6284,55.7598]]]]}},{"type":"Feature","id":"raion-moscow-127","properties":{"name":"rajon KHamovniki","province":"Moskva","department":"Gorod Moskva","type":"Raion","country":"Rusia","iso":"RU"},"geometry":{"type":"MultiPolygon","coordinates":[[[[37.5411,55.7201],[37.5419,55.724],[37.5449,55.7271],[37.553,55.7299],[37.5658,55.7364],[37.5683,55.7386],[37.5741,55.7455],[37.5796,55.7459],[37.5831,55.7455],[37.5838,55.7437],[37.5875,55.7441],[37.5859,55.7463],[37.5959,55.7477],[37.5994,55.7471],[37.5997,55.7489],[37.6029,55.7486],[37.6043,55.7504],[37.6107,55.7486],[37.6123,55.7468],[37.6083,55.7431],[37.6067,55.7381],[37.6,55.7346],[37.598,55.7329],[37.5932,55.7263],[37.5855,55.7193],[37.5788,55.7148],[37.5749,55.7131],[37.5654,55.7108],[37.5592,55.7103],[37.5529,55.711],[37.5485,55.7123],[37.5433,55.7156],[37.5419,55.7176],[37.5411,55.7201]]]]}},{"type":"Feature","id":"raion-moscow-128","properties":{"name":"rajon Zamoskvorech'e","province":"Moskva","department":"Gorod Moskva","type":"Raion","country":"Rusia","iso":"RU"},"geometry":{"type":"MultiPolygon","coordinates":[[[[37.6151,55.7269],[37.6199,55.7273],[37.6196,55.7292],[37.6232,55.7295],[37.624,55.7301],[37.6251,55.7424],[37.6246,55.7452],[37.6247,55.7458],[37.6263,55.746],[37.6251,55.7491],[37.6311,55.749],[37.6393,55.7466],[37.6449,55.7411],[37.6505,55.7313],[37.6543,55.7289],[37.6522,55.728],[37.646,55.7295],[37.6449,55.728],[37.6438,55.7224],[37.6417,55.7222],[37.6365,55.7235],[37.6359,55.722],[37.6331,55.7226],[37.6279,55.7214],[37.6178,55.7203],[37.6151,55.7269]]]]}},{"type":"Feature","id":"raion-moscow-129","properties":{"name":"rajon Kosino-Ukhtomskij","province":"Moskva","department":"Gorod Moskva","type":"Raion","country":"Rusia","iso":"RU"},"geometry":{"type":"MultiPolygon","coordinates":[[[[37.836,55.7098],[37.8386,55.7155],[37.8404,55.7305],[37.8434,55.731],[37.8613,55.7305],[37.8622,55.7326],[37.8695,55.7324],[37.8734,55.7296],[37.8722,55.7277],[37.8703,55.7266],[37.8725,55.7234],[37.8761,55.7234],[37.877,55.7216],[37.8764,55.7204],[37.8825,55.719],[37.8861,55.7196],[37.8869,55.7203],[37.8871,55.7217],[37.8842,55.7234],[37.8855,55.7242],[37.8899,55.7237],[37.8906,55.7223],[37.8923,55.7232],[37.8993,55.7236],[37.9002,55.7243],[37.9018,55.7244],[37.9024,55.7253],[37.9078,55.7248],[37.915,55.727],[37.9169,55.7284],[37.918,55.7306],[37.9236,55.7312],[37.9275,55.7302],[37.9285,55.7294],[37.9309,55.7298],[37.9376,55.7269],[37.9423,55.723],[37.9426,55.7221],[37.9457,55.7208],[37.9366,55.7162],[37.9281,55.7162],[37.9263,55.7152],[37.9261,55.7122],[37.9219,55.708],[37.887,55.7052],[37.8823,55.7025],[37.8806,55.7011],[37.8811,55.7009],[37.8715,55.6953],[37.8601,55.7011],[37.8588,55.701],[37.8534,55.7038],[37.836,55.7098]]]]}},{"type":"Feature","id":"raion-moscow-130","properties":{"name":"Babushkinskij rajon","province":"Moskva","department":"Gorod Moskva","type":"Raion","country":"Rusia","iso":"RU"},"geometry":{"type":"MultiPolygon","coordinates":[[[[37.6417,55.8653],[37.6452,55.8655],[37.6488,55.8667],[37.6485,55.8678],[37.6516,55.8703],[37.6581,55.8727],[37.6587,55.8736],[37.6574,55.875],[37.6572,55.8786],[37.6575,55.8798],[37.6588,55.8808],[37.6651,55.8824],[37.6719,55.8821],[37.6737,55.8829],[37.6729,55.8834],[37.674,55.8838],[37.6751,55.8837],[37.6783,55.8812],[37.6807,55.8769],[37.676,55.8708],[37.6753,55.868],[37.6835,55.8644],[37.6816,55.8631],[37.6811,55.8619],[37.6818,55.8615],[37.6739,55.8557],[37.6725,55.8535],[37.6719,55.8504],[37.6619,55.8569],[37.6529,55.8576],[37.6469,55.861],[37.6448,55.8633],[37.6421,55.8644],[37.6417,55.8653]]]]}},{"type":"Feature","id":"raion-moscow-131","properties":{"name":"rajon Mar'ina Roshha","province":"Moskva","department":"Gorod Moskva","type":"Raion","country":"Rusia","iso":"RU"},"geometry":{"type":"MultiPolygon","coordinates":[[[[37.5889,55.7924],[37.5921,55.7961],[37.5964,55.7986],[37.5953,55.8053],[37.614,55.8104],[37.6349,55.7969],[37.6346,55.7919],[37.6163,55.7931],[37.6167,55.7861],[37.6151,55.7832],[37.613,55.7834],[37.6123,55.7826],[37.6046,55.7853],[37.6017,55.7851],[37.5993,55.7925],[37.5889,55.7924]]]]}},{"type":"Feature","id":"raion-moscow-132","properties":{"name":"rajon Marfino","province":"Moskva","department":"Gorod Moskva","type":"Raion","country":"Rusia","iso":"RU"},"geometry":{"type":"MultiPolygon","coordinates":[[[[37.5738,55.8485],[37.5928,55.8473],[37.5902,55.8448],[37.5872,55.8448],[37.587,55.8437],[37.5863,55.8435],[37.5895,55.839],[37.5859,55.8402],[37.5821,55.8383],[37.5805,55.8389],[37.5804,55.8338],[37.5865,55.833],[37.5916,55.8336],[37.5909,55.8361],[37.6006,55.8307],[37.6013,55.8295],[37.6037,55.8172],[37.5761,55.8348],[37.5784,55.8371],[37.5787,55.8394],[37.5754,55.8439],[37.5738,55.8485]]]]}},{"type":"Feature","id":"raion-moscow-133","properties":{"name":"Ostankinskij rajon","province":"Moskva","department":"Gorod Moskva","type":"Raion","country":"Rusia","iso":"RU"},"geometry":{"type":"MultiPolygon","coordinates":[[[[37.5804,55.8338],[37.5805,55.8389],[37.5821,55.8383],[37.5859,55.8402],[37.5895,55.839],[37.5863,55.8435],[37.587,55.8437],[37.5872,55.8448],[37.5902,55.8448],[37.5928,55.8473],[37.6123,55.8465],[37.6202,55.8546],[37.6204,55.8593],[37.6252,55.8578],[37.6267,55.846],[37.6359,55.8457],[37.6367,55.8378],[37.6324,55.8386],[37.632,55.8359],[37.6342,55.8353],[37.6343,55.8338],[37.6368,55.8338],[37.6497,55.829],[37.6393,55.8186],[37.6349,55.7969],[37.6037,55.8172],[37.6013,55.8295],[37.6005,55.8307],[37.5909,55.8361],[37.5916,55.8336],[37.5865,55.833],[37.5804,55.8338]]]]}},{"type":"Feature","id":"raion-moscow-134","properties":{"name":"rajon Kon'kovo","province":"Moskva","department":"Gorod Moskva","type":"Raion","country":"Rusia","iso":"RU"},"geometry":{"type":"MultiPolygon","coordinates":[[[[37.4985,55.6422],[37.5088,55.65],[37.5133,55.6481],[37.5219,55.6546],[37.5199,55.6552],[37.5212,55.656],[37.5228,55.6553],[37.5254,55.6573],[37.5384,55.6559],[37.5482,55.6521],[37.564,55.6495],[37.5597,55.6445],[37.5494,55.6409],[37.5453,55.6387],[37.5404,55.6315],[37.5401,55.6302],[37.5406,55.6286],[37.5374,55.6278],[37.5362,55.6268],[37.5313,55.6259],[37.5244,55.6236],[37.5126,55.6257],[37.5171,55.6296],[37.5205,55.6343],[37.5155,55.6356],[37.4985,55.6422]]]]}},{"type":"Feature","id":"raion-moscow-135","properties":{"name":"rajon Tjoplyj Stan","province":"Moskva","department":"Gorod Moskva","type":"Raion","country":"Rusia","iso":"RU"},"geometry":{"type":"MultiPolygon","coordinates":[[[[37.4557,55.637],[37.4825,55.6495],[37.4871,55.6466],[37.5155,55.6356],[37.5205,55.6343],[37.5171,55.6296],[37.5037,55.6181],[37.4906,55.6104],[37.4883,55.6083],[37.4878,55.6084],[37.4892,55.6107],[37.4888,55.6131],[37.4608,55.6371],[37.4557,55.637]]]]}},{"type":"Feature","id":"raion-moscow-136","properties":{"name":"Altuf'evskij rajon","province":"Moskva","department":"Gorod Moskva","type":"Raion","country":"Rusia","iso":"RU"},"geometry":{"type":"MultiPolygon","coordinates":[[[[37.5674,55.8873],[37.5948,55.8869],[37.5995,55.885],[37.6075,55.8791],[37.5862,55.8748],[37.5852,55.87],[37.5721,55.8696],[37.5713,55.8702],[37.5683,55.8776],[37.5674,55.8873]]]]}},{"type":"Feature","id":"raion-moscow-137","properties":{"name":"rajon JAsenevo","province":"Moskva","department":"Gorod Moskva","type":"Raion","country":"Rusia","iso":"RU"},"geometry":{"type":"MultiPolygon","coordinates":[[[[37.4883,55.6083],[37.4906,55.6104],[37.5028,55.6174],[37.5126,55.6257],[37.5244,55.6236],[37.5313,55.6259],[37.5362,55.6268],[37.5374,55.6278],[37.5406,55.6286],[37.5401,55.6302],[37.5404,55.6315],[37.5453,55.6387],[37.5494,55.6409],[37.5597,55.6445],[37.564,55.6495],[37.5799,55.6455],[37.5802,55.6439],[37.5791,55.6427],[37.5808,55.6423],[37.5821,55.6412],[37.581,55.641],[37.5815,55.6391],[37.5824,55.6388],[37.5812,55.6358],[37.5796,55.6342],[37.5774,55.6343],[37.5774,55.6333],[37.5806,55.6334],[37.5858,55.6314],[37.586,55.6298],[37.5841,55.6287],[37.5829,55.6252],[37.5797,55.6219],[37.5769,55.622],[37.5747,55.62],[37.5785,55.6188],[37.576,55.6157],[37.5777,55.6149],[37.5774,55.6141],[37.5748,55.6131],[37.5758,55.6116],[37.5747,55.6088],[37.57,55.6082],[37.5701,55.6072],[37.5717,55.6061],[37.5735,55.6059],[37.5741,55.6066],[37.5758,55.6063],[37.5778,55.6044],[37.5816,55.6044],[37.5818,55.6035],[37.5785,55.5992],[37.577,55.5994],[37.5765,55.5987],[37.5767,55.5979],[37.5805,55.5978],[37.5803,55.5957],[37.5792,55.5956],[37.578,55.5928],[37.5793,55.5927],[37.5769,55.5881],[37.5775,55.5864],[37.5737,55.5822],[37.5695,55.5818],[37.5304,55.5907],[37.5291,55.5895],[37.5272,55.5897],[37.5274,55.5904],[37.5263,55.5916],[37.5119,55.5956],[37.5066,55.5982],[37.4941,55.6086],[37.4927,55.6088],[37.4912,55.6101],[37.4883,55.6083]]]]}},{"type":"Feature","id":"raion-moscow-138","properties":{"name":"rajon CHertanovo JUzhnoe","province":"Moskva","department":"Gorod Moskva","type":"Raion","country":"Rusia","iso":"RU"},"geometry":{"type":"MultiPolygon","coordinates":[[[[37.5726,55.5807],[37.5775,55.5864],[37.5769,55.5881],[37.5793,55.5927],[37.578,55.5928],[37.5792,55.5956],[37.5803,55.5957],[37.5805,55.5978],[37.5767,55.5979],[37.5765,55.5987],[37.577,55.5994],[37.5785,55.5992],[37.5818,55.6035],[37.5816,55.6044],[37.5884,55.6061],[37.5902,55.6059],[37.59,55.605],[37.606,55.6035],[37.6093,55.6102],[37.6226,55.6077],[37.6333,55.6043],[37.6282,55.5993],[37.6194,55.5948],[37.6158,55.5913],[37.6131,55.5746],[37.6055,55.5751],[37.6042,55.5744],[37.6037,55.5752],[37.6003,55.5754],[37.5978,55.5739],[37.5985,55.5722],[37.6006,55.5707],[37.6023,55.5664],[37.5975,55.5669],[37.5972,55.5691],[37.5912,55.5763],[37.5726,55.5807]]]]}},{"type":"Feature","id":"raion-moscow-139","properties":{"name":"rajon Aehroport","province":"Moskva","department":"Gorod Moskva","type":"Raion","country":"Rusia","iso":"RU"},"geometry":{"type":"MultiPolygon","coordinates":[[[[37.511,55.8061],[37.5195,55.8152],[37.5301,55.8156],[37.534,55.8151],[37.5495,55.8071],[37.5485,55.8066],[37.5634,55.7939],[37.57,55.7914],[37.5747,55.7917],[37.5657,55.7855],[37.5312,55.8007],[37.511,55.8061]]]]}},{"type":"Feature","id":"raion-moscow-140","properties":{"name":"rajon Birjuljovo Vostochnoe","province":"Moskva","department":"Gorod Moskva","type":"Raion","country":"Rusia","iso":"RU"},"geometry":{"type":"MultiPolygon","coordinates":[[[[37.6408,55.6105],[37.6444,55.612],[37.664,55.6164],[37.6682,55.6179],[37.6714,55.62],[37.6729,55.6196],[37.6756,55.6218],[37.6798,55.6217],[37.6781,55.6175],[37.6779,55.6143],[37.6806,55.61],[37.6865,55.6078],[37.6926,55.6069],[37.6926,55.6045],[37.6962,55.6025],[37.698,55.602],[37.7001,55.6024],[37.7021,55.6008],[37.7021,55.5996],[37.7028,55.5993],[37.7052,55.5984],[37.7095,55.5983],[37.7149,55.5967],[37.717,55.5957],[37.7245,55.5893],[37.6926,55.5771],[37.6914,55.5748],[37.6917,55.5728],[37.6909,55.5723],[37.6892,55.5735],[37.6852,55.5741],[37.676,55.5721],[37.6644,55.5716],[37.6608,55.5773],[37.6596,55.5834],[37.6489,55.6015],[37.6449,55.6055],[37.6428,55.609],[37.6408,55.6105]]]]}},{"type":"Feature","id":"raion-moscow-141","properties":{"name":"rajon Vykhino-ZHulebino","province":"Moskva","department":"Gorod Moskva","type":"Raion","country":"Rusia","iso":"RU"},"geometry":{"type":"MultiPolygon","coordinates":[[[[37.7873,55.6903],[37.7895,55.6904],[37.7991,55.7221],[37.8534,55.7038],[37.8582,55.7013],[37.8573,55.7007],[37.8584,55.7002],[37.8562,55.6988],[37.8641,55.6937],[37.86,55.691],[37.8647,55.6883],[37.8648,55.6874],[37.859,55.6772],[37.8567,55.6757],[37.8458,55.6808],[37.8347,55.6846],[37.8328,55.684],[37.8325,55.683],[37.8345,55.6779],[37.8304,55.6773],[37.8267,55.6793],[37.8235,55.6776],[37.8181,55.6804],[37.8122,55.6771],[37.8144,55.6759],[37.812,55.6746],[37.8098,55.6758],[37.8079,55.6746],[37.8045,55.6774],[37.8053,55.6803],[37.8025,55.6805],[37.8055,55.688],[37.7986,55.689],[37.7911,55.6871],[37.7877,55.6886],[37.7873,55.6903]]]]}},{"type":"Feature","id":"raion-moscow-142","properties":{"name":"Nagornyj rajon","province":"Moskva","department":"Gorod Moskva","type":"Raion","country":"Rusia","iso":"RU"},"geometry":{"type":"MultiPolygon","coordinates":[[[[37.6035,55.6903],[37.612,55.6891],[37.6219,55.6907],[37.6239,55.6819],[37.6272,55.6726],[37.6229,55.6669],[37.6221,55.6517],[37.6244,55.6425],[37.6197,55.6423],[37.6198,55.6405],[37.6057,55.6413],[37.6055,55.6565],[37.6136,55.6635],[37.6076,55.6641],[37.6091,55.6651],[37.6106,55.665],[37.6116,55.6661],[37.6063,55.6689],[37.6058,55.6728],[37.6089,55.6756],[37.6091,55.6764],[37.6114,55.6773],[37.6115,55.6783],[37.6138,55.68],[37.6147,55.6816],[37.6162,55.6821],[37.6142,55.6846],[37.609,55.6839],[37.606,55.6848],[37.6049,55.6861],[37.6052,55.689],[37.6035,55.6903]]]]}},{"type":"Feature","id":"raion-moscow-143","properties":{"name":"rajon Brateevo","province":"Moskva","department":"Gorod Moskva","type":"Raion","country":"Rusia","iso":"RU"},"geometry":{"type":"MultiPolygon","coordinates":[[[[37.7265,55.6406],[37.7454,55.6399],[37.7798,55.6487],[37.7834,55.6485],[37.7853,55.6473],[37.7855,55.6451],[37.7838,55.6426],[37.785,55.6333],[37.7898,55.6258],[37.7936,55.623],[37.7839,55.6182],[37.7839,55.6176],[37.7865,55.6172],[37.7869,55.6166],[37.7797,55.6189],[37.7694,55.6195],[37.7612,55.6226],[37.7553,55.6259],[37.753,55.6279],[37.7515,55.6309],[37.7388,55.6314],[37.7369,55.6307],[37.7338,55.6307],[37.7293,55.6312],[37.7292,55.6327],[37.7273,55.6342],[37.7265,55.6406]]]]}},{"type":"Feature","id":"raion-moscow-144","properties":{"name":"rajon Orekhovo-Borisovo JUzhnoe","province":"Moskva","department":"Gorod Moskva","type":"Raion","country":"Rusia","iso":"RU"},"geometry":{"type":"MultiPolygon","coordinates":[[[[37.6926,55.6045],[37.6926,55.6069],[37.6973,55.607],[37.6991,55.608],[37.6998,55.6075],[37.7035,55.6086],[37.7304,55.613],[37.7314,55.6112],[37.7358,55.6117],[37.7518,55.6116],[37.7581,55.6123],[37.7629,55.6135],[37.7681,55.6163],[37.7707,55.6193],[37.7797,55.6189],[37.7851,55.617],[37.7818,55.6169],[37.7801,55.6162],[37.7538,55.6016],[37.7332,55.5929],[37.732,55.5907],[37.7328,55.5892],[37.7322,55.5888],[37.7304,55.5897],[37.727,55.5901],[37.7245,55.5893],[37.717,55.5957],[37.7095,55.5983],[37.7052,55.5984],[37.7028,55.5993],[37.7021,55.5996],[37.7021,55.6008],[37.7001,55.6024],[37.698,55.602],[37.6962,55.6025],[37.6926,55.6045]]]]}},{"type":"Feature","id":"raion-moscow-145","properties":{"name":"rajon Orekhovo-Borisovo Severnoe","province":"Moskva","department":"Gorod Moskva","type":"Raion","country":"Rusia","iso":"RU"},"geometry":{"type":"MultiPolygon","coordinates":[[[[37.6713,55.6201],[37.6842,55.6304],[37.6869,55.6367],[37.6876,55.6367],[37.6888,55.6349],[37.6909,55.6339],[37.6898,55.6306],[37.6898,55.628],[37.6925,55.6279],[37.696,55.6293],[37.7044,55.6298],[37.7073,55.6307],[37.7145,55.6314],[37.7293,55.6312],[37.7296,55.6295],[37.7288,55.6294],[37.7274,55.6268],[37.7275,55.626],[37.7288,55.6257],[37.7287,55.6246],[37.7278,55.6243],[37.7278,55.6202],[37.7285,55.617],[37.7304,55.613],[37.7035,55.6086],[37.6998,55.6075],[37.6991,55.608],[37.6973,55.607],[37.6926,55.6069],[37.6865,55.6078],[37.6806,55.61],[37.6779,55.6143],[37.6781,55.6175],[37.6798,55.6217],[37.676,55.6219],[37.6727,55.6195],[37.6713,55.6201]]]]}},{"type":"Feature","id":"raion-moscow-146","properties":{"name":"rajon Moskvorech'e-Saburovo","province":"Moskva","department":"Gorod Moskva","type":"Raion","country":"Rusia","iso":"RU"},"geometry":{"type":"MultiPolygon","coordinates":[[[[37.6221,55.6517],[37.6224,55.6576],[37.6321,55.6559],[37.6343,55.6565],[37.6371,55.6549],[37.6418,55.6583],[37.6605,55.6501],[37.6645,55.6534],[37.6699,55.6562],[37.6716,55.6564],[37.6716,55.6544],[37.6746,55.6518],[37.6945,55.6433],[37.7133,55.6395],[37.7265,55.6406],[37.7273,55.6342],[37.7292,55.6327],[37.7295,55.6315],[37.723,55.6311],[37.7145,55.6314],[37.7073,55.6307],[37.7044,55.6298],[37.696,55.6293],[37.6925,55.6279],[37.6898,55.628],[37.6898,55.6306],[37.6909,55.6339],[37.6886,55.6351],[37.6877,55.6367],[37.6868,55.6363],[37.6415,55.6393],[37.6252,55.6397],[37.6221,55.6517]]]]}},{"type":"Feature","id":"raion-moscow-147","properties":{"name":"rajon Nagatinskij Zaton","province":"Moskva","department":"Gorod Moskva","type":"Raion","country":"Rusia","iso":"RU"},"geometry":{"type":"MultiPolygon","coordinates":[[[[37.6534,55.6554],[37.6543,55.6597],[37.6614,55.6684],[37.6622,55.6704],[37.6645,55.6807],[37.6673,55.7007],[37.671,55.7005],[37.6745,55.6985],[37.6847,55.6974],[37.7076,55.6933],[37.7121,55.6885],[37.712,55.6813],[37.7048,55.6774],[37.6907,55.6732],[37.6874,55.6712],[37.6824,55.6706],[37.675,55.6676],[37.6732,55.6651],[37.6716,55.6564],[37.6699,55.6562],[37.6645,55.6534],[37.6605,55.6501],[37.6554,55.6528],[37.6534,55.6554]]]]}},{"type":"Feature","id":"raion-moscow-148","properties":{"name":"rajon Pechatniki","province":"Moskva","department":"Gorod Moskva","type":"Raion","country":"Rusia","iso":"RU"},"geometry":{"type":"MultiPolygon","coordinates":[[[[37.6715,55.6558],[37.6732,55.6651],[37.675,55.6676],[37.6824,55.6706],[37.6874,55.6712],[37.6907,55.6732],[37.7048,55.6774],[37.712,55.6813],[37.7124,55.6847],[37.7121,55.6885],[37.7076,55.6933],[37.6847,55.6974],[37.6915,55.7064],[37.6863,55.7062],[37.6791,55.7148],[37.6997,55.7207],[37.7022,55.7197],[37.715,55.7235],[37.7264,55.7142],[37.7289,55.7112],[37.7316,55.694],[37.7349,55.6886],[37.7314,55.6795],[37.7252,55.669],[37.7209,55.6642],[37.6929,55.6438],[37.6746,55.6518],[37.6716,55.6544],[37.6715,55.6558]]]]}},{"type":"Feature","id":"raion-moscow-149","properties":{"name":"rajon Mar'ino","province":"Moskva","department":"Gorod Moskva","type":"Raion","country":"Rusia","iso":"RU"},"geometry":{"type":"MultiPolygon","coordinates":[[[[37.6929,55.6438],[37.7132,55.6585],[37.7155,55.6582],[37.7202,55.6603],[37.7273,55.6565],[37.7375,55.6602],[37.7505,55.666],[37.7639,55.6689],[37.778,55.6659],[37.7823,55.6635],[37.788,55.6585],[37.7834,55.6485],[37.7798,55.6487],[37.7454,55.6399],[37.7295,55.6409],[37.7133,55.6395],[37.6929,55.6438]]]]}},{"type":"Feature","id":"raion-moscow-150","properties":{"name":"rajon Kapotnja","province":"Moskva","department":"Gorod Moskva","type":"Raion","country":"Rusia","iso":"RU"},"geometry":{"type":"MultiPolygon","coordinates":[[[[37.7834,55.6485],[37.788,55.6585],[37.7923,55.6576],[37.8414,55.6567],[37.8411,55.6552],[37.8391,55.6555],[37.8349,55.6501],[37.8225,55.6415],[37.8241,55.6406],[37.8235,55.6397],[37.8218,55.6391],[37.8181,55.6391],[37.7936,55.623],[37.7898,55.6258],[37.785,55.6333],[37.7838,55.6426],[37.7855,55.6451],[37.7853,55.6473],[37.7834,55.6485]]]]}},{"type":"Feature","id":"raion-moscow-151","properties":{"name":"rajon Ljublino","province":"Moskva","department":"Gorod Moskva","type":"Raion","country":"Rusia","iso":"RU"},"geometry":{"type":"MultiPolygon","coordinates":[[[[37.7132,55.6585],[37.7221,55.6651],[37.7252,55.669],[37.7314,55.6795],[37.735,55.6877],[37.7345,55.6899],[37.733,55.6919],[37.7358,55.692],[37.7388,55.6917],[37.7419,55.6901],[37.746,55.6905],[37.7542,55.689],[37.7557,55.6907],[37.7606,55.6915],[37.7612,55.6887],[37.7626,55.6881],[37.7642,55.6884],[37.767,55.6872],[37.785,55.6834],[37.7889,55.6813],[37.7925,55.6831],[37.7983,55.6802],[37.8053,55.6803],[37.8045,55.6774],[37.8079,55.6746],[37.8098,55.6758],[37.812,55.6746],[37.8144,55.6759],[37.8122,55.6771],[37.8181,55.6804],[37.8235,55.6776],[37.8267,55.6793],[37.8304,55.6773],[37.8345,55.6779],[37.8396,55.664],[37.8401,55.6583],[37.8416,55.6578],[37.8414,55.6567],[37.7915,55.6576],[37.788,55.6585],[37.7823,55.6635],[37.778,55.6659],[37.7639,55.6689],[37.7505,55.666],[37.7375,55.6602],[37.7273,55.6565],[37.7202,55.6603],[37.7155,55.6582],[37.7132,55.6585]]]]}},{"type":"Feature","id":"raion-moscow-152","properties":{"name":"Savjolovskij rajon","province":"Moskva","department":"Gorod Moskva","type":"Raion","country":"Rusia","iso":"RU"},"geometry":{"type":"MultiPolygon","coordinates":[[[[37.5485,55.8066],[37.5495,55.8071],[37.553,55.8056],[37.5584,55.8049],[37.5807,55.8083],[37.5823,55.8055],[37.5844,55.7949],[37.5865,55.7934],[37.5832,55.7921],[37.57,55.7914],[37.5675,55.7922],[37.5634,55.7939],[37.5485,55.8066]]]]}},{"type":"Feature","id":"raion-moscow-153","properties":{"name":"rajon Sokol","province":"Moskva","department":"Gorod Moskva","type":"Raion","country":"Rusia","iso":"RU"},"geometry":{"type":"MultiPolygon","coordinates":[[[[37.4867,55.8153],[37.5081,55.8148],[37.5195,55.8152],[37.511,55.8061],[37.5204,55.8037],[37.518,55.7947],[37.5189,55.7944],[37.5182,55.7935],[37.5104,55.7921],[37.5037,55.7921],[37.5026,55.795],[37.4886,55.8113],[37.4867,55.8153]]]]}},{"type":"Feature","id":"raion-moscow-154","properties":{"name":"rajon Krjukovo","province":"Moskva","department":"Gorod Moskva","type":"Raion","country":"Rusia","iso":"RU"},"geometry":{"type":"MultiPolygon","coordinates":[[[[37.1444,55.9893],[37.1469,55.991],[37.1496,55.9912],[37.1488,55.9921],[37.1507,55.9931],[37.1527,55.993],[37.1527,55.9942],[37.1514,55.9962],[37.1499,55.9966],[37.1502,55.9975],[37.1492,55.9983],[37.1506,55.9992],[37.1677,55.9845],[37.1763,55.9788],[37.1846,55.9753],[37.2084,55.9699],[37.2077,55.9687],[37.2089,55.9687],[37.2116,55.9672],[37.2093,55.9644],[37.2057,55.9628],[37.2069,55.9614],[37.2093,55.9602],[37.2102,55.9573],[37.2126,55.9558],[37.2138,55.9566],[37.2153,55.9563],[37.2172,55.9579],[37.2194,55.9571],[37.2186,55.9552],[37.2208,55.954],[37.2193,55.9531],[37.2184,55.9515],[37.2199,55.9502],[37.2177,55.948],[37.2145,55.9488],[37.2135,55.9483],[37.212,55.9488],[37.2123,55.9485],[37.2111,55.9481],[37.2084,55.9484],[37.2081,55.9492],[37.2035,55.9483],[37.2015,55.9494],[37.2029,55.9518],[37.2029,55.9532],[37.1959,55.9547],[37.1952,55.9538],[37.1939,55.9545],[37.1943,55.955],[37.1888,55.9561],[37.1875,55.9554],[37.1864,55.9531],[37.1832,55.9543],[37.1842,55.9551],[37.1833,55.9556],[37.1844,55.9574],[37.1825,55.9587],[37.1776,55.9587],[37.1754,55.9575],[37.1736,55.9577],[37.1724,55.9581],[37.1738,55.9593],[37.1733,55.96],[37.1698,55.9608],[37.1686,55.9607],[37.1689,55.9599],[37.1681,55.9595],[37.1691,55.9588],[37.1659,55.9585],[37.166,55.9591],[37.164,55.959],[37.164,55.9595],[37.1631,55.959],[37.1624,55.9596],[37.1628,55.9601],[37.1619,55.96],[37.1617,55.9615],[37.1603,55.9615],[37.1594,55.9625],[37.159,55.9624],[37.1594,55.9619],[37.1569,55.9626],[37.1544,55.9619],[37.1541,55.9629],[37.1532,55.963],[37.1533,55.9623],[37.1512,55.9619],[37.1507,55.9625],[37.1496,55.9623],[37.1492,55.963],[37.1466,55.9637],[37.1485,55.9656],[37.1456,55.966],[37.1459,55.9681],[37.1464,55.97],[37.1488,55.9702],[37.1487,55.975],[37.1476,55.975],[37.1477,55.9773],[37.1484,55.9778],[37.1444,55.9893]]]]}},{"type":"Feature","id":"raion-moscow-155","properties":{"name":"rajon Kurkino","province":"Moskva","department":"Gorod Moskva","type":"Raion","country":"Rusia","iso":"RU"},"geometry":{"type":"MultiPolygon","coordinates":[[[[37.3618,55.9015],[37.3703,55.9035],[37.3686,55.9056],[37.3678,55.9053],[37.3663,55.9067],[37.3768,55.9112],[37.3865,55.9117],[37.39,55.9128],[37.3902,55.9034],[37.392,55.9022],[37.3984,55.9016],[37.3993,55.9008],[37.4042,55.8921],[37.4043,55.8873],[37.4094,55.8849],[37.4094,55.8807],[37.4172,55.8783],[37.4264,55.8775],[37.431,55.8779],[37.4112,55.871],[37.404,55.876],[37.3944,55.8772],[37.3822,55.8779],[37.3811,55.8783],[37.3798,55.8799],[37.3758,55.8813],[37.3729,55.8815],[37.3712,55.8835],[37.3748,55.8869],[37.3726,55.8876],[37.3727,55.8893],[37.3735,55.8901],[37.373,55.8912],[37.3766,55.8921],[37.3773,55.893],[37.374,55.8951],[37.3673,55.8943],[37.3656,55.8947],[37.3655,55.8966],[37.3674,55.8971],[37.3677,55.898],[37.3648,55.9001],[37.3624,55.9004],[37.3618,55.9015]]]]}},{"type":"Feature","id":"raion-moscow-156","properties":{"name":"rajon Mitino","province":"Moskva","department":"Gorod Moskva","type":"Raion","country":"Rusia","iso":"RU"},"geometry":{"type":"MultiPolygon","coordinates":[[[[37.332,55.8459],[37.3341,55.8477],[37.3372,55.8482],[37.3373,55.8488],[37.3383,55.849],[37.3376,55.8498],[37.3404,55.8515],[37.3409,55.8527],[37.3396,55.8552],[37.3403,55.856],[37.3406,55.858],[37.342,55.8602],[37.3466,55.8622],[37.3459,55.8629],[37.3498,55.8638],[37.3579,55.8643],[37.3628,55.8676],[37.3649,55.8674],[37.3652,55.8679],[37.3674,55.868],[37.3706,55.8673],[37.3723,55.8677],[37.3731,55.8672],[37.3775,55.8684],[37.3794,55.8674],[37.378,55.8666],[37.3784,55.8661],[37.3775,55.8647],[37.3798,55.8633],[37.3782,55.8619],[37.3785,55.8608],[37.38,55.8595],[37.3765,55.8582],[37.3759,55.857],[37.3761,55.8562],[37.3749,55.8552],[37.3799,55.8535],[37.382,55.8546],[37.3855,55.8545],[37.3872,55.8559],[37.39,55.8542],[37.3921,55.855],[37.395,55.8543],[37.3921,55.8486],[37.3918,55.8465],[37.3925,55.8442],[37.3959,55.8383],[37.396,55.8345],[37.3944,55.8291],[37.3937,55.8292],[37.3939,55.8299],[37.3799,55.8307],[37.3673,55.8274],[37.3635,55.8244],[37.3622,55.822],[37.3589,55.8229],[37.3569,55.8265],[37.354,55.8264],[37.3563,55.8227],[37.3541,55.8224],[37.3546,55.8218],[37.3523,55.8213],[37.3492,55.8222],[37.3516,55.8244],[37.3497,55.8264],[37.3448,55.8261],[37.3486,55.8291],[37.3482,55.831],[37.3487,55.8322],[37.3439,55.8331],[37.3418,55.8342],[37.345,55.8365],[37.3404,55.839],[37.3408,55.8403],[37.3474,55.8404],[37.3492,55.8439],[37.3429,55.8448],[37.333,55.8453],[37.332,55.8459]]]]}},{"type":"Feature","id":"raion-moscow-157","properties":{"name":"rajon KHoroshjovo-Mnjovniki","province":"Moskva","department":"Gorod Moskva","type":"Raion","country":"Rusia","iso":"RU"},"geometry":{"type":"MultiPolygon","coordinates":[[[[37.4031,55.7791],[37.4031,55.7808],[37.4041,55.7824],[37.4074,55.7865],[37.4103,55.7914],[37.4127,55.7921],[37.418,55.7915],[37.4233,55.7873],[37.4295,55.7862],[37.4383,55.7881],[37.4449,55.7919],[37.446,55.7936],[37.4547,55.7933],[37.4546,55.7918],[37.4653,55.7905],[37.4687,55.7895],[37.4896,55.7877],[37.5007,55.7893],[37.5032,55.791],[37.5037,55.7921],[37.5071,55.7774],[37.5219,55.7615],[37.5139,55.7584],[37.5011,55.7644],[37.4921,55.7674],[37.4872,55.7682],[37.4794,55.7675],[37.4764,55.7645],[37.4767,55.756],[37.4762,55.7523],[37.4742,55.7485],[37.471,55.7461],[37.4648,55.7429],[37.4591,55.7412],[37.4525,55.7406],[37.4445,55.7426],[37.4374,55.7464],[37.4363,55.7479],[37.4374,55.7497],[37.4392,55.7505],[37.4554,55.7548],[37.4634,55.7602],[37.4647,55.7633],[37.464,55.7658],[37.4553,55.7742],[37.4506,55.7769],[37.4481,55.7773],[37.4341,55.7742],[37.4086,55.7758],[37.4041,55.7775],[37.4031,55.7791]]]]}},{"type":"Feature","id":"raion-moscow-158","properties":{"name":"rajon Sokol'niki","province":"Moskva","department":"Gorod Moskva","type":"Raion","country":"Rusia","iso":"RU"},"geometry":{"type":"MultiPolygon","coordinates":[[[[37.6503,55.7929],[37.6514,55.8001],[37.6686,55.8204],[37.6705,55.8244],[37.6766,55.8194],[37.6854,55.8169],[37.6874,55.8171],[37.692,55.8132],[37.6953,55.8121],[37.6948,55.811],[37.7,55.8099],[37.7003,55.8085],[37.7019,55.807],[37.702,55.8059],[37.6993,55.8022],[37.6986,55.8003],[37.7055,55.7928],[37.6991,55.7884],[37.6987,55.7867],[37.6994,55.7819],[37.6923,55.7818],[37.6888,55.7819],[37.6515,55.7894],[37.6503,55.7929]]]]}},{"type":"Feature","id":"raion-moscow-159","properties":{"name":"rajon Kuncevo","province":"Moskva","department":"Gorod Moskva","type":"Raion","country":"Rusia","iso":"RU"},"geometry":{"type":"MultiPolygon","coordinates":[[[[37.3716,55.8092],[37.3739,55.8126],[37.3764,55.812],[37.3774,55.8127],[37.3802,55.8113],[37.3796,55.8107],[37.3811,55.8106],[37.3807,55.8097],[37.3851,55.8093],[37.3794,55.8091],[37.3778,55.807],[37.3791,55.8065],[37.3772,55.8042],[37.3753,55.8032],[37.3743,55.8038],[37.3736,55.803],[37.3721,55.8034],[37.3729,55.8086],[37.3716,55.8092]]],[[[37.3653,55.7717],[37.4221,55.7448],[37.4276,55.7482],[37.4293,55.7476],[37.4316,55.7457],[37.4311,55.7453],[37.4321,55.7447],[37.4331,55.7427],[37.4397,55.7397],[37.4399,55.7385],[37.438,55.7372],[37.4442,55.7336],[37.4477,55.7268],[37.4142,55.727],[37.3909,55.7299],[37.3819,55.7287],[37.3772,55.7291],[37.3757,55.7319],[37.374,55.7325],[37.3745,55.7343],[37.3689,55.746],[37.3683,55.7501],[37.3685,55.7626],[37.3679,55.763],[37.3679,55.7641],[37.3656,55.7644],[37.3686,55.7669],[37.3686,55.7687],[37.3665,55.77],[37.3668,55.7709],[37.3653,55.7717]]],[[[37.3189,55.7695],[37.3286,55.771],[37.3315,55.7746],[37.348,55.7849],[37.3497,55.7883],[37.3495,55.7903],[37.3489,55.7926],[37.3465,55.7951],[37.3487,55.7964],[37.3578,55.7926],[37.3684,55.79],[37.3706,55.7882],[37.3594,55.7841],[37.3607,55.7831],[37.3522,55.778],[37.3524,55.7738],[37.3506,55.7729],[37.3485,55.7702],[37.3471,55.7696],[37.3445,55.7698],[37.3445,55.7686],[37.3383,55.7693],[37.3403,55.7704],[37.3383,55.7713],[37.3323,55.7719],[37.3322,55.768],[37.3296,55.7674],[37.3207,55.7668],[37.3189,55.7695]]]]}},{"type":"Feature","id":"raion-moscow-160","properties":{"name":"rajon Novogireevo","province":"Moskva","department":"Gorod Moskva","type":"Raion","country":"Rusia","iso":"RU"},"geometry":{"type":"MultiPolygon","coordinates":[[[[37.7724,55.7384],[37.7767,55.7386],[37.7794,55.7429],[37.7812,55.742],[37.783,55.7428],[37.7832,55.7436],[37.7826,55.7439],[37.784,55.7458],[37.7879,55.7455],[37.7847,55.7509],[37.8006,55.7539],[37.8056,55.7533],[37.8086,55.7602],[37.827,55.7576],[37.8238,55.7507],[37.8308,55.7494],[37.8276,55.747],[37.8281,55.7462],[37.7736,55.7354],[37.7724,55.7384]]]]}},{"type":"Feature","id":"raion-moscow-161","properties":{"name":"Losinoostrovskij rajon","province":"Moskva","department":"Gorod Moskva","type":"Raion","country":"Rusia","iso":"RU"},"geometry":{"type":"MultiPolygon","coordinates":[[[[37.6751,55.8837],[37.6775,55.8833],[37.6812,55.8857],[37.6819,55.888],[37.685,55.8918],[37.6852,55.8951],[37.6943,55.8949],[37.7031,55.8934],[37.7076,55.8921],[37.7197,55.8859],[37.6818,55.8615],[37.6811,55.8619],[37.6816,55.8631],[37.6835,55.8644],[37.6753,55.868],[37.676,55.8708],[37.6807,55.8769],[37.6784,55.8811],[37.6751,55.8837]]]]}},{"type":"Feature","id":"raion-moscow-162","properties":{"name":"Golovinskij rajon","province":"Moskva","department":"Gorod Moskva","type":"Raion","country":"Rusia","iso":"RU"},"geometry":{"type":"MultiPolygon","coordinates":[[[[37.4645,55.8471],[37.4764,55.8502],[37.4927,55.851],[37.5104,55.8574],[37.5111,55.8578],[37.5054,55.8624],[37.5102,55.8644],[37.5144,55.8676],[37.544,55.855],[37.5552,55.8484],[37.5507,55.8469],[37.5231,55.841],[37.5223,55.8417],[37.5189,55.8413],[37.5175,55.8408],[37.5147,55.8379],[37.5049,55.8372],[37.494,55.8393],[37.4814,55.8393],[37.4799,55.8413],[37.4726,55.8404],[37.4723,55.8418],[37.4688,55.8435],[37.4645,55.8471]]]]}},{"type":"Feature","id":"raion-moscow-163","properties":{"name":"Timirjazevskij rajon","province":"Moskva","department":"Gorod Moskva","type":"Raion","country":"Rusia","iso":"RU"},"geometry":{"type":"MultiPolygon","coordinates":[[[[37.5316,55.8312],[37.5342,55.834],[37.5388,55.8366],[37.5606,55.8449],[37.5552,55.8484],[37.5625,55.8497],[37.5738,55.8485],[37.5754,55.8439],[37.578,55.841],[37.5787,55.8386],[37.5778,55.8363],[37.5744,55.8333],[37.5737,55.8317],[37.574,55.8224],[37.5778,55.8166],[37.5793,55.8118],[37.5847,55.8087],[37.5584,55.8049],[37.5511,55.8062],[37.5395,55.8126],[37.5403,55.8133],[37.5378,55.8172],[37.5352,55.8197],[37.5319,55.8218],[37.5326,55.8248],[37.5316,55.8312]]]]}},{"type":"Feature","id":"raion-moscow-164","properties":{"name":"rajon Vostochnoe Degunino","province":"Moskva","department":"Gorod Moskva","type":"Raion","country":"Rusia","iso":"RU"},"geometry":{"type":"MultiPolygon","coordinates":[[[[37.543,55.8872],[37.5527,55.8874],[37.553,55.892],[37.5514,55.8932],[37.5515,55.8969],[37.552,55.8978],[37.5631,55.8937],[37.5659,55.8919],[37.5671,55.8902],[37.5683,55.8776],[37.5746,55.8621],[37.5745,55.8599],[37.5727,55.8547],[37.5668,55.8544],[37.5665,55.8549],[37.5679,55.8593],[37.5658,55.8598],[37.5635,55.8594],[37.5632,55.8615],[37.5646,55.8616],[37.564,55.863],[37.5667,55.8635],[37.5582,55.8742],[37.5575,55.8791],[37.5467,55.8773],[37.5437,55.8828],[37.543,55.8872]]]]}},{"type":"Feature","id":"raion-moscow-165","properties":{"name":"rajon Severnyj","province":"Moskva","department":"Gorod Moskva","type":"Raion","country":"Rusia","iso":"RU"},"geometry":{"type":"MultiPolygon","coordinates":[[[[37.5195,55.9418],[37.5342,55.9438],[37.5432,55.9439],[37.5374,55.9529],[37.5466,55.9555],[37.5483,55.9558],[37.5505,55.9526],[37.5507,55.9513],[37.552,55.9513],[37.5518,55.9535],[37.5524,55.9537],[37.5551,55.954],[37.5551,55.9516],[37.5742,55.9577],[37.5754,55.9573],[37.5748,55.9564],[37.5785,55.9558],[37.5808,55.9542],[37.5792,55.9538],[37.5802,55.9522],[37.5795,55.9496],[37.5626,55.9513],[37.5646,55.9413],[37.5702,55.9413],[37.57,55.9367],[37.5663,55.9367],[37.5657,55.9336],[37.5607,55.9325],[37.561,55.928],[37.5557,55.9091],[37.5369,55.9071],[37.5372,55.9076],[37.5195,55.9418]]]]}},{"type":"Feature","id":"raion-moscow-166","properties":{"name":"rajon KHovrino","province":"Moskva","department":"Gorod Moskva","type":"Raion","country":"Rusia","iso":"RU"},"geometry":{"type":"MultiPolygon","coordinates":[[[[37.4634,55.8812],[37.4647,55.8835],[37.4737,55.8853],[37.5144,55.8676],[37.5102,55.8644],[37.5054,55.8624],[37.5111,55.8578],[37.4968,55.8525],[37.4891,55.8591],[37.4852,55.8584],[37.4765,55.8661],[37.4791,55.8667],[37.4694,55.876],[37.4666,55.8795],[37.4634,55.8812]]]]}},{"type":"Feature","id":"raion-moscow-167","properties":{"name":"Lomonosovskij rajon","province":"Moskva","department":"Gorod Moskva","type":"Raion","country":"Rusia","iso":"RU"},"geometry":{"type":"MultiPolygon","coordinates":[[[[37.5117,55.6797],[37.5301,55.6899],[37.5475,55.6809],[37.5523,55.6841],[37.5556,55.6821],[37.5461,55.6732],[37.5446,55.6737],[37.5437,55.673],[37.5417,55.6708],[37.5413,55.6688],[37.5399,55.6684],[37.5322,55.6684],[37.5296,55.671],[37.5117,55.6797]]]]}},{"type":"Feature","id":"raion-moscow-168","properties":{"name":"Gagarinskij rajon","province":"Moskva","department":"Gorod Moskva","type":"Raion","country":"Rusia","iso":"RU"},"geometry":{"type":"MultiPolygon","coordinates":[[[[37.5301,55.6899],[37.5366,55.6936],[37.5592,55.7103],[37.5696,55.7116],[37.5776,55.7142],[37.5888,55.7071],[37.5621,55.6919],[37.5475,55.6809],[37.5301,55.6899]]]]}},{"type":"Feature","id":"raion-moscow-169","properties":{"name":"rajon Vostochnoe Izmajlovo","province":"Moskva","department":"Gorod Moskva","type":"Raion","country":"Rusia","iso":"RU"},"geometry":{"type":"MultiPolygon","coordinates":[[[[37.7995,55.7932],[37.8056,55.7933],[37.8051,55.8029],[37.8404,55.8037],[37.842,55.789],[37.8341,55.7876],[37.83,55.7893],[37.8237,55.7902],[37.8239,55.7891],[37.823,55.7888],[37.7999,55.7883],[37.7995,55.7932]]]]}},{"type":"Feature","id":"raion-moscow-170","properties":{"name":"rajon Severnoe Izmajlovo","province":"Moskva","department":"Gorod Moskva","type":"Raion","country":"Rusia","iso":"RU"},"geometry":{"type":"MultiPolygon","coordinates":[[[[37.7508,55.8022],[37.7806,55.8096],[37.8118,55.8106],[37.8438,55.8148],[37.8398,55.8117],[37.8404,55.8037],[37.7508,55.8022]]]]}},{"type":"Feature","id":"raion-moscow-171","properties":{"name":"Butyrskij rajon","province":"Moskva","department":"Gorod Moskva","type":"Raion","country":"Rusia","iso":"RU"},"geometry":{"type":"MultiPolygon","coordinates":[[[[37.5736,55.8313],[37.5744,55.8333],[37.5761,55.8348],[37.614,55.8104],[37.5953,55.8053],[37.5964,55.7986],[37.5921,55.7961],[37.5889,55.7924],[37.5877,55.7926],[37.5844,55.7949],[37.5823,55.8055],[37.5807,55.8083],[37.5847,55.8087],[37.5793,55.8118],[37.5778,55.8166],[37.5743,55.8215],[37.5736,55.8313]]]]}},{"type":"Feature","id":"raion-moscow-172","properties":{"name":"rajon Novokosino","province":"Moskva","department":"Gorod Moskva","type":"Raion","country":"Rusia","iso":"RU"},"geometry":{"type":"MultiPolygon","coordinates":[[[[37.8404,55.7305],[37.842,55.7472],[37.8457,55.7449],[37.848,55.7445],[37.8632,55.7456],[37.8825,55.7493],[37.8882,55.7485],[37.891,55.7422],[37.8901,55.7416],[37.8858,55.7426],[37.8817,55.7427],[37.8801,55.7423],[37.878,55.7379],[37.8732,55.7382],[37.8685,55.7373],[37.8642,55.7347],[37.8655,55.7332],[37.8689,55.733],[37.8695,55.7324],[37.8622,55.7326],[37.8613,55.7305],[37.8477,55.7312],[37.8404,55.7305]]]]}},{"type":"Feature","id":"raion-moscow-173","properties":{"name":"rajon Krylatskoe","province":"Moskva","department":"Gorod Moskva","type":"Raion","country":"Rusia","iso":"RU"},"geometry":{"type":"MultiPolygon","coordinates":[[[[37.3654,55.7718],[37.3703,55.773],[37.3703,55.7714],[37.3711,55.7709],[37.3834,55.7717],[37.3868,55.7709],[37.4001,55.7713],[37.4086,55.7758],[37.4341,55.7742],[37.4488,55.7773],[37.4506,55.7769],[37.4553,55.7742],[37.464,55.7658],[37.4647,55.7633],[37.4634,55.7602],[37.4554,55.7548],[37.4392,55.7505],[37.437,55.7493],[37.4327,55.7501],[37.4306,55.7498],[37.4221,55.7448],[37.3654,55.7718]]]]}},{"type":"Feature","id":"raion-moscow-174","properties":{"name":"rajon Rostokino","province":"Moskva","department":"Gorod Moskva","type":"Raion","country":"Rusia","iso":"RU"},"geometry":{"type":"MultiPolygon","coordinates":[[[[37.632,55.8359],[37.6324,55.8386],[37.6367,55.8378],[37.6359,55.8457],[37.6506,55.8446],[37.6702,55.8387],[37.6715,55.8272],[37.6705,55.8244],[37.6675,55.825],[37.6662,55.8263],[37.6544,55.8286],[37.6535,55.8301],[37.6552,55.8321],[37.6543,55.8333],[37.6497,55.829],[37.6368,55.8338],[37.6343,55.8338],[37.6342,55.8353],[37.632,55.8359]]]]}},{"type":"Feature","id":"raion-moscow-175","properties":{"name":"rajon Zjablikovo","province":"Moskva","department":"Gorod Moskva","type":"Raion","country":"Rusia","iso":"RU"},"geometry":{"type":"MultiPolygon","coordinates":[[[[37.7274,55.6268],[37.7288,55.6294],[37.7296,55.6295],[37.7293,55.6312],[37.7338,55.6307],[37.7369,55.6307],[37.7388,55.6314],[37.7515,55.6309],[37.753,55.6279],[37.7566,55.6251],[37.7636,55.6216],[37.7707,55.6193],[37.7681,55.6163],[37.7629,55.6135],[37.7581,55.6123],[37.7518,55.6116],[37.7358,55.6117],[37.7314,55.6112],[37.7282,55.6179],[37.7278,55.6243],[37.7287,55.6246],[37.7288,55.6257],[37.7275,55.626],[37.7274,55.6268]]]]}},{"type":"Feature","id":"raion-moscow-176","properties":{"name":"rajon Filjovskij Park","province":"Moskva","department":"Gorod Moskva","type":"Raion","country":"Rusia","iso":"RU"},"geometry":{"type":"MultiPolygon","coordinates":[[[[37.4276,55.7482],[37.4321,55.7501],[37.437,55.7493],[37.4363,55.7479],[37.4374,55.7464],[37.4445,55.7426],[37.4493,55.7411],[37.4553,55.7406],[37.4618,55.7419],[37.471,55.7461],[37.4751,55.7499],[37.4767,55.756],[37.4764,55.7645],[37.4781,55.7667],[37.48,55.7677],[37.4872,55.7682],[37.4981,55.7655],[37.5145,55.7581],[37.5163,55.7568],[37.5185,55.7526],[37.5225,55.7472],[37.5149,55.7444],[37.5084,55.7382],[37.5058,55.7368],[37.4985,55.7346],[37.4893,55.733],[37.4802,55.7431],[37.4604,55.7372],[37.4488,55.7349],[37.4449,55.7348],[37.438,55.7372],[37.4399,55.7385],[37.4397,55.7397],[37.4331,55.7427],[37.4321,55.7447],[37.4311,55.7453],[37.4316,55.7457],[37.4276,55.7482]]]]}},{"type":"Feature","id":"raion-moscow-177","properties":{"name":"rajon Caricyno","province":"Moskva","department":"Gorod Moskva","type":"Raion","country":"Rusia","iso":"RU"},"geometry":{"type":"MultiPolygon","coordinates":[[[[37.6252,55.6397],[37.6415,55.6393],[37.6868,55.6363],[37.6842,55.6304],[37.6682,55.6179],[37.6602,55.6153],[37.6444,55.612],[37.6408,55.6105],[37.6349,55.615],[37.6288,55.6255],[37.6252,55.6397]]]]}},{"type":"Feature","id":"raion-moscow-178","properties":{"name":"rajon Nekrasovka","province":"Moskva","department":"Gorod Moskva","type":"Raion","country":"Rusia","iso":"RU"},"geometry":{"type":"MultiPolygon","coordinates":[[[[37.9061,55.7063],[37.907,55.707],[37.9219,55.708],[37.9261,55.7122],[37.9263,55.7152],[37.9281,55.7162],[37.9366,55.7162],[37.9452,55.7208],[37.9475,55.7201],[37.9555,55.7202],[37.9585,55.7176],[37.9674,55.7162],[37.9607,55.7148],[37.9599,55.7141],[37.9667,55.7105],[37.9642,55.7092],[37.9531,55.7113],[37.9497,55.7113],[37.9474,55.7087],[37.9579,55.7059],[37.9597,55.7045],[37.9582,55.7029],[37.959,55.7026],[37.957,55.7009],[37.956,55.7011],[37.9566,55.7021],[37.9561,55.7025],[37.9542,55.7028],[37.9529,55.7013],[37.9534,55.7006],[37.9469,55.7002],[37.9453,55.6991],[37.9456,55.6982],[37.9446,55.6974],[37.9485,55.6951],[37.9498,55.6952],[37.9509,55.6962],[37.9556,55.6945],[37.9539,55.6927],[37.9564,55.6927],[37.9576,55.6938],[37.9602,55.6928],[37.9579,55.6895],[37.9612,55.689],[37.9612,55.6881],[37.9635,55.6874],[37.9632,55.6866],[37.9648,55.6862],[37.9629,55.6857],[37.9638,55.6845],[37.963,55.6828],[37.9634,55.6809],[37.9644,55.6798],[37.9619,55.6777],[37.9614,55.6756],[37.9638,55.6739],[37.9486,55.6755],[37.9205,55.6761],[37.9189,55.6805],[37.9138,55.6815],[37.9143,55.683],[37.9133,55.6833],[37.9173,55.6862],[37.9177,55.6877],[37.9186,55.6883],[37.9232,55.6893],[37.9283,55.695],[37.9359,55.6968],[37.9399,55.6965],[37.9398,55.698],[37.9271,55.6982],[37.9245,55.6969],[37.9188,55.6995],[37.9153,55.6971],[37.9134,55.6979],[37.9135,55.7022],[37.9122,55.703],[37.9114,55.7048],[37.9072,55.7046],[37.9061,55.7063]]]]}},{"type":"Feature","id":"raion-moscow-179","properties":{"name":"Rjazanskij rajon","province":"Moskva","department":"Gorod Moskva","type":"Raion","country":"Rusia","iso":"RU"},"geometry":{"type":"MultiPolygon","coordinates":[[[[37.736,55.725],[37.7567,55.7289],[37.7604,55.7308],[37.762,55.7332],[37.7673,55.7343],[37.7759,55.7299],[37.7991,55.7221],[37.7942,55.7074],[37.7806,55.7093],[37.7744,55.7168],[37.749,55.7103],[37.7424,55.7217],[37.739,55.7247],[37.736,55.725]]]]}},{"type":"Feature","id":"raion-moscow-180","properties":{"name":"Vojkovskij rajon","province":"Moskva","department":"Gorod Moskva","type":"Raion","country":"Rusia","iso":"RU"},"geometry":{"type":"MultiPolygon","coordinates":[[[[37.4717,55.8378],[37.4726,55.8404],[37.4799,55.8413],[37.4814,55.8393],[37.494,55.8393],[37.5049,55.8372],[37.5069,55.8357],[37.5087,55.8331],[37.5078,55.8321],[37.5149,55.8278],[37.5144,55.8275],[37.5195,55.8213],[37.5179,55.8186],[37.522,55.8175],[37.5208,55.8172],[37.5195,55.8152],[37.5081,55.8148],[37.4867,55.8153],[37.4867,55.8179],[37.4879,55.8206],[37.4906,55.8231],[37.4933,55.8245],[37.4911,55.8273],[37.4872,55.8265],[37.4814,55.827],[37.4782,55.8266],[37.4744,55.8298],[37.4791,55.8307],[37.479,55.8316],[37.4717,55.8378]]]]}},{"type":"Feature","id":"raion-moscow-197","properties":{"name":"rajon CHerjomushki","province":"Moskva","department":"Gorod Moskva","type":"Raion","country":"Rusia","iso":"RU"},"geometry":{"type":"MultiPolygon","coordinates":[[[[37.5391,55.6557],[37.5551,55.6706],[37.5461,55.6732],[37.5556,55.6821],[37.563,55.6779],[37.5856,55.6701],[37.564,55.6495],[37.5482,55.6521],[37.5391,55.6557]]]]}},{"type":"Feature","id":"raion-moscow-203","properties":{"name":"rajon Savjolki","province":"Moskva","department":"Gorod Moskva","type":"Raion","country":"Rusia","iso":"RU"},"geometry":{"type":"MultiPolygon","coordinates":[[[[37.2095,56.0008],[37.2121,56.0012],[37.2203,55.9993],[37.2203,56.0001],[37.2219,56.0],[37.2274,55.9981],[37.2285,55.9992],[37.2255,56.0025],[37.2254,56.0045],[37.2315,56.0045],[37.2423,56.0003],[37.2444,56.0011],[37.2463,56.0008],[37.2484,55.9978],[37.2606,55.9931],[37.2573,55.9901],[37.2538,55.9883],[37.2555,55.9873],[37.263,55.9885],[37.2644,55.9871],[37.2655,55.9845],[37.2652,55.983],[37.2677,55.9819],[37.2662,55.9811],[37.2654,55.9797],[37.2664,55.9795],[37.2638,55.9727],[37.2632,55.9719],[37.2615,55.9714],[37.2611,55.9681],[37.2681,55.9682],[37.2683,55.9678],[37.2623,55.9669],[37.26,55.9679],[37.2525,55.9679],[37.2533,55.9704],[37.2465,55.9757],[37.2437,55.9767],[37.2441,55.9772],[37.2424,55.9783],[37.242,55.9793],[37.2384,55.9788],[37.2358,55.9798],[37.2333,55.9785],[37.2307,55.9789],[37.2308,55.9799],[37.2303,55.9802],[37.2259,55.9801],[37.2249,55.9809],[37.2268,55.9808],[37.2278,55.9827],[37.2274,55.984],[37.2249,55.9849],[37.224,55.9846],[37.2186,55.9853],[37.2163,55.9868],[37.2124,55.987],[37.214,55.9933],[37.2095,56.0008]]]]}},{"type":"Feature","id":"raion-moscow-204","properties":{"name":"rajon Vnukovo","province":"Moskva","department":"Gorod Moskva","type":"Raion","country":"Rusia","iso":"RU"},"geometry":{"type":"MultiPolygon","coordinates":[[[[37.2353,55.5891],[37.2399,55.5897],[37.2366,55.5941],[37.2419,55.597],[37.2456,55.6019],[37.249,55.6036],[37.2504,55.6083],[37.2544,55.6101],[37.2486,55.6142],[37.2491,55.615],[37.251,55.6144],[37.2552,55.6165],[37.2614,55.6178],[37.2635,55.6144],[37.2738,55.6196],[37.2792,55.6164],[37.2822,55.6193],[37.2829,55.6191],[37.2804,55.6158],[37.2816,55.6151],[37.2838,55.6152],[37.2887,55.6169],[37.2939,55.6147],[37.2952,55.6153],[37.2971,55.6182],[37.2986,55.6188],[37.3054,55.6179],[37.3076,55.6172],[37.3073,55.6164],[37.309,55.616],[37.3089,55.6156],[37.3108,55.6152],[37.3109,55.6147],[37.3127,55.6149],[37.3135,55.6138],[37.3155,55.613],[37.314,55.6116],[37.3143,55.6104],[37.3116,55.6087],[37.3121,55.6085],[37.3114,55.608],[37.3096,55.6086],[37.3071,55.6057],[37.3077,55.6054],[37.3075,55.6043],[37.3105,55.6039],[37.3096,55.6012],[37.313,55.601],[37.3127,55.6001],[37.3146,55.599],[37.2496,55.5825],[37.2439,55.5838],[37.24,55.5856],[37.236,55.5849],[37.2353,55.5891]]],[[[37.1832,55.6056],[37.1962,55.6116],[37.1996,55.6147],[37.2099,55.6191],[37.2146,55.6228],[37.2174,55.6217],[37.2162,55.6209],[37.2177,55.6184],[37.2143,55.6171],[37.2185,55.6141],[37.218,55.6127],[37.2206,55.6105],[37.2145,55.608],[37.2182,55.604],[37.2158,55.6019],[37.2122,55.6024],[37.2103,55.6048],[37.2085,55.6052],[37.2067,55.6067],[37.2039,55.6068],[37.2027,55.609],[37.2006,55.61],[37.1953,55.6069],[37.2002,55.6037],[37.2005,55.6033],[37.1998,55.6027],[37.1979,55.6037],[37.1991,55.6043],[37.198,55.6049],[37.194,55.6031],[37.195,55.6026],[37.1921,55.6014],[37.1898,55.6025],[37.1844,55.6014],[37.1835,55.6024],[37.1867,55.6034],[37.1832,55.6056]]]]}},{"type":"Feature","id":"raion-moscow-205","properties":{"name":"rajon JUzhnoe Butovo","province":"Moskva","department":"Gorod Moskva","type":"Raion","country":"Rusia","iso":"RU"},"geometry":{"type":"MultiPolygon","coordinates":[[[[37.475,55.5335],[37.4758,55.5348],[37.4755,55.5373],[37.4875,55.5401],[37.4934,55.5396],[37.5078,55.5429],[37.5111,55.545],[37.5145,55.5485],[37.5292,55.5552],[37.5449,55.552],[37.5488,55.5526],[37.5495,55.5541],[37.5521,55.5549],[37.5545,55.5603],[37.5567,55.5598],[37.5583,55.5603],[37.5605,55.5574],[37.5596,55.5565],[37.5597,55.5543],[37.5629,55.554],[37.5682,55.5549],[37.5739,55.5535],[37.576,55.5518],[37.5759,55.5498],[37.5774,55.5491],[37.5893,55.5572],[37.5833,55.5379],[37.5839,55.5372],[37.5785,55.5217],[37.5855,55.518],[37.5858,55.5171],[37.5887,55.5155],[37.5926,55.5116],[37.5987,55.5081],[37.5977,55.5061],[37.5967,55.5054],[37.6045,55.5024],[37.6026,55.5005],[37.6041,55.4987],[37.6,55.4968],[37.6002,55.4957],[37.5953,55.4932],[37.5937,55.4931],[37.5925,55.4942],[37.5903,55.4934],[37.5913,55.4913],[37.5722,55.4991],[37.5718,55.5001],[37.5771,55.5172],[37.5677,55.5167],[37.5662,55.5171],[37.5669,55.5203],[37.5654,55.5204],[37.5648,55.5184],[37.5641,55.5185],[37.561,55.5152],[37.5581,55.514],[37.5516,55.5127],[37.547,55.5127],[37.5469,55.512],[37.554,55.5097],[37.5526,55.5055],[37.5481,55.5059],[37.5477,55.5046],[37.5423,55.5046],[37.5418,55.5038],[37.534,55.5058],[37.5326,55.5028],[37.5298,55.5039],[37.5303,55.5082],[37.5351,55.5083],[37.5364,55.5112],[37.5392,55.5122],[37.5399,55.5135],[37.5362,55.516],[37.5351,55.518],[37.5275,55.5212],[37.5201,55.5225],[37.5202,55.5239],[37.5194,55.5255],[37.5082,55.5271],[37.5045,55.5264],[37.5025,55.5267],[37.5019,55.5277],[37.4977,55.5268],[37.4894,55.53],[37.4882,55.5295],[37.4855,55.5296],[37.4831,55.5286],[37.4828,55.5271],[37.4804,55.5262],[37.4774,55.5262],[37.4762,55.5266],[37.4759,55.5319],[37.475,55.5335]]]]}},{"type":"Feature","id":"raion-moscow-206","properties":{"name":"JAroslavskij rajon","province":"Moskva","department":"Gorod Moskva","type":"Raion","country":"Rusia","iso":"RU"},"geometry":{"type":"MultiPolygon","coordinates":[[[[37.6635,55.8408],[37.6715,55.8468],[37.6725,55.8535],[37.6742,55.856],[37.6868,55.8648],[37.7197,55.8859],[37.7244,55.8838],[37.7275,55.884],[37.7316,55.8856],[37.7321,55.8853],[37.7304,55.884],[37.7292,55.882],[37.7297,55.8811],[37.7341,55.8787],[37.7312,55.8768],[37.7318,55.8749],[37.7243,55.873],[37.7241,55.8735],[37.7224,55.8736],[37.7191,55.8722],[37.7077,55.8655],[37.7066,55.8643],[37.7089,55.8632],[37.7094,55.861],[37.705,55.861],[37.7027,55.8626],[37.7006,55.8611],[37.7179,55.8606],[37.7216,55.8529],[37.7194,55.8514],[37.7201,55.8506],[37.7194,55.85],[37.7141,55.8469],[37.7125,55.8475],[37.7055,55.8479],[37.7036,55.8488],[37.6968,55.8482],[37.6945,55.8495],[37.694,55.8518],[37.6947,55.8534],[37.6924,55.8553],[37.6931,55.8558],[37.6888,55.8561],[37.6869,55.8545],[37.6924,55.853],[37.69,55.8512],[37.6922,55.8503],[37.6911,55.8485],[37.6784,55.8418],[37.6783,55.8403],[37.6769,55.8391],[37.6721,55.8384],[37.6635,55.8408]]]]}},{"type":"Feature","id":"raion-moscow-207","properties":{"name":"rajon Novo-Peredelkino","province":"Moskva","department":"Gorod Moskva","type":"Raion","country":"Rusia","iso":"RU"},"geometry":{"type":"MultiPolygon","coordinates":[[[[37.3298,55.6398],[37.3304,55.6409],[37.3299,55.6419],[37.3307,55.6422],[37.332,55.6459],[37.3309,55.6473],[37.3328,55.6484],[37.3361,55.6519],[37.3431,55.6541],[37.3414,55.6567],[37.3441,55.6554],[37.3463,55.6563],[37.3444,55.6574],[37.3471,55.6596],[37.342,55.6601],[37.3439,55.6617],[37.3439,55.6624],[37.3477,55.662],[37.3485,55.6629],[37.348,55.6658],[37.3517,55.6649],[37.3536,55.6637],[37.3505,55.6624],[37.3502,55.6612],[37.3529,55.6603],[37.3585,55.6626],[37.3582,55.666],[37.3646,55.6691],[37.369,55.6689],[37.37,55.668],[37.37,55.6605],[37.3679,55.6532],[37.3707,55.6511],[37.3769,55.6507],[37.377,55.6492],[37.3744,55.6474],[37.3748,55.6468],[37.374,55.6449],[37.3731,55.6449],[37.3758,55.6419],[37.3744,55.6409],[37.3739,55.639],[37.3749,55.6383],[37.3748,55.6377],[37.3755,55.6378],[37.3753,55.6368],[37.3771,55.6361],[37.381,55.6327],[37.3871,55.6323],[37.3756,55.6249],[37.3776,55.6239],[37.3764,55.6232],[37.3733,55.6248],[37.3707,55.6254],[37.3661,55.6305],[37.3624,55.6298],[37.3598,55.6314],[37.3601,55.6333],[37.3584,55.6341],[37.3583,55.6348],[37.3506,55.6362],[37.3474,55.6344],[37.3426,55.6332],[37.3389,55.6354],[37.3361,55.6352],[37.3344,55.6385],[37.3324,55.6395],[37.3303,55.6393],[37.3298,55.6398]]]]}},{"type":"Feature","id":"raion-moscow-208","properties":{"name":"rajon Solncevo","province":"Moskva","department":"Gorod Moskva","type":"Raion","country":"Rusia","iso":"RU"},"geometry":{"type":"MultiPolygon","coordinates":[[[[37.3679,55.6532],[37.3698,55.6595],[37.371,55.6591],[37.378,55.6595],[37.3801,55.6644],[37.3862,55.6645],[37.3891,55.6618],[37.3939,55.6609],[37.4047,55.6619],[37.4155,55.6648],[37.4131,55.6674],[37.404,55.671],[37.406,55.6745],[37.4113,55.6775],[37.4106,55.678],[37.4175,55.6808],[37.4306,55.6638],[37.4353,55.659],[37.429,55.6611],[37.4152,55.6602],[37.4152,55.6578],[37.4132,55.6577],[37.4146,55.6557],[37.4164,55.6558],[37.4174,55.653],[37.4147,55.6522],[37.415,55.6518],[37.4136,55.6512],[37.4155,55.6477],[37.4171,55.6481],[37.4175,55.6449],[37.4165,55.6382],[37.4152,55.6383],[37.4151,55.6357],[37.4123,55.6359],[37.4101,55.6295],[37.3982,55.6305],[37.3979,55.6288],[37.3946,55.6289],[37.3937,55.6278],[37.3877,55.6285],[37.3886,55.6317],[37.381,55.6327],[37.3771,55.6361],[37.3753,55.6368],[37.3755,55.6378],[37.3748,55.6377],[37.3749,55.6383],[37.3739,55.639],[37.3744,55.6409],[37.3758,55.6419],[37.3731,55.6449],[37.374,55.6449],[37.3748,55.6468],[37.3744,55.6474],[37.377,55.6492],[37.3769,55.6507],[37.3707,55.6511],[37.3679,55.6532]]]]}},{"type":"Feature","id":"raion-moscow-209","properties":{"name":"rajon Ramenki","province":"Moskva","department":"Gorod Moskva","type":"Raion","country":"Rusia","iso":"RU"},"geometry":{"type":"MultiPolygon","coordinates":[[[[37.4663,55.6945],[37.4695,55.6982],[37.4772,55.7026],[37.4881,55.7074],[37.4907,55.7093],[37.4929,55.7135],[37.4931,55.7178],[37.4957,55.7213],[37.4972,55.7222],[37.5193,55.7315],[37.5385,55.7361],[37.5479,55.7281],[37.5449,55.7271],[37.5419,55.724],[37.5411,55.7201],[37.5419,55.7176],[37.5433,55.7156],[37.5485,55.7123],[37.5529,55.711],[37.5592,55.7103],[37.5366,55.6936],[37.5117,55.6797],[37.5091,55.6815],[37.5094,55.6828],[37.5072,55.6846],[37.5073,55.6866],[37.506,55.6877],[37.4987,55.6882],[37.4963,55.6869],[37.4941,55.6866],[37.4888,55.6886],[37.487,55.6874],[37.4916,55.682],[37.4833,55.678],[37.4786,55.6851],[37.4663,55.6945]]]]}},{"type":"Feature","id":"raion-moscow-210","properties":{"name":"rajon Dorogomilovo","province":"Moskva","department":"Gorod Moskva","type":"Raion","country":"Rusia","iso":"RU"},"geometry":{"type":"MultiPolygon","coordinates":[[[[37.4893,55.733],[37.4985,55.7346],[37.5058,55.7368],[37.5084,55.7382],[37.5149,55.7444],[37.5225,55.7472],[37.528,55.7446],[37.5367,55.7446],[37.5436,55.7465],[37.5545,55.7514],[37.564,55.7536],[37.5708,55.7527],[37.573,55.7515],[37.5745,55.7489],[37.5739,55.7447],[37.5658,55.7364],[37.553,55.7299],[37.5479,55.7281],[37.5385,55.7361],[37.5193,55.7315],[37.4986,55.7228],[37.4893,55.733]]]]}},{"type":"Feature","id":"raion-moscow-211","properties":{"name":"rajon Fili-Davydkovo","province":"Moskva","department":"Gorod Moskva","type":"Raion","country":"Rusia","iso":"RU"},"geometry":{"type":"MultiPolygon","coordinates":[[[[37.438,55.7372],[37.4449,55.7348],[37.4488,55.7349],[37.4604,55.7372],[37.4802,55.7431],[37.4986,55.7228],[37.4957,55.7213],[37.4948,55.7201],[37.4927,55.7201],[37.4931,55.719],[37.4925,55.7181],[37.4891,55.7184],[37.4858,55.7174],[37.4844,55.7179],[37.4866,55.7189],[37.4867,55.7195],[37.4849,55.7207],[37.4768,55.7215],[37.4733,55.7199],[37.4722,55.7184],[37.4705,55.7194],[37.4692,55.719],[37.4693,55.7183],[37.4721,55.717],[37.4706,55.7159],[37.4716,55.7155],[37.4707,55.7148],[37.4715,55.7138],[37.468,55.7137],[37.4686,55.7148],[37.4668,55.7156],[37.4637,55.7139],[37.4679,55.7126],[37.467,55.7114],[37.4655,55.7116],[37.4657,55.711],[37.4639,55.7103],[37.4619,55.7112],[37.4593,55.7103],[37.4547,55.71],[37.4452,55.7324],[37.4434,55.7342],[37.438,55.7372]]]]}},{"type":"Feature","id":"raion-moscow-212","properties":{"name":"rajon JUzhnoe Medvedkovo","province":"Moskva","department":"Gorod Moskva","type":"Raion","country":"Rusia","iso":"RU"},"geometry":{"type":"MultiPolygon","coordinates":[[[[37.6142,55.883],[37.6172,55.8841],[37.6189,55.8857],[37.6417,55.8841],[37.6364,55.8784],[37.6573,55.8766],[37.6574,55.875],[37.6587,55.8733],[37.6561,55.8716],[37.6512,55.8701],[37.6485,55.8678],[37.6488,55.8667],[37.6452,55.8655],[37.6405,55.8652],[37.6351,55.8614],[37.6326,55.8647],[37.6305,55.8655],[37.629,55.8688],[37.6198,55.8727],[37.6163,55.8751],[37.6167,55.877],[37.6156,55.8772],[37.6162,55.8775],[37.6156,55.8782],[37.6167,55.8789],[37.6169,55.8806],[37.6152,55.8812],[37.6142,55.883]]]]}},{"type":"Feature","id":"raion-moscow-213","properties":{"name":"rajon Severnoe Medvedkovo","province":"Moskva","department":"Gorod Moskva","type":"Raion","country":"Rusia","iso":"RU"},"geometry":{"type":"MultiPolygon","coordinates":[[[[37.6196,55.8856],[37.6232,55.8878],[37.6228,55.8885],[37.6232,55.889],[37.6444,55.8977],[37.6688,55.8957],[37.6726,55.8978],[37.673,55.8971],[37.6768,55.8953],[37.6852,55.8951],[37.6847,55.8911],[37.6819,55.888],[37.6812,55.8857],[37.6787,55.8838],[37.6769,55.8832],[37.674,55.8838],[37.6729,55.8834],[37.6737,55.8829],[37.6719,55.8821],[37.6651,55.8824],[37.6593,55.881],[37.6574,55.8796],[37.6573,55.8766],[37.6364,55.8784],[37.6417,55.8841],[37.6196,55.8856]]]]}},{"type":"Feature","id":"raion-moscow-214","properties":{"name":"rajon Bibirevo","province":"Moskva","department":"Gorod Moskva","type":"Raion","country":"Rusia","iso":"RU"},"geometry":{"type":"MultiPolygon","coordinates":[[[[37.5867,55.8872],[37.5873,55.9076],[37.591,55.9136],[37.5905,55.9113],[37.5932,55.9089],[37.6213,55.9015],[37.6444,55.8977],[37.6229,55.8888],[37.6232,55.8878],[37.6202,55.8862],[37.6203,55.8857],[37.6187,55.8857],[37.6172,55.8841],[37.6142,55.883],[37.6152,55.8812],[37.6169,55.8803],[37.6075,55.8791],[37.6027,55.8829],[37.5969,55.8864],[37.5932,55.8871],[37.5867,55.8872]]]]}},{"type":"Feature","id":"raion-moscow-215","properties":{"name":"rajon Lianozovo","province":"Moskva","department":"Gorod Moskva","type":"Raion","country":"Rusia","iso":"RU"},"geometry":{"type":"MultiPolygon","coordinates":[[[[37.5369,55.9071],[37.5741,55.9113],[37.5786,55.9114],[37.5874,55.9104],[37.591,55.9136],[37.5873,55.9076],[37.5867,55.887],[37.5674,55.8873],[37.5668,55.8908],[37.5647,55.8928],[37.5424,55.9014],[37.5387,55.904],[37.5369,55.9071]]]]}},{"type":"Feature","id":"raion-moscow-216","properties":{"name":"Beskudnikovskij rajon","province":"Moskva","department":"Gorod Moskva","type":"Raion","country":"Rusia","iso":"RU"},"geometry":{"type":"MultiPolygon","coordinates":[[[[37.5297,55.8728],[37.5319,55.8734],[37.5309,55.8745],[37.5342,55.8753],[37.5338,55.8761],[37.5463,55.8783],[37.5467,55.8773],[37.5575,55.8791],[37.5582,55.8742],[37.5667,55.8635],[37.564,55.863],[37.5646,55.8616],[37.5632,55.8615],[37.5635,55.8594],[37.5658,55.8598],[37.5679,55.8593],[37.5665,55.8549],[37.5668,55.8544],[37.5727,55.8547],[37.5738,55.8485],[37.567,55.8495],[37.5603,55.8574],[37.5297,55.8728]]]]}},{"type":"Feature","id":"raion-moscow-217","properties":{"name":"rajon Pokrovskoe-Streshnevo","province":"Moskva","department":"Gorod Moskva","type":"Raion","country":"Rusia","iso":"RU"},"geometry":{"type":"MultiPolygon","coordinates":[[[[37.3944,55.8291],[37.3959,55.8336],[37.4054,55.8317],[37.4082,55.8333],[37.4139,55.8331],[37.4157,55.8338],[37.416,55.8346],[37.4147,55.8352],[37.4159,55.8362],[37.4235,55.8374],[37.4262,55.837],[37.4282,55.8345],[37.4363,55.8365],[37.4595,55.8351],[37.4655,55.837],[37.4698,55.8414],[37.4703,55.8427],[37.4715,55.8424],[37.4725,55.841],[37.4717,55.8378],[37.479,55.8316],[37.4791,55.8307],[37.4744,55.8298],[37.4782,55.8266],[37.4814,55.827],[37.4872,55.8265],[37.4911,55.8273],[37.4933,55.8245],[37.4906,55.8231],[37.4879,55.8206],[37.4867,55.8179],[37.4867,55.8153],[37.4798,55.8151],[37.4689,55.8117],[37.4575,55.8111],[37.4523,55.8119],[37.449,55.8141],[37.4465,55.8101],[37.4464,55.8065],[37.4412,55.8087],[37.4381,55.8092],[37.4302,55.8088],[37.4199,55.8115],[37.4148,55.815],[37.4141,55.8164],[37.4145,55.8191],[37.4071,55.8256],[37.3944,55.8291]]]]}},{"type":"Feature","id":"raion-moscow-218","properties":{"name":"rajon JUzhnoe Tushino","province":"Moskva","department":"Gorod Moskva","type":"Raion","country":"Rusia","iso":"RU"},"geometry":{"type":"MultiPolygon","coordinates":[[[[37.3918,55.8472],[37.3937,55.8518],[37.4033,55.8505],[37.413,55.8505],[37.4212,55.8488],[37.4608,55.853],[37.4613,55.851],[37.4629,55.8501],[37.4639,55.8477],[37.4703,55.8427],[37.4698,55.8414],[37.4655,55.837],[37.4595,55.8351],[37.4363,55.8365],[37.4282,55.8345],[37.4266,55.8367],[37.4246,55.8375],[37.4159,55.8362],[37.4147,55.8352],[37.416,55.8346],[37.4153,55.8335],[37.4112,55.8329],[37.4082,55.8333],[37.4054,55.8317],[37.3959,55.8336],[37.3959,55.8383],[37.3925,55.8442],[37.3918,55.8472]]]]}},{"type":"Feature","id":"raion-moscow-219","properties":{"name":"KHoroshjovskij rajon","province":"Moskva","department":"Gorod Moskva","type":"Raion","country":"Rusia","iso":"RU"},"geometry":{"type":"MultiPolygon","coordinates":[[[[37.5037,55.7921],[37.5104,55.7921],[37.5182,55.7935],[37.5189,55.7944],[37.518,55.7947],[37.5204,55.8037],[37.5312,55.8007],[37.5512,55.7919],[37.5414,55.7852],[37.5428,55.7837],[37.5441,55.7836],[37.5457,55.7806],[37.5511,55.7773],[37.555,55.7761],[37.5532,55.7746],[37.5507,55.774],[37.5509,55.7733],[37.5444,55.773],[37.539,55.7711],[37.5366,55.7691],[37.5361,55.7661],[37.5347,55.7662],[37.5321,55.7634],[37.5243,55.7598],[37.5226,55.7617],[37.5219,55.7615],[37.5071,55.7774],[37.5037,55.7921]]]]}},{"type":"Feature","id":"raion-moscow-220","properties":{"name":"rajon Begovoj","province":"Moskva","department":"Gorod Moskva","type":"Raion","country":"Rusia","iso":"RU"},"geometry":{"type":"MultiPolygon","coordinates":[[[[37.5414,55.7852],[37.5512,55.7919],[37.5657,55.7855],[37.5747,55.7917],[37.5832,55.7921],[37.5865,55.7934],[37.5886,55.792],[37.5848,55.7799],[37.58,55.7769],[37.5751,55.7756],[37.5509,55.7733],[37.5507,55.774],[37.5532,55.7746],[37.555,55.7761],[37.5511,55.7773],[37.5457,55.7806],[37.5441,55.7836],[37.5428,55.7837],[37.5414,55.7852]]]]}},{"type":"Feature","id":"raion-moscow-221","properties":{"name":"rajon Koptevo","province":"Moskva","department":"Gorod Moskva","type":"Raion","country":"Rusia","iso":"RU"},"geometry":{"type":"MultiPolygon","coordinates":[[[[37.5049,55.8372],[37.5147,55.8379],[37.5175,55.8408],[37.5189,55.8413],[37.5223,55.8417],[37.5231,55.841],[37.5507,55.8469],[37.5552,55.8484],[37.5606,55.8449],[37.5388,55.8366],[37.5342,55.834],[37.5316,55.8312],[37.5326,55.8248],[37.5319,55.8218],[37.5352,55.8197],[37.5378,55.8172],[37.5403,55.8133],[37.5395,55.8126],[37.5353,55.8148],[37.5326,55.8154],[37.5195,55.8152],[37.5208,55.8172],[37.522,55.8175],[37.5179,55.8186],[37.5195,55.8213],[37.5144,55.8275],[37.5149,55.8278],[37.5078,55.8321],[37.5087,55.8331],[37.5069,55.8357],[37.5049,55.8372]]]]}},{"type":"Feature","id":"raion-moscow-222","properties":{"name":"Molzhaninovskij rajon","province":"Moskva","department":"Gorod Moskva","type":"Raion","country":"Rusia","iso":"RU"},"geometry":{"type":"MultiPolygon","coordinates":[[[[37.3313,55.9339],[37.335,55.9354],[37.3363,55.9348],[37.3368,55.935],[37.3358,55.9357],[37.3433,55.939],[37.3495,55.9366],[37.3541,55.9389],[37.3504,55.9405],[37.351,55.9408],[37.3414,55.9466],[37.3405,55.9463],[37.3364,55.9507],[37.335,55.9536],[37.3418,55.956],[37.341,55.9566],[37.3416,55.9568],[37.3446,55.9564],[37.3496,55.9573],[37.3502,55.9569],[37.3469,55.955],[37.3464,55.9536],[37.3488,55.9519],[37.3504,55.9525],[37.3535,55.9511],[37.3549,55.9517],[37.3559,55.9535],[37.358,55.9531],[37.3577,55.9545],[37.3592,55.9548],[37.3583,55.9553],[37.3594,55.956],[37.372,55.9561],[37.3762,55.9555],[37.375,55.9543],[37.3753,55.9535],[37.3815,55.9509],[37.3835,55.9514],[37.3828,55.9526],[37.3843,55.9532],[37.3886,55.9532],[37.39,55.952],[37.3927,55.9523],[37.393,55.9514],[37.3916,55.95],[37.3932,55.9487],[37.4074,55.9514],[37.4087,55.9527],[37.4075,55.9532],[37.4096,55.9542],[37.4111,55.9532],[37.4121,55.9539],[37.4133,55.9536],[37.4131,55.9542],[37.4139,55.9545],[37.4159,55.9544],[37.4169,55.9533],[37.4197,55.9531],[37.4203,55.9525],[37.4198,55.9516],[37.4224,55.9513],[37.4207,55.9497],[37.4209,55.9472],[37.4168,55.9467],[37.4156,55.9458],[37.4104,55.9453],[37.4086,55.9428],[37.4077,55.9393],[37.4067,55.939],[37.4077,55.9347],[37.4102,55.9319],[37.4102,55.9304],[37.4077,55.929],[37.4103,55.9272],[37.4106,55.9252],[37.4084,55.9241],[37.3968,55.9262],[37.3939,55.9211],[37.3949,55.9193],[37.3987,55.9166],[37.3873,55.9118],[37.3777,55.9115],[37.3699,55.9082],[37.3658,55.9141],[37.366,55.9154],[37.3697,55.9175],[37.3688,55.918],[37.3717,55.9196],[37.3778,55.9211],[37.3565,55.93],[37.3497,55.9268],[37.3492,55.926],[37.3437,55.9242],[37.3435,55.9266],[37.3398,55.9307],[37.3367,55.9327],[37.3313,55.9339]]]]}},{"type":"Feature","id":"raion-moscow-223","properties":{"name":"rajon Otradnoe","province":"Moskva","department":"Gorod Moskva","type":"Raion","country":"Rusia","iso":"RU"},"geometry":{"type":"MultiPolygon","coordinates":[[[[37.5713,55.8702],[37.5721,55.8696],[37.5852,55.87],[37.5862,55.8748],[37.6086,55.8796],[37.6169,55.8803],[37.6167,55.8789],[37.6156,55.8782],[37.6162,55.8775],[37.6156,55.8772],[37.6167,55.877],[37.6163,55.8751],[37.6198,55.8727],[37.629,55.8688],[37.6305,55.8655],[37.6326,55.8647],[37.6351,55.8614],[37.6332,55.8599],[37.6329,55.8574],[37.631,55.857],[37.6259,55.8572],[37.6204,55.8593],[37.6202,55.8546],[37.6123,55.8465],[37.5766,55.848],[37.5738,55.8485],[37.5731,55.8506],[37.5727,55.8547],[37.5745,55.8599],[37.5746,55.8621],[37.5713,55.8702]]]]}},{"type":"Feature","id":"raion-moscow-224","properties":{"name":"rajon Severnoe Tushino","province":"Moskva","department":"Gorod Moskva","type":"Raion","country":"Rusia","iso":"RU"},"geometry":{"type":"MultiPolygon","coordinates":[[[[37.3937,55.8518],[37.395,55.8543],[37.3943,55.8544],[37.3974,55.86],[37.4014,55.8645],[37.4066,55.8685],[37.4152,55.8727],[37.4365,55.8796],[37.4378,55.8786],[37.4387,55.8765],[37.4426,55.8744],[37.4515,55.8703],[37.454,55.8701],[37.4561,55.8619],[37.4577,55.8598],[37.4608,55.853],[37.4212,55.8488],[37.413,55.8505],[37.4033,55.8505],[37.3937,55.8518]]]]}},{"type":"Feature","id":"raion-moscow-225","properties":{"name":"Dmitrovskij rajon","province":"Moskva","department":"Gorod Moskva","type":"Raion","country":"Rusia","iso":"RU"},"geometry":{"type":"MultiPolygon","coordinates":[[[[37.4963,55.8925],[37.5245,55.9049],[37.5372,55.9076],[37.5369,55.9071],[37.5381,55.9048],[37.5412,55.902],[37.552,55.8978],[37.5515,55.8969],[37.5514,55.8932],[37.553,55.892],[37.5527,55.8874],[37.543,55.8872],[37.5437,55.8828],[37.5463,55.8783],[37.5338,55.8761],[37.5342,55.8753],[37.5309,55.8745],[37.5319,55.8734],[37.5297,55.8728],[37.5262,55.8752],[37.5116,55.8893],[37.5061,55.8862],[37.4963,55.8925]]]]}},{"type":"Feature","id":"raion-moscow-226","properties":{"name":"rajon Zapadnoe Degunino","province":"Moskva","department":"Gorod Moskva","type":"Raion","country":"Rusia","iso":"RU"},"geometry":{"type":"MultiPolygon","coordinates":[[[[37.4737,55.8853],[37.4823,55.8884],[37.4836,55.8907],[37.4848,55.8888],[37.4859,55.8884],[37.4929,55.891],[37.4948,55.8928],[37.4963,55.8925],[37.5061,55.8862],[37.5116,55.8893],[37.5265,55.8749],[37.5314,55.8716],[37.5485,55.8636],[37.5603,55.8574],[37.567,55.8495],[37.5611,55.8496],[37.5552,55.8484],[37.544,55.855],[37.4737,55.8853]]]]}},{"type":"Feature","id":"raion-moscow-227","properties":{"name":"rajon Levoberezhnyj","province":"Moskva","department":"Gorod Moskva","type":"Raion","country":"Rusia","iso":"RU"},"geometry":{"type":"MultiPolygon","coordinates":[[[[37.4365,55.8796],[37.4412,55.8812],[37.442,55.8828],[37.4415,55.8838],[37.4424,55.8842],[37.444,55.8831],[37.4483,55.8828],[37.4647,55.8835],[37.4634,55.8812],[37.4666,55.8795],[37.4694,55.876],[37.4791,55.8667],[37.4765,55.8661],[37.4855,55.8582],[37.4891,55.8591],[37.4968,55.8525],[37.4911,55.8506],[37.4752,55.85],[37.4645,55.8471],[37.4629,55.8501],[37.4613,55.851],[37.4588,55.8576],[37.4561,55.8619],[37.454,55.8701],[37.4515,55.8703],[37.4426,55.8744],[37.4387,55.8765],[37.4378,55.8786],[37.4365,55.8796]]]]}},{"type":"Feature","id":"raion-moscow-228","properties":{"name":"Donskoj rajon","province":"Moskva","department":"Gorod Moskva","type":"Raion","country":"Rusia","iso":"RU"},"geometry":{"type":"MultiPolygon","coordinates":[[[[37.5823,55.7111],[37.5856,55.7111],[37.5883,55.7131],[37.588,55.7139],[37.5926,55.7168],[37.5931,55.7175],[37.5925,55.7181],[37.5941,55.718],[37.5971,55.72],[37.5964,55.7207],[37.5982,55.7198],[37.6004,55.7213],[37.6094,55.7195],[37.6102,55.7214],[37.6144,55.721],[37.6156,55.7201],[37.6137,55.7198],[37.6137,55.7166],[37.6083,55.7167],[37.6063,55.7111],[37.6065,55.7095],[37.6075,55.7075],[37.6083,55.7076],[37.6112,55.7043],[37.621,55.7061],[37.6286,55.7053],[37.6281,55.6998],[37.6289,55.6917],[37.6126,55.6891],[37.6081,55.6893],[37.6037,55.6905],[37.6007,55.6922],[37.5963,55.6961],[37.5873,55.7063],[37.5888,55.7071],[37.5823,55.7111]]]]}},{"type":"Feature","id":"raion-moscow-229","properties":{"name":"rajon Kuz'minki","province":"Moskva","department":"Gorod Moskva","type":"Raion","country":"Rusia","iso":"RU"},"geometry":{"type":"MultiPolygon","coordinates":[[[[37.7452,55.7081],[37.7478,55.7079],[37.7477,55.7099],[37.7744,55.7168],[37.7806,55.7093],[37.7945,55.7074],[37.7895,55.6904],[37.7873,55.6905],[37.7877,55.6886],[37.7911,55.6871],[37.7986,55.689],[37.8057,55.6876],[37.8025,55.6805],[37.7983,55.6802],[37.7925,55.6831],[37.7889,55.6813],[37.785,55.6834],[37.767,55.6872],[37.7642,55.6884],[37.7626,55.6881],[37.7612,55.6887],[37.7606,55.6915],[37.7557,55.6907],[37.7561,55.6916],[37.7452,55.7081]]]]}},{"type":"Feature","id":"raion-moscow-230","properties":{"name":"rajon Strogino","province":"Moskva","department":"Gorod Moskva","type":"Raion","country":"Rusia","iso":"RU"},"geometry":{"type":"MultiPolygon","coordinates":[[[[37.3673,55.7904],[37.3678,55.7914],[37.3745,55.7924],[37.3847,55.8032],[37.3868,55.807],[37.386,55.8073],[37.3862,55.8087],[37.3849,55.809],[37.3862,55.8098],[37.3879,55.8098],[37.3937,55.8292],[37.3982,55.8285],[37.4071,55.8256],[37.4145,55.8191],[37.4141,55.8164],[37.4148,55.815],[37.4199,55.8115],[37.4302,55.8088],[37.4381,55.8092],[37.4412,55.8087],[37.4464,55.8065],[37.4473,55.8045],[37.4476,55.8026],[37.446,55.7936],[37.4449,55.7919],[37.4383,55.7881],[37.4318,55.7865],[37.4263,55.7865],[37.4233,55.7873],[37.418,55.7915],[37.4127,55.7921],[37.4103,55.7914],[37.4031,55.7808],[37.4031,55.7791],[37.4041,55.7775],[37.4086,55.7758],[37.4001,55.7713],[37.3868,55.7709],[37.3834,55.7717],[37.3711,55.7709],[37.3703,55.7714],[37.3703,55.773],[37.3689,55.773],[37.369,55.7793],[37.3694,55.7848],[37.3706,55.7882],[37.3673,55.7904]]]]}},{"type":"Feature","id":"raion-moscow-231","properties":{"name":"rajon SHHukino","province":"Moskva","department":"Gorod Moskva","type":"Raion","country":"Rusia","iso":"RU"},"geometry":{"type":"MultiPolygon","coordinates":[[[[37.446,55.7936],[37.4476,55.8026],[37.4461,55.808],[37.4465,55.8101],[37.449,55.8141],[37.4523,55.8119],[37.4575,55.8111],[37.4689,55.8117],[37.4786,55.8148],[37.4851,55.8154],[37.4867,55.8153],[37.4886,55.8113],[37.5026,55.795],[37.5037,55.7921],[37.5032,55.791],[37.5007,55.7893],[37.4896,55.7877],[37.4687,55.7895],[37.4653,55.7905],[37.4546,55.7918],[37.4547,55.7933],[37.446,55.7936]]]]}},{"type":"Feature","id":"raion-moscow-232","properties":{"name":"Meshhanskij rajon","province":"Moskva","department":"Gorod Moskva","type":"Raion","country":"Rusia","iso":"RU"},"geometry":{"type":"MultiPolygon","coordinates":[[[[37.6123,55.7826],[37.613,55.7834],[37.6151,55.7832],[37.6167,55.7861],[37.6163,55.7931],[37.6346,55.7919],[37.635,55.7971],[37.643,55.793],[37.6403,55.7924],[37.6421,55.7902],[37.6422,55.7884],[37.6417,55.7881],[37.6449,55.7797],[37.6413,55.7797],[37.6401,55.7772],[37.6394,55.7771],[37.6372,55.772],[37.6324,55.7726],[37.6313,55.7663],[37.6287,55.7631],[37.6299,55.7629],[37.6307,55.7634],[37.6295,55.761],[37.6302,55.7607],[37.6284,55.7598],[37.6267,55.7605],[37.6258,55.7597],[37.6216,55.7591],[37.6202,55.7617],[37.6199,55.7652],[37.6215,55.767],[37.6211,55.7675],[37.621,55.7734],[37.619,55.7736],[37.6171,55.7803],[37.6149,55.7818],[37.6123,55.7826]]]]}}]}