{"type":"FeatureCollection","features":[{"type":"Feature","id":13129,"properties":{"name":"San Joaquín","province":"Santiago","department":"Región Metropolitana de Santiago","type":"Comuna","country":"Chile","iso":"CL"},"geometry":{"type":"Polygon","coordinates":[[[-70.6234,-33.4734],[-70.6199,-33.4861],[-70.6185,-33.4875],[-70.6137,-33.5083],[-70.6116,-33.5104],[-70.6113,-33.5131],[-70.6199,-33.5143],[-70.6273,-33.5177],[-70.6366,-33.5187],[-70.6419,-33.4769],[-70.6279,-33.4724],[-70.6246,-33.47],[-70.6234,-33.4734]]]}},{"type":"Feature","id":13130,"properties":{"name":"San Miguel","province":"Santiago","department":"Región Metropolitana de Santiago","type":"Comuna","country":"Chile","iso":"CL"},"geometry":{"type":"Polygon","coordinates":[[[-70.6366,-33.5187],[-70.6581,-33.5147],[-70.6712,-33.5107],[-70.6551,-33.4767],[-70.6419,-33.4769],[-70.6366,-33.5187]]]}},{"type":"Feature","id":13131,"properties":{"name":"San Ramón","province":"Santiago","department":"Región Metropolitana de Santiago","type":"Comuna","country":"Chile","iso":"CL"},"geometry":{"type":"Polygon","coordinates":[[[-70.6366,-33.5187],[-70.6341,-33.5427],[-70.631,-33.5581],[-70.6547,-33.555],[-70.6446,-33.5174],[-70.6366,-33.5187]]]}},{"type":"Feature","id":13108,"properties":{"name":"Independencia","province":"Santiago","department":"Región Metropolitana de Santiago","type":"Comuna","country":"Chile","iso":"CL"},"geometry":{"type":"Polygon","coordinates":[[[-70.6582,-33.3991],[-70.6572,-33.4053],[-70.6531,-33.4065],[-70.6529,-33.4175],[-70.6501,-33.4177],[-70.6516,-33.4322],[-70.6714,-33.4265],[-70.6787,-33.4173],[-70.6806,-33.4054],[-70.6819,-33.403],[-70.6722,-33.3997],[-70.6671,-33.4001],[-70.6667,-33.399],[-70.6582,-33.3991]]]}},{"type":"Feature","id":13109,"properties":{"name":"La Cisterna","province":"Santiago","department":"Región Metropolitana de Santiago","type":"Comuna","country":"Chile","iso":"CL"},"geometry":{"type":"Polygon","coordinates":[[[-70.6529,-33.5476],[-70.6532,-33.5488],[-70.6667,-33.5464],[-70.6858,-33.539],[-70.6712,-33.5107],[-70.6581,-33.5147],[-70.6446,-33.5174],[-70.6529,-33.5476]]]}},{"type":"Feature","id":13122,"properties":{"name":"Peñalolén","province":"Santiago","department":"Región Metropolitana de Santiago","type":"Comuna","country":"Chile","iso":"CL"},"geometry":{"type":"Polygon","coordinates":[[[-70.59,-33.5102],[-70.5895,-33.5061],[-70.5873,-33.5003],[-70.5808,-33.49],[-70.5768,-33.4703],[-70.5723,-33.459],[-70.562,-33.4625],[-70.5442,-33.4637],[-70.5401,-33.463],[-70.5312,-33.4654],[-70.5295,-33.4591],[-70.4869,-33.4618],[-70.4858,-33.4639],[-70.472,-33.4754],[-70.4611,-33.4761],[-70.4521,-33.4825],[-70.4459,-33.4854],[-70.4392,-33.4866],[-70.4379,-33.4902],[-70.4379,-33.4922],[-70.4446,-33.4927],[-70.4508,-33.4958],[-70.456,-33.4957],[-70.4631,-33.4924],[-70.4667,-33.4921],[-70.4695,-33.4952],[-70.4768,-33.4953],[-70.4844,-33.4998],[-70.4857,-33.5016],[-70.4917,-33.5011],[-70.4992,-33.4978],[-70.5023,-33.4997],[-70.516,-33.5019],[-70.5246,-33.5083],[-70.5285,-33.5086],[-70.5417,-33.5125],[-70.59,-33.5102]]]}},{"type":"Feature","id":13123,"properties":{"name":"Providencia","province":"Santiago","department":"Región Metropolitana de Santiago","type":"Comuna","country":"Chile","iso":"CL"},"geometry":{"type":"Polygon","coordinates":[[[-70.5844,-33.4318],[-70.5822,-33.4338],[-70.5928,-33.4478],[-70.5992,-33.4447],[-70.6088,-33.4457],[-70.6184,-33.4484],[-70.6188,-33.4473],[-70.6315,-33.4498],[-70.6362,-33.4308],[-70.6323,-33.4216],[-70.6224,-33.4163],[-70.6168,-33.4103],[-70.6145,-33.4092],[-70.6059,-33.4093],[-70.6079,-33.4155],[-70.6026,-33.4174],[-70.5844,-33.4318]]]}},{"type":"Feature","id":13113,"properties":{"name":"La Reina","province":"Santiago","department":"Región Metropolitana de Santiago","type":"Comuna","country":"Chile","iso":"CL"},"geometry":{"type":"Polygon","coordinates":[[[-70.4869,-33.4618],[-70.5295,-33.4591],[-70.5312,-33.4654],[-70.5401,-33.463],[-70.5442,-33.4637],[-70.562,-33.4625],[-70.5723,-33.459],[-70.5708,-33.4535],[-70.5736,-33.4379],[-70.5818,-33.4341],[-70.5844,-33.4318],[-70.5391,-33.4289],[-70.5379,-33.4334],[-70.523,-33.4316],[-70.515,-33.4354],[-70.5095,-33.4357],[-70.5029,-33.4396],[-70.5005,-33.4432],[-70.4962,-33.4467],[-70.4964,-33.4504],[-70.4897,-33.4557],[-70.4869,-33.4618]]]}},{"type":"Feature","id":13403,"properties":{"name":"Calera de Tango","province":"Maipo","department":"Región Metropolitana de Santiago","type":"Comuna","country":"Chile","iso":"CL"},"geometry":{"type":"Polygon","coordinates":[[[-70.8025,-33.6684],[-70.803,-33.6663],[-70.8081,-33.6602],[-70.8082,-33.6582],[-70.811,-33.6529],[-70.8117,-33.6446],[-70.8152,-33.6428],[-70.8185,-33.6424],[-70.8363,-33.6625],[-70.8671,-33.6506],[-70.8616,-33.6471],[-70.8495,-33.6362],[-70.8457,-33.6339],[-70.8437,-33.6317],[-70.8434,-33.6299],[-70.841,-33.6284],[-70.8253,-33.6108],[-70.8202,-33.6003],[-70.8168,-33.5959],[-70.8142,-33.5935],[-70.8111,-33.5962],[-70.8086,-33.5937],[-70.7981,-33.5733],[-70.7887,-33.5783],[-70.7788,-33.5692],[-70.7667,-33.5722],[-70.7635,-33.5746],[-70.7584,-33.5742],[-70.7528,-33.5794],[-70.7531,-33.582],[-70.7461,-33.59],[-70.7435,-33.595],[-70.7533,-33.6013],[-70.7544,-33.6036],[-70.7513,-33.6093],[-70.7484,-33.6125],[-70.7467,-33.6175],[-70.7491,-33.6191],[-70.7569,-33.6212],[-70.7525,-33.6269],[-70.7484,-33.6292],[-70.7463,-33.6325],[-70.7437,-33.6345],[-70.738,-33.6449],[-70.7356,-33.6464],[-70.7379,-33.6564],[-70.7418,-33.6632],[-70.7492,-33.6644],[-70.7518,-33.6633],[-70.7572,-33.6629],[-70.7841,-33.6533],[-70.7873,-33.6569],[-70.7925,-33.6602],[-70.7952,-33.6639],[-70.7978,-33.6653],[-70.7988,-33.6683],[-70.8025,-33.6684]]]}},{"type":"Feature","id":13301,"properties":{"name":"Colina","province":"Chacabuco","department":"Región Metropolitana de Santiago","type":"Comuna","country":"Chile","iso":"CL"},"geometry":{"type":"Polygon","coordinates":[[[-70.792,-33.173],[-70.7856,-33.1715],[-70.782,-33.172],[-70.7761,-33.1737],[-70.7741,-33.1754],[-70.77,-33.1748],[-70.7643,-33.179],[-70.7598,-33.1785],[-70.7565,-33.1796],[-70.7545,-33.1788],[-70.7514,-33.1745],[-70.7457,-33.1717],[-70.7453,-33.17],[-70.7394,-33.1686],[-70.7357,-33.1666],[-70.7344,-33.1644],[-70.7349,-33.1604],[-70.7387,-33.1584],[-70.7392,-33.1559],[-70.742,-33.1528],[-70.7424,-33.1485],[-70.7437,-33.1477],[-70.7442,-33.1455],[-70.7489,-33.1442],[-70.7529,-33.1416],[-70.755,-33.1383],[-70.7542,-33.1336],[-70.7592,-33.1261],[-70.7592,-33.1232],[-70.7543,-33.1182],[-70.7577,-33.1074],[-70.7598,-33.1041],[-70.748,-33.08],[-70.747,-33.0689],[-70.7504,-33.0672],[-70.7532,-33.0641],[-70.7597,-33.0616],[-70.7635,-33.0591],[-70.7669,-33.0554],[-70.7648,-33.0485],[-70.7612,-33.047],[-70.7595,-33.0441],[-70.7623,-33.0366],[-70.7615,-33.0342],[-70.758,-33.0322],[-70.7561,-33.0281],[-70.7531,-33.025],[-70.7535,-33.0233],[-70.7571,-33.0203],[-70.7554,-33.0162],[-70.7502,-33.0122],[-70.7539,-33.0071],[-70.759,-33.005],[-70.7598,-33.0022],[-70.759,-32.9993],[-70.7617,-32.9911],[-70.7634,-32.9887],[-70.7668,-32.9874],[-70.7704,-32.9837],[-70.7669,-32.9816],[-70.7611,-32.98],[-70.7601,-32.9777],[-70.7539,-32.9744],[-70.7498,-32.9687],[-70.7473,-32.967],[-70.742,-32.9669],[-70.7381,-32.9658],[-70.734,-32.9621],[-70.7283,-32.9593],[-70.7224,-32.9536],[-70.72,-32.953],[-70.7103,-32.9579],[-70.7078,-32.9605],[-70.7035,-32.9584],[-70.6973,-32.9586],[-70.6945,-32.9562],[-70.6918,-32.9554],[-70.6901,-32.9555],[-70.6845,-32.9583],[-70.674,-32.9597],[-70.6699,-32.9583],[-70.6681,-32.956],[-70.6596,-32.9536],[-70.6531,-32.9543],[-70.6489,-32.9526],[-70.6442,-32.9523],[-70.6367,-32.9475],[-70.6268,-32.9493],[-70.6225,-32.9477],[-70.6193,-32.9483],[-70.6136,-32.9515],[-70.6096,-32.9441],[-70.6076,-32.9426],[-70.6038,-32.9423],[-70.6015,-32.9444],[-70.5957,-32.9467],[-70.5943,-32.9486],[-70.5959,-32.9518],[-70.5976,-32.953],[-70.5971,-32.9547],[-70.5919,-32.9594],[-70.5927,-32.963],[-70.5913,-32.9646],[-70.5931,-32.9684],[-70.5923,-32.97],[-70.5782,-32.979],[-70.5732,-32.987],[-70.565,-32.9907],[-70.565,-32.9926],[-70.5576,-32.9986],[-70.5579,-33.0036],[-70.5562,-33.0041],[-70.5544,-33.0065],[-70.5515,-33.0075],[-70.5498,-33.0102],[-70.5498,-33.0118],[-70.5469,-33.0142],[-70.5478,-33.0162],[-70.5469,-33.0181],[-70.5497,-33.0221],[-70.55,-33.026],[-70.5527,-33.0303],[-70.5531,-33.0348],[-70.5499,-33.0392],[-70.5447,-33.0403],[-70.5432,-33.0425],[-70.5272,-33.0524],[-70.5271,-33.0583],[-70.5256,-33.0607],[-70.5234,-33.0685],[-70.5193,-33.074],[-70.5192,-33.0786],[-70.5128,-33.0835],[-70.5091,-33.0892],[-70.4976,-33.0864],[-70.4894,-33.0824],[-70.4823,-33.0811],[-70.4784,-33.0756],[-70.4777,-33.0685],[-70.4735,-33.0662],[-70.4687,-33.0653],[-70.4659,-33.0629],[-70.4646,-33.0579],[-70.4602,-33.0492],[-70.4511,-33.0381],[-70.4479,-33.0367],[-70.4432,-33.0297],[-70.4401,-33.0281],[-70.4347,-33.0214],[-70.4272,-33.021],[-70.4247,-33.0216],[-70.4232,-33.0257],[-70.4166,-33.0251],[-70.3995,-33.0342],[-70.3988,-33.0403],[-70.4013,-33.043],[-70.3982,-33.0461],[-70.3966,-33.0494],[-70.3967,-33.051],[-70.4018,-33.055],[-70.4022,-33.0573],[-70.4069,-33.0641],[-70.4066,-33.066],[-70.4046,-33.0665],[-70.3949,-33.0733],[-70.3955,-33.0781],[-70.3947,-33.0803],[-70.3914,-33.0805],[-70.3864,-33.0829],[-70.386,-33.0838],[-70.3886,-33.089],[-70.385,-33.0937],[-70.3822,-33.0944],[-70.3805,-33.0963],[-70.3776,-33.0997],[-70.3772,-33.1024],[-70.3736,-33.1057],[-70.3782,-33.109],[-70.3829,-33.1094],[-70.3864,-33.1153],[-70.3911,-33.118],[-70.3935,-33.1182],[-70.398,-33.1217],[-70.4179,-33.1238],[-70.4218,-33.1279],[-70.4253,-33.1285],[-70.4283,-33.1304],[-70.4306,-33.1349],[-70.4339,-33.1376],[-70.4365,-33.1438],[-70.4412,-33.147],[-70.4412,-33.1494],[-70.445,-33.1571],[-70.4448,-33.1597],[-70.4505,-33.1635],[-70.4541,-33.1674],[-70.4551,-33.1698],[-70.4535,-33.1716],[-70.4623,-33.1776],[-70.4622,-33.1792],[-70.4595,-33.1823],[-70.4594,-33.1888],[-70.4673,-33.1953],[-70.4678,-33.2013],[-70.4652,-33.2021],[-70.465,-33.2033],[-70.4701,-33.2097],[-70.4706,-33.2172],[-70.4732,-33.2196],[-70.4746,-33.22],[-70.4833,-33.218],[-70.4904,-33.219],[-70.4947,-33.2184],[-70.5013,-33.2205],[-70.5092,-33.2191],[-70.513,-33.2202],[-70.5139,-33.2227],[-70.5131,-33.2256],[-70.5156,-33.2315],[-70.5221,-33.2377],[-70.5249,-33.2391],[-70.5371,-33.2401],[-70.5434,-33.2388],[-70.5463,-33.2411],[-70.5583,-33.2419],[-70.562,-33.2485],[-70.5599,-33.2515],[-70.5681,-33.2572],[-70.5696,-33.2619],[-70.5738,-33.2664],[-70.5733,-33.2719],[-70.5719,-33.2736],[-70.5728,-33.2759],[-70.5708,-33.278],[-70.5745,-33.2866],[-70.5745,-33.2894],[-70.5792,-33.2924],[-70.5834,-33.2936],[-70.5924,-33.2992],[-70.5927,-33.3009],[-70.5911,-33.3022],[-70.5916,-33.304],[-70.5957,-33.3069],[-70.5962,-33.3084],[-70.6001,-33.3075],[-70.6046,-33.3107],[-70.6003,-33.3167],[-70.6002,-33.321],[-70.5941,-33.3318],[-70.5942,-33.3356],[-70.5983,-33.3384],[-70.6015,-33.3384],[-70.6195,-33.3424],[-70.6241,-33.3408],[-70.6329,-33.3403],[-70.6385,-33.3428],[-70.6451,-33.3419],[-70.6517,-33.3341],[-70.6554,-33.3321],[-70.6587,-33.3285],[-70.6626,-33.3294],[-70.6681,-33.3282],[-70.6735,-33.3298],[-70.6782,-33.3297],[-70.6813,-33.331],[-70.6837,-33.3292],[-70.6894,-33.3286],[-70.6904,-33.3254],[-70.6982,-33.321],[-70.7073,-33.3189],[-70.7107,-33.319],[-70.7085,-33.3228],[-70.7183,-33.3259],[-70.783,-33.1816],[-70.7844,-33.1791],[-70.792,-33.173]]]}},{"type":"Feature","id":13101,"properties":{"name":"Santiago","province":"Santiago","department":"Región Metropolitana de Santiago","type":"Comuna","country":"Chile","iso":"CL"},"geometry":{"type":"Polygon","coordinates":[[[-70.6518,-33.4321],[-70.6354,-33.4359],[-70.6261,-33.4686],[-70.6246,-33.47],[-70.6279,-33.4724],[-70.6418,-33.4769],[-70.6712,-33.4763],[-70.6717,-33.4785],[-70.6809,-33.4785],[-70.6808,-33.4765],[-70.672,-33.4765],[-70.6729,-33.4706],[-70.6801,-33.4707],[-70.679,-33.4694],[-70.6778,-33.4509],[-70.679,-33.4507],[-70.6796,-33.4439],[-70.6918,-33.4445],[-70.6916,-33.4395],[-70.6854,-33.4388],[-70.6838,-33.4367],[-70.6813,-33.4362],[-70.6801,-33.4385],[-70.6807,-33.4298],[-70.6799,-33.4279],[-70.6782,-33.4269],[-70.6718,-33.4283],[-70.6714,-33.4265],[-70.6518,-33.4321]]]}},{"type":"Feature","id":13302,"properties":{"name":"Lampa","province":"Chacabuco","department":"Región Metropolitana de Santiago","type":"Comuna","country":"Chile","iso":"CL"},"geometry":{"type":"Polygon","coordinates":[[[-70.792,-33.173],[-70.7844,-33.1791],[-70.783,-33.1816],[-70.7188,-33.3246],[-70.7935,-33.3413],[-70.7979,-33.3385],[-70.7988,-33.3449],[-70.8019,-33.3477],[-70.8041,-33.3516],[-70.8072,-33.3535],[-70.8112,-33.358],[-70.8112,-33.3593],[-70.8191,-33.3628],[-70.8208,-33.3627],[-70.824,-33.3695],[-70.8254,-33.3711],[-70.8277,-33.3718],[-70.8295,-33.3762],[-70.8322,-33.3778],[-70.8326,-33.3809],[-70.837,-33.3824],[-70.8376,-33.3846],[-70.8392,-33.3853],[-70.8629,-33.3757],[-70.8709,-33.3755],[-70.8757,-33.3736],[-70.878,-33.3754],[-70.8815,-33.3761],[-70.8925,-33.3755],[-70.8997,-33.3732],[-70.902,-33.371],[-70.9073,-33.3685],[-70.9103,-33.3684],[-70.9235,-33.3755],[-70.9318,-33.3773],[-70.9333,-33.3789],[-70.9437,-33.3815],[-70.9467,-33.3849],[-70.9522,-33.3839],[-70.9681,-33.3759],[-70.9711,-33.3703],[-70.9776,-33.3653],[-70.9806,-33.3641],[-70.9854,-33.3596],[-70.9872,-33.3566],[-70.9865,-33.3497],[-70.9887,-33.3467],[-70.9964,-33.3425],[-71.002,-33.3332],[-71.0035,-33.3291],[-71.0037,-33.3225],[-71.0017,-33.3154],[-71.0017,-33.3087],[-70.9979,-33.3046],[-70.9844,-33.298],[-70.9747,-33.2959],[-70.9685,-33.29],[-70.9723,-33.2867],[-70.9743,-33.279],[-70.9777,-33.2751],[-70.9795,-33.2648],[-70.9821,-33.2618],[-70.9833,-33.2553],[-70.9948,-33.2374],[-70.9959,-33.2344],[-70.9959,-33.2296],[-71.0006,-33.2232],[-70.9998,-33.2177],[-71.0017,-33.2128],[-71.0013,-33.2104],[-70.9998,-33.2085],[-70.9996,-33.2038],[-70.9969,-33.1976],[-70.9982,-33.1923],[-70.9927,-33.1828],[-70.9938,-33.1795],[-70.9934,-33.1777],[-70.9857,-33.1775],[-70.9835,-33.1729],[-70.9817,-33.1723],[-70.9782,-33.1735],[-70.9751,-33.1721],[-70.9727,-33.1745],[-70.9633,-33.1775],[-70.9579,-33.1762],[-70.9533,-33.1725],[-70.9463,-33.1739],[-70.9406,-33.1767],[-70.9319,-33.1859],[-70.9298,-33.1868],[-70.9183,-33.1845],[-70.9091,-33.1815],[-70.8929,-33.1811],[-70.8903,-33.1837],[-70.8898,-33.188],[-70.8905,-33.1988],[-70.8922,-33.2057],[-70.8946,-33.2109],[-70.8886,-33.2129],[-70.8862,-33.2147],[-70.8868,-33.2223],[-70.8878,-33.2239],[-70.884,-33.2264],[-70.883,-33.2289],[-70.8811,-33.227],[-70.8787,-33.2266],[-70.8753,-33.2275],[-70.8668,-33.2258],[-70.8619,-33.2176],[-70.8565,-33.2041],[-70.85,-33.1978],[-70.8492,-33.1945],[-70.8504,-33.1879],[-70.8522,-33.1846],[-70.8572,-33.1822],[-70.8572,-33.1814],[-70.8353,-33.1797],[-70.8308,-33.1814],[-70.8272,-33.1847],[-70.8259,-33.1849],[-70.819,-33.1769],[-70.8113,-33.1747],[-70.8076,-33.1718],[-70.8022,-33.1721],[-70.8,-33.1698],[-70.7985,-33.1697],[-70.792,-33.173]]]}},{"type":"Feature","id":13202,"properties":{"name":"Pirque","province":"Cordillera","department":"Región Metropolitana de Santiago","type":"Comuna","country":"Chile","iso":"CL"},"geometry":{"type":"Polygon","coordinates":[[[-70.4338,-33.8536],[-70.4399,-33.8506],[-70.4414,-33.8513],[-70.4443,-33.8554],[-70.4503,-33.8584],[-70.462,-33.8586],[-70.4731,-33.8627],[-70.4746,-33.862],[-70.4759,-33.8582],[-70.4752,-33.8484],[-70.4774,-33.8461],[-70.4785,-33.8419],[-70.4815,-33.8384],[-70.4819,-33.8358],[-70.4872,-33.8305],[-70.4936,-33.8297],[-70.4981,-33.8311],[-70.502,-33.8343],[-70.5149,-33.8324],[-70.5188,-33.8337],[-70.522,-33.8334],[-70.5251,-33.8322],[-70.5271,-33.8246],[-70.533,-33.8172],[-70.5336,-33.8139],[-70.5368,-33.8097],[-70.5351,-33.8022],[-70.5358,-33.8002],[-70.5409,-33.7975],[-70.5451,-33.7973],[-70.547,-33.7963],[-70.5478,-33.794],[-70.5596,-33.7846],[-70.5705,-33.7847],[-70.577,-33.7829],[-70.5809,-33.783],[-70.5878,-33.785],[-70.5914,-33.784],[-70.5959,-33.781],[-70.5953,-33.7729],[-70.5965,-33.769],[-70.5996,-33.7662],[-70.5991,-33.7602],[-70.6021,-33.7579],[-70.6056,-33.7568],[-70.6093,-33.7447],[-70.6144,-33.7385],[-70.6134,-33.7341],[-70.616,-33.7226],[-70.6211,-33.719],[-70.6221,-33.7128],[-70.6251,-33.7105],[-70.6273,-33.7072],[-70.632,-33.7048],[-70.6375,-33.7045],[-70.6453,-33.6968],[-70.6442,-33.6933],[-70.6518,-33.6795],[-70.6559,-33.6757],[-70.6555,-33.6729],[-70.6529,-33.6697],[-70.6517,-33.6644],[-70.6501,-33.6628],[-70.6415,-33.6609],[-70.6348,-33.6535],[-70.6312,-33.6457],[-70.6312,-33.6428],[-70.6293,-33.6414],[-70.623,-33.6442],[-70.6196,-33.644],[-70.6145,-33.6415],[-70.6057,-33.6416],[-70.5962,-33.6377],[-70.5916,-33.6382],[-70.5868,-33.6344],[-70.5829,-33.6348],[-70.5807,-33.6338],[-70.5781,-33.6287],[-70.5762,-33.6273],[-70.5671,-33.6248],[-70.5664,-33.621],[-70.5647,-33.6204],[-70.5574,-33.621],[-70.5486,-33.6184],[-70.5436,-33.6183],[-70.5398,-33.6199],[-70.5321,-33.616],[-70.5294,-33.6156],[-70.5266,-33.617],[-70.5191,-33.6165],[-70.518,-33.6153],[-70.5179,-33.6136],[-70.5122,-33.6147],[-70.5111,-33.6136],[-70.5089,-33.6135],[-70.5082,-33.6092],[-70.5053,-33.6081],[-70.5018,-33.6087],[-70.4984,-33.6079],[-70.4987,-33.6054],[-70.5013,-33.6039],[-70.5011,-33.6028],[-70.4988,-33.601],[-70.4912,-33.5984],[-70.4875,-33.5946],[-70.4807,-33.5943],[-70.4792,-33.5899],[-70.4767,-33.5896],[-70.4734,-33.5923],[-70.4609,-33.5911],[-70.4596,-33.5896],[-70.4624,-33.5831],[-70.4614,-33.5815],[-70.4585,-33.5827],[-70.4527,-33.5828],[-70.4499,-33.5798],[-70.4438,-33.5787],[-70.4436,-33.5892],[-70.4405,-33.601],[-70.441,-33.6087],[-70.4392,-33.6152],[-70.4351,-33.6207],[-70.4278,-33.6201],[-70.4265,-33.6253],[-70.4248,-33.6274],[-70.4237,-33.6332],[-70.4212,-33.6368],[-70.4143,-33.64],[-70.4113,-33.645],[-70.4072,-33.6466],[-70.4082,-33.6496],[-70.413,-33.6545],[-70.4213,-33.6605],[-70.4295,-33.6606],[-70.4303,-33.6627],[-70.4334,-33.6646],[-70.4337,-33.6661],[-70.4307,-33.6697],[-70.4317,-33.6735],[-70.4384,-33.6782],[-70.4409,-33.6834],[-70.4389,-33.6883],[-70.4339,-33.6949],[-70.422,-33.6997],[-70.4092,-33.7035],[-70.4017,-33.7084],[-70.4005,-33.7119],[-70.4041,-33.7178],[-70.4027,-33.7266],[-70.4046,-33.7312],[-70.4036,-33.7325],[-70.4036,-33.7428],[-70.4003,-33.7474],[-70.4,-33.7493],[-70.4033,-33.754],[-70.4023,-33.7561],[-70.4042,-33.7594],[-70.4026,-33.7624],[-70.4039,-33.7689],[-70.4083,-33.7745],[-70.4072,-33.7846],[-70.4032,-33.7896],[-70.4034,-33.7913],[-70.4059,-33.7941],[-70.4061,-33.7968],[-70.403,-33.804],[-70.4038,-33.8144],[-70.4065,-33.8189],[-70.4085,-33.8266],[-70.4078,-33.8319],[-70.4114,-33.8382],[-70.4137,-33.8397],[-70.42,-33.8412],[-70.4219,-33.8426],[-70.427,-33.8508],[-70.4338,-33.8536]]]}},{"type":"Feature","id":13201,"properties":{"name":"Puente Alto","province":"Cordillera","department":"Región Metropolitana de Santiago","type":"Comuna","country":"Chile","iso":"CL"},"geometry":{"type":"Polygon","coordinates":[[[-70.4875,-33.5434],[-70.486,-33.546],[-70.4888,-33.5591],[-70.5001,-33.5713],[-70.5005,-33.5732],[-70.5003,-33.5799],[-70.4981,-33.5825],[-70.4984,-33.5887],[-70.4959,-33.592],[-70.4954,-33.5999],[-70.5011,-33.6028],[-70.5013,-33.6039],[-70.4987,-33.6054],[-70.4984,-33.6079],[-70.5018,-33.6087],[-70.5053,-33.6081],[-70.5082,-33.6092],[-70.5089,-33.6135],[-70.5139,-33.6148],[-70.5179,-33.6136],[-70.518,-33.6153],[-70.5191,-33.6165],[-70.5266,-33.617],[-70.5294,-33.6156],[-70.5321,-33.616],[-70.5398,-33.6199],[-70.5436,-33.6183],[-70.5486,-33.6184],[-70.5574,-33.621],[-70.5664,-33.621],[-70.5671,-33.6248],[-70.5762,-33.6273],[-70.5781,-33.6287],[-70.5807,-33.6338],[-70.5829,-33.6348],[-70.5868,-33.6344],[-70.5916,-33.6382],[-70.5962,-33.6377],[-70.6057,-33.6416],[-70.6145,-33.6415],[-70.6196,-33.644],[-70.623,-33.6442],[-70.6293,-33.6414],[-70.6312,-33.6428],[-70.6265,-33.6188],[-70.6269,-33.6047],[-70.606,-33.602],[-70.6085,-33.5869],[-70.6094,-33.5866],[-70.6113,-33.5706],[-70.5999,-33.5673],[-70.5922,-33.5701],[-70.5837,-33.5695],[-70.5845,-33.5656],[-70.5574,-33.5608],[-70.5683,-33.5477],[-70.5514,-33.548],[-70.5485,-33.5496],[-70.5471,-33.552],[-70.5375,-33.5488],[-70.5304,-33.5442],[-70.5255,-33.5434],[-70.5159,-33.5433],[-70.5041,-33.5465],[-70.5024,-33.5463],[-70.4989,-33.5438],[-70.4923,-33.5443],[-70.4875,-33.5434]]]}},{"type":"Feature","id":13107,"properties":{"name":"Huechuraba","province":"Santiago","department":"Región Metropolitana de Santiago","type":"Comuna","country":"Chile","iso":"CL"},"geometry":{"type":"Polygon","coordinates":[[[-70.6893,-33.3662],[-70.6934,-33.3516],[-70.6887,-33.3475],[-70.6874,-33.3426],[-70.6804,-33.3384],[-70.6813,-33.331],[-70.6782,-33.3297],[-70.6735,-33.3298],[-70.6681,-33.3282],[-70.6626,-33.3294],[-70.6587,-33.3285],[-70.6554,-33.3321],[-70.6517,-33.3341],[-70.6451,-33.3419],[-70.6385,-33.3428],[-70.6329,-33.3403],[-70.6241,-33.3408],[-70.6195,-33.3424],[-70.6015,-33.3384],[-70.5983,-33.3384],[-70.5961,-33.3371],[-70.5909,-33.3397],[-70.5889,-33.3458],[-70.5825,-33.351],[-70.5868,-33.3543],[-70.5926,-33.3555],[-70.5974,-33.3605],[-70.6011,-33.3627],[-70.5973,-33.3658],[-70.5978,-33.3716],[-70.6001,-33.3753],[-70.6002,-33.379],[-70.6029,-33.3812],[-70.6039,-33.3834],[-70.6015,-33.3885],[-70.6085,-33.3969],[-70.6106,-33.405],[-70.625,-33.3941],[-70.6453,-33.3808],[-70.6818,-33.367],[-70.6893,-33.3662]]]}},{"type":"Feature","id":13401,"properties":{"name":"San Bernardo","province":"Maipo","department":"Región Metropolitana de Santiago","type":"Comuna","country":"Chile","iso":"CL"},"geometry":{"type":"Polygon","coordinates":[[[-70.7667,-33.5722],[-70.7674,-33.572],[-70.7634,-33.5664],[-70.7264,-33.5239],[-70.6854,-33.5391],[-70.6874,-33.5419],[-70.6866,-33.5418],[-70.6929,-33.5561],[-70.6955,-33.5559],[-70.6971,-33.5648],[-70.7008,-33.573],[-70.6767,-33.5824],[-70.6632,-33.5852],[-70.6706,-33.6075],[-70.6432,-33.6099],[-70.6443,-33.6196],[-70.6422,-33.6198],[-70.6431,-33.6272],[-70.6287,-33.6278],[-70.6312,-33.6428],[-70.6334,-33.6447],[-70.6481,-33.6494],[-70.6524,-33.6505],[-70.657,-33.6501],[-70.6593,-33.6513],[-70.6602,-33.6539],[-70.6617,-33.6551],[-70.6734,-33.6601],[-70.6806,-33.6618],[-70.6853,-33.6611],[-70.6914,-33.6631],[-70.698,-33.6629],[-70.7014,-33.6648],[-70.71,-33.6655],[-70.7142,-33.6705],[-70.7161,-33.6812],[-70.7182,-33.6853],[-70.7259,-33.6931],[-70.7333,-33.6954],[-70.736,-33.6978],[-70.7445,-33.6987],[-70.7567,-33.7034],[-70.7607,-33.7036],[-70.7681,-33.7072],[-70.7702,-33.7109],[-70.7765,-33.7159],[-70.7803,-33.717],[-70.791,-33.7275],[-70.7957,-33.7308],[-70.7984,-33.7309],[-70.8027,-33.7335],[-70.8077,-33.7343],[-70.8106,-33.7367],[-70.8124,-33.7403],[-70.8123,-33.747],[-70.8144,-33.751],[-70.8211,-33.7542],[-70.8248,-33.7516],[-70.8261,-33.7486],[-70.8251,-33.7418],[-70.8217,-33.7398],[-70.8205,-33.737],[-70.8213,-33.727],[-70.8244,-33.721],[-70.8184,-33.7198],[-70.8119,-33.7228],[-70.8064,-33.7202],[-70.8068,-33.7187],[-70.8043,-33.7117],[-70.799,-33.7074],[-70.7977,-33.7044],[-70.7957,-33.7034],[-70.7918,-33.6981],[-70.7914,-33.696],[-70.7963,-33.6867],[-70.7956,-33.6835],[-70.7991,-33.6803],[-70.802,-33.6726],[-70.8035,-33.6721],[-70.8025,-33.6684],[-70.7988,-33.6683],[-70.7978,-33.6653],[-70.7952,-33.6639],[-70.7925,-33.6602],[-70.7873,-33.6569],[-70.7841,-33.6533],[-70.7572,-33.6629],[-70.7518,-33.6633],[-70.7492,-33.6644],[-70.7418,-33.6632],[-70.7379,-33.6564],[-70.7356,-33.6464],[-70.738,-33.6449],[-70.7437,-33.6345],[-70.7463,-33.6325],[-70.7484,-33.6292],[-70.7525,-33.6269],[-70.7569,-33.6212],[-70.7491,-33.6191],[-70.7467,-33.6175],[-70.7484,-33.6125],[-70.7513,-33.6093],[-70.7544,-33.6036],[-70.7533,-33.6013],[-70.7435,-33.595],[-70.7461,-33.59],[-70.7531,-33.582],[-70.7528,-33.5794],[-70.7564,-33.5757],[-70.7584,-33.5742],[-70.7635,-33.5746],[-70.7667,-33.5722]]]}},{"type":"Feature","id":13503,"properties":{"name":"Curacaví","province":"Melipilla","department":"Región Metropolitana de Santiago","type":"Comuna","country":"Chile","iso":"CL"},"geometry":{"type":"Polygon","coordinates":[[[-70.9975,-33.1984],[-70.9996,-33.2038],[-70.9998,-33.2085],[-71.0013,-33.2104],[-71.0017,-33.2128],[-70.9998,-33.2177],[-71.0006,-33.2232],[-70.9959,-33.2296],[-70.9959,-33.2344],[-70.9948,-33.2374],[-70.9833,-33.2553],[-70.9821,-33.2618],[-70.9795,-33.2648],[-70.9777,-33.2751],[-70.9743,-33.279],[-70.9723,-33.2867],[-70.9685,-33.29],[-70.9747,-33.2959],[-70.9844,-33.298],[-70.9994,-33.3058],[-71.0017,-33.3087],[-71.0017,-33.3154],[-71.0037,-33.3225],[-71.0035,-33.3291],[-71.002,-33.3332],[-70.9964,-33.3425],[-70.9887,-33.3467],[-70.9865,-33.3497],[-70.9872,-33.3566],[-70.9854,-33.3596],[-70.9806,-33.3641],[-70.9776,-33.3653],[-70.9711,-33.3703],[-70.9681,-33.3759],[-70.9522,-33.3839],[-70.9467,-33.3849],[-70.9483,-33.3863],[-70.9487,-33.3918],[-70.952,-33.3994],[-70.952,-33.4016],[-70.9505,-33.4038],[-70.9502,-33.4088],[-70.9514,-33.413],[-70.9468,-33.4172],[-70.9483,-33.4318],[-70.9497,-33.4363],[-70.9543,-33.4382],[-70.9549,-33.448],[-70.9499,-33.4535],[-70.9493,-33.459],[-70.9504,-33.4626],[-70.9485,-33.4647],[-70.9481,-33.4696],[-70.9424,-33.4716],[-70.9377,-33.4754],[-70.9326,-33.4755],[-70.9293,-33.4772],[-70.9214,-33.4883],[-70.9242,-33.4903],[-70.9262,-33.4967],[-70.9283,-33.4985],[-70.93,-33.5021],[-70.9301,-33.5058],[-70.9281,-33.5083],[-70.9231,-33.5092],[-70.9213,-33.5114],[-70.9197,-33.5113],[-70.9201,-33.5148],[-70.9228,-33.518],[-70.923,-33.5244],[-70.9269,-33.5339],[-70.9266,-33.5376],[-70.9286,-33.5409],[-70.9293,-33.5463],[-70.9312,-33.5473],[-70.933,-33.5504],[-70.9358,-33.5512],[-70.9381,-33.5552],[-70.9458,-33.5599],[-70.9484,-33.5606],[-70.9493,-33.5557],[-70.9525,-33.552],[-70.9546,-33.55],[-70.9609,-33.5477],[-70.9703,-33.5468],[-70.9743,-33.5456],[-70.9842,-33.5472],[-70.9889,-33.5455],[-70.9917,-33.5414],[-70.9976,-33.5392],[-71.0134,-33.5402],[-71.0163,-33.5358],[-71.0228,-33.5318],[-71.024,-33.5278],[-71.026,-33.5261],[-71.0362,-33.5216],[-71.044,-33.5043],[-71.0475,-33.5019],[-71.0524,-33.5002],[-71.0542,-33.4979],[-71.0567,-33.4976],[-71.0626,-33.4944],[-71.0637,-33.493],[-71.061,-33.4788],[-71.0678,-33.4729],[-71.07,-33.4725],[-71.0725,-33.4705],[-71.0736,-33.4683],[-71.0718,-33.4641],[-71.066,-33.4597],[-71.0655,-33.4502],[-71.0601,-33.4425],[-71.0609,-33.4398],[-71.058,-33.4329],[-71.0592,-33.4307],[-71.0652,-33.4338],[-71.0686,-33.434],[-71.0751,-33.4387],[-71.0904,-33.4447],[-71.101,-33.4462],[-71.1033,-33.4458],[-71.1052,-33.4434],[-71.1091,-33.4415],[-71.1126,-33.4447],[-71.1185,-33.4468],[-71.1255,-33.4479],[-71.1285,-33.4466],[-71.1377,-33.4483],[-71.1427,-33.4474],[-71.1437,-33.4485],[-71.1488,-33.4498],[-71.1522,-33.4493],[-71.1541,-33.4471],[-71.1563,-33.4483],[-71.1613,-33.4485],[-71.1642,-33.4456],[-71.166,-33.4456],[-71.1731,-33.4502],[-71.1788,-33.4504],[-71.1831,-33.4522],[-71.1865,-33.4521],[-71.1884,-33.4507],[-71.1892,-33.4438],[-71.1937,-33.4407],[-71.201,-33.4409],[-71.2055,-33.4387],[-71.208,-33.4357],[-71.2119,-33.4347],[-71.2257,-33.4347],[-71.2296,-33.4337],[-71.2307,-33.433],[-71.2315,-33.4282],[-71.2328,-33.4271],[-71.2403,-33.4256],[-71.2417,-33.4216],[-71.2449,-33.4195],[-71.2463,-33.4169],[-71.2494,-33.4161],[-71.2513,-33.4127],[-71.2561,-33.4108],[-71.2634,-33.4115],[-71.2751,-33.4054],[-71.2772,-33.4029],[-71.2761,-33.3996],[-71.2682,-33.3938],[-71.2676,-33.3883],[-71.266,-33.3871],[-71.2553,-33.3832],[-71.2442,-33.3837],[-71.2436,-33.382],[-71.236,-33.3741],[-71.2321,-33.3754],[-71.2268,-33.3749],[-71.223,-33.3732],[-71.2234,-33.3706],[-71.2206,-33.3658],[-71.2199,-33.3611],[-71.2143,-33.3555],[-71.2157,-33.3525],[-71.2158,-33.3486],[-71.2151,-33.3444],[-71.2125,-33.3407],[-71.2109,-33.3357],[-71.2112,-33.3333],[-71.2131,-33.3317],[-71.2123,-33.3308],[-71.209,-33.3317],[-71.2062,-33.3312],[-71.205,-33.321],[-71.196,-33.3117],[-71.1955,-33.3098],[-71.2012,-33.3103],[-71.2057,-33.3091],[-71.2075,-33.3055],[-71.2104,-33.3027],[-71.2148,-33.2928],[-71.2134,-33.288],[-71.2144,-33.2857],[-71.2171,-33.2848],[-71.2194,-33.2814],[-71.2225,-33.2791],[-71.2231,-33.272],[-71.2242,-33.2705],[-71.2267,-33.2694],[-71.226,-33.267],[-71.2238,-33.266],[-71.2197,-33.2595],[-71.2213,-33.2538],[-71.2242,-33.252],[-71.2259,-33.249],[-71.2257,-33.2465],[-71.2212,-33.2405],[-71.2151,-33.2391],[-71.2153,-33.2344],[-71.2109,-33.2324],[-71.2061,-33.2325],[-71.1995,-33.2288],[-71.1894,-33.2268],[-71.1788,-33.2281],[-71.1708,-33.2309],[-71.1651,-33.2291],[-71.1627,-33.2257],[-71.1519,-33.2286],[-71.1489,-33.2324],[-71.1405,-33.2378],[-71.1205,-33.2312],[-71.1151,-33.2256],[-71.1132,-33.222],[-71.1108,-33.2209],[-71.0963,-33.2205],[-71.0941,-33.2197],[-71.0854,-33.2245],[-71.0828,-33.225],[-71.0747,-33.2306],[-71.0721,-33.2303],[-71.0661,-33.2286],[-71.0601,-33.2249],[-71.0603,-33.2182],[-71.0569,-33.2045],[-71.0543,-33.2046],[-71.049,-33.2092],[-71.0468,-33.2099],[-71.0444,-33.2098],[-71.0412,-33.2068],[-71.0385,-33.2076],[-71.0331,-33.2115],[-71.0335,-33.2147],[-71.031,-33.2165],[-71.027,-33.2165],[-71.0257,-33.2149],[-71.0263,-33.2107],[-71.0287,-33.2061],[-71.0269,-33.2023],[-71.0221,-33.201],[-71.0185,-33.2031],[-71.0165,-33.2028],[-71.0147,-33.1999],[-71.0099,-33.1998],[-71.0043,-33.1979],[-70.9975,-33.1984]]]}},{"type":"Feature","id":13504,"properties":{"name":"María Pinto","province":"Melipilla","department":"Región Metropolitana de Santiago","type":"Comuna","country":"Chile","iso":"CL"},"geometry":{"type":"Polygon","coordinates":[[[-71.0134,-33.5402],[-71.015,-33.5425],[-71.0213,-33.5454],[-71.0252,-33.5486],[-71.0299,-33.5497],[-71.0315,-33.5515],[-71.0357,-33.5509],[-71.0428,-33.5548],[-71.0462,-33.5552],[-71.0486,-33.5533],[-71.0592,-33.5561],[-71.0669,-33.5559],[-71.0783,-33.5493],[-71.0826,-33.5508],[-71.0868,-33.5508],[-71.091,-33.5533],[-71.096,-33.5507],[-71.1073,-33.5478],[-71.1102,-33.5485],[-71.1135,-33.5534],[-71.1158,-33.5547],[-71.1217,-33.5503],[-71.1279,-33.5485],[-71.1381,-33.5493],[-71.1403,-33.551],[-71.1469,-33.5502],[-71.1503,-33.5509],[-71.1508,-33.5531],[-71.1532,-33.5545],[-71.1576,-33.5543],[-71.1638,-33.5557],[-71.1704,-33.5536],[-71.1801,-33.5543],[-71.1847,-33.5528],[-71.1908,-33.5476],[-71.2001,-33.5459],[-71.203,-33.5436],[-71.2092,-33.5415],[-71.2105,-33.5431],[-71.2166,-33.5452],[-71.2166,-33.5474],[-71.2144,-33.5494],[-71.2145,-33.5513],[-71.216,-33.5521],[-71.2185,-33.5495],[-71.2213,-33.5506],[-71.2216,-33.5552],[-71.2267,-33.558],[-71.2309,-33.5629],[-71.2361,-33.5613],[-71.2387,-33.5618],[-71.2378,-33.5635],[-71.2342,-33.5651],[-71.2342,-33.5659],[-71.236,-33.5682],[-71.2386,-33.5691],[-71.241,-33.5671],[-71.2434,-33.5666],[-71.2447,-33.5679],[-71.2449,-33.5694],[-71.2431,-33.5727],[-71.2442,-33.5742],[-71.2519,-33.5751],[-71.2533,-33.577],[-71.2511,-33.5815],[-71.2523,-33.5828],[-71.2672,-33.5827],[-71.2757,-33.5806],[-71.2805,-33.5824],[-71.2888,-33.5885],[-71.2916,-33.5879],[-71.2987,-33.5887],[-71.2999,-33.5869],[-71.3048,-33.5848],[-71.3158,-33.5883],[-71.3213,-33.5872],[-71.3291,-33.5835],[-71.329,-33.5725],[-71.331,-33.567],[-71.3284,-33.5633],[-71.328,-33.5604],[-71.332,-33.5434],[-71.3347,-33.5413],[-71.3319,-33.5358],[-71.3417,-33.5305],[-71.3465,-33.5313],[-71.3509,-33.5287],[-71.3484,-33.5086],[-71.3515,-33.505],[-71.3491,-33.5],[-71.3499,-33.4979],[-71.3524,-33.4963],[-71.3532,-33.4926],[-71.3472,-33.4839],[-71.3447,-33.4824],[-71.3395,-33.476],[-71.3394,-33.4745],[-71.342,-33.4712],[-71.3412,-33.4672],[-71.3419,-33.464],[-71.3365,-33.4578],[-71.3362,-33.4559],[-71.3383,-33.4546],[-71.3389,-33.4497],[-71.3376,-33.448],[-71.3375,-33.441],[-71.3405,-33.4393],[-71.3437,-33.4312],[-71.3434,-33.4293],[-71.3415,-33.4275],[-71.344,-33.422],[-71.3433,-33.4157],[-71.3382,-33.4134],[-71.3352,-33.4134],[-71.3331,-33.4118],[-71.3324,-33.4085],[-71.3311,-33.4076],[-71.3264,-33.407],[-71.3254,-33.4078],[-71.3255,-33.4095],[-71.3216,-33.411],[-71.3123,-33.4108],[-71.3065,-33.4094],[-71.2978,-33.4133],[-71.2959,-33.4117],[-71.2911,-33.4121],[-71.2861,-33.4105],[-71.2817,-33.4105],[-71.2803,-33.4095],[-71.2795,-33.407],[-71.2764,-33.4043],[-71.2634,-33.4115],[-71.2561,-33.4108],[-71.2513,-33.4127],[-71.2494,-33.4161],[-71.2463,-33.4169],[-71.2449,-33.4195],[-71.2417,-33.4216],[-71.2403,-33.4256],[-71.2328,-33.4271],[-71.2315,-33.4282],[-71.2307,-33.433],[-71.2296,-33.4337],[-71.2257,-33.4347],[-71.2119,-33.4347],[-71.208,-33.4357],[-71.2055,-33.4387],[-71.201,-33.4409],[-71.1937,-33.4407],[-71.1892,-33.4438],[-71.1884,-33.4507],[-71.1865,-33.4521],[-71.1831,-33.4522],[-71.1788,-33.4504],[-71.1731,-33.4502],[-71.166,-33.4456],[-71.1642,-33.4456],[-71.1613,-33.4485],[-71.1563,-33.4483],[-71.1541,-33.4471],[-71.1522,-33.4493],[-71.1488,-33.4498],[-71.1437,-33.4485],[-71.1427,-33.4474],[-71.1377,-33.4483],[-71.1285,-33.4466],[-71.1255,-33.4479],[-71.1185,-33.4468],[-71.1126,-33.4447],[-71.1091,-33.4415],[-71.1052,-33.4434],[-71.1033,-33.4458],[-71.101,-33.4462],[-71.0904,-33.4447],[-71.0751,-33.4387],[-71.0686,-33.434],[-71.0652,-33.4338],[-71.0592,-33.4307],[-71.058,-33.4329],[-71.0609,-33.4398],[-71.0601,-33.4425],[-71.0655,-33.4502],[-71.066,-33.4597],[-71.0718,-33.4641],[-71.0736,-33.4683],[-71.0725,-33.4705],[-71.07,-33.4725],[-71.0678,-33.4729],[-71.061,-33.4788],[-71.0637,-33.493],[-71.0626,-33.4944],[-71.0567,-33.4976],[-71.0542,-33.4979],[-71.0524,-33.5002],[-71.0475,-33.5019],[-71.044,-33.5043],[-71.0362,-33.5216],[-71.026,-33.5261],[-71.024,-33.5278],[-71.0228,-33.5318],[-71.0163,-33.5358],[-71.0134,-33.5402]]]}},{"type":"Feature","id":13102,"properties":{"name":"Cerrillos","province":"Santiago","department":"Región Metropolitana de Santiago","type":"Comuna","country":"Chile","iso":"CL"},"geometry":{"type":"Polygon","coordinates":[[[-70.6857,-33.4781],[-70.6861,-33.4821],[-70.691,-33.4932],[-70.706,-33.5241],[-70.7067,-33.5312],[-70.7264,-33.5239],[-70.7185,-33.5141],[-70.7233,-33.51],[-70.7401,-33.5101],[-70.7333,-33.4964],[-70.7315,-33.4949],[-70.7315,-33.4828],[-70.7286,-33.4834],[-70.7266,-33.4823],[-70.7247,-33.4827],[-70.7224,-33.4734],[-70.7119,-33.4827],[-70.6922,-33.4781],[-70.6857,-33.4781]]]}},{"type":"Feature","id":13103,"properties":{"name":"Cerro Navia","province":"Santiago","department":"Región Metropolitana de Santiago","type":"Comuna","country":"Chile","iso":"CL"},"geometry":{"type":"Polygon","coordinates":[[[-70.7215,-33.4366],[-70.7224,-33.4389],[-70.7302,-33.4363],[-70.7409,-33.4364],[-70.7408,-33.4299],[-70.7467,-33.43],[-70.7569,-33.4273],[-70.7629,-33.4277],[-70.7667,-33.4259],[-70.7671,-33.4268],[-70.7757,-33.4245],[-70.7821,-33.417],[-70.7823,-33.4137],[-70.7719,-33.4146],[-70.7624,-33.4127],[-70.7519,-33.4122],[-70.7371,-33.4123],[-70.7279,-33.4139],[-70.7225,-33.4117],[-70.7159,-33.4151],[-70.7215,-33.4366]]]}},{"type":"Feature","id":13132,"properties":{"name":"Vitacura","province":"Santiago","department":"Región Metropolitana de Santiago","type":"Comuna","country":"Chile","iso":"CL"},"geometry":{"type":"Polygon","coordinates":[[[-70.5177,-33.3726],[-70.5271,-33.3771],[-70.5339,-33.3838],[-70.5541,-33.3923],[-70.5997,-33.4083],[-70.6145,-33.4092],[-70.6121,-33.408],[-70.6106,-33.405],[-70.6085,-33.3969],[-70.6015,-33.3885],[-70.6039,-33.3834],[-70.6029,-33.3812],[-70.6002,-33.379],[-70.6001,-33.3753],[-70.5978,-33.3716],[-70.5973,-33.3658],[-70.6011,-33.3627],[-70.5974,-33.3605],[-70.5926,-33.3555],[-70.5868,-33.3543],[-70.5825,-33.351],[-70.5772,-33.3522],[-70.5734,-33.3555],[-70.5676,-33.3555],[-70.5641,-33.3576],[-70.5603,-33.3585],[-70.5503,-33.3593],[-70.5489,-33.3605],[-70.5477,-33.3639],[-70.5412,-33.3701],[-70.5311,-33.3706],[-70.5249,-33.3695],[-70.5195,-33.3704],[-70.5177,-33.3726]]]}},{"type":"Feature","id":13104,"properties":{"name":"Conchalí","province":"Santiago","department":"Región Metropolitana de Santiago","type":"Comuna","country":"Chile","iso":"CL"},"geometry":{"type":"Polygon","coordinates":[[[-70.664,-33.3992],[-70.6667,-33.399],[-70.6671,-33.4001],[-70.6722,-33.3997],[-70.6819,-33.403],[-70.6899,-33.3894],[-70.7003,-33.3662],[-70.6926,-33.3659],[-70.6818,-33.367],[-70.6568,-33.3765],[-70.6577,-33.3784],[-70.6572,-33.3921],[-70.6581,-33.3991],[-70.664,-33.3992]]]}},{"type":"Feature","id":13105,"properties":{"name":"El Bosque","province":"Santiago","department":"Región Metropolitana de Santiago","type":"Comuna","country":"Chile","iso":"CL"},"geometry":{"type":"Polygon","coordinates":[[[-70.6632,-33.5852],[-70.6767,-33.5824],[-70.7008,-33.573],[-70.6971,-33.5648],[-70.6955,-33.5559],[-70.6929,-33.5561],[-70.6866,-33.5418],[-70.6874,-33.5419],[-70.6854,-33.5391],[-70.6667,-33.5464],[-70.6532,-33.5488],[-70.6632,-33.5852]]]}},{"type":"Feature","id":13106,"properties":{"name":"Estación Central","province":"Santiago","department":"Región Metropolitana de Santiago","type":"Comuna","country":"Chile","iso":"CL"},"geometry":{"type":"Polygon","coordinates":[[[-70.6809,-33.4785],[-70.6922,-33.4781],[-70.7119,-33.4827],[-70.7228,-33.473],[-70.7338,-33.4696],[-70.7314,-33.4681],[-70.7313,-33.4549],[-70.7104,-33.4583],[-70.7056,-33.4572],[-70.7071,-33.4488],[-70.6923,-33.4479],[-70.6918,-33.4445],[-70.6796,-33.4439],[-70.679,-33.4507],[-70.6778,-33.4509],[-70.679,-33.4694],[-70.6801,-33.4707],[-70.6729,-33.4706],[-70.672,-33.4765],[-70.6808,-33.4765],[-70.6809,-33.4785]]]}},{"type":"Feature","id":13110,"properties":{"name":"La Florida","province":"Santiago","department":"Región Metropolitana de Santiago","type":"Comuna","country":"Chile","iso":"CL"},"geometry":{"type":"Polygon","coordinates":[[[-70.4379,-33.4922],[-70.4372,-33.4978],[-70.439,-33.5002],[-70.4431,-33.5042],[-70.4505,-33.5061],[-70.4615,-33.5155],[-70.4639,-33.5163],[-70.4658,-33.5185],[-70.4675,-33.5242],[-70.4692,-33.5268],[-70.4736,-33.528],[-70.4798,-33.5317],[-70.48,-33.5369],[-70.4846,-33.5386],[-70.4868,-33.5405],[-70.4875,-33.5434],[-70.4923,-33.5443],[-70.4989,-33.5438],[-70.5024,-33.5463],[-70.5041,-33.5465],[-70.5159,-33.5433],[-70.5255,-33.5434],[-70.5304,-33.5442],[-70.5375,-33.5488],[-70.5471,-33.552],[-70.5485,-33.5496],[-70.5514,-33.548],[-70.5683,-33.5477],[-70.5574,-33.5608],[-70.5845,-33.5656],[-70.5837,-33.5695],[-70.5922,-33.5701],[-70.5999,-33.5673],[-70.6113,-33.5706],[-70.6125,-33.5622],[-70.6104,-33.562],[-70.6149,-33.5465],[-70.6106,-33.5467],[-70.6097,-33.5262],[-70.6116,-33.5104],[-70.6137,-33.5084],[-70.5417,-33.5125],[-70.5285,-33.5086],[-70.5246,-33.5083],[-70.516,-33.5019],[-70.5023,-33.4997],[-70.4992,-33.4978],[-70.4917,-33.5011],[-70.4857,-33.5016],[-70.4844,-33.4998],[-70.4768,-33.4953],[-70.4695,-33.4952],[-70.4667,-33.4921],[-70.4631,-33.4924],[-70.456,-33.4957],[-70.4508,-33.4958],[-70.4446,-33.4927],[-70.4379,-33.4922]]]}},{"type":"Feature","id":13111,"properties":{"name":"La Granja","province":"Santiago","department":"Región Metropolitana de Santiago","type":"Comuna","country":"Chile","iso":"CL"},"geometry":{"type":"Polygon","coordinates":[[[-70.6366,-33.5187],[-70.6273,-33.5177],[-70.6199,-33.5143],[-70.6113,-33.5131],[-70.6097,-33.5262],[-70.6106,-33.5467],[-70.6149,-33.5465],[-70.6122,-33.5556],[-70.6307,-33.5598],[-70.6341,-33.5427],[-70.6366,-33.5187]]]}},{"type":"Feature","id":13112,"properties":{"name":"La Pintana","province":"Santiago","department":"Región Metropolitana de Santiago","type":"Comuna","country":"Chile","iso":"CL"},"geometry":{"type":"Polygon","coordinates":[[[-70.631,-33.5581],[-70.6307,-33.5598],[-70.6122,-33.5556],[-70.6104,-33.562],[-70.6125,-33.5622],[-70.6094,-33.5866],[-70.6085,-33.5869],[-70.606,-33.602],[-70.6269,-33.6047],[-70.6265,-33.6188],[-70.6287,-33.6278],[-70.6431,-33.6272],[-70.6422,-33.6198],[-70.6443,-33.6196],[-70.6432,-33.6099],[-70.6706,-33.6075],[-70.6628,-33.5839],[-70.6549,-33.555],[-70.631,-33.5581]]]}},{"type":"Feature","id":13114,"properties":{"name":"Las Condes","province":"Santiago","department":"Región Metropolitana de Santiago","type":"Comuna","country":"Chile","iso":"CL"},"geometry":{"type":"Polygon","coordinates":[[[-70.5176,-33.3728],[-70.5044,-33.3696],[-70.4993,-33.3672],[-70.4957,-33.367],[-70.4928,-33.3646],[-70.4845,-33.3643],[-70.4785,-33.3663],[-70.4755,-33.3688],[-70.481,-33.3712],[-70.4835,-33.3768],[-70.4836,-33.3792],[-70.4795,-33.3847],[-70.4801,-33.3866],[-70.4773,-33.3913],[-70.4771,-33.3943],[-70.4628,-33.3953],[-70.4545,-33.3974],[-70.4534,-33.4],[-70.4535,-33.4165],[-70.4515,-33.4193],[-70.4449,-33.4243],[-70.435,-33.4272],[-70.4337,-33.4328],[-70.4309,-33.4387],[-70.4321,-33.4438],[-70.4286,-33.4517],[-70.4292,-33.454],[-70.4281,-33.4582],[-70.4296,-33.4622],[-70.4333,-33.4647],[-70.4354,-33.4681],[-70.4334,-33.4734],[-70.4344,-33.481],[-70.4378,-33.4835],[-70.4392,-33.4866],[-70.4459,-33.4854],[-70.4521,-33.4825],[-70.4611,-33.4761],[-70.472,-33.4754],[-70.475,-33.4736],[-70.4788,-33.4691],[-70.4858,-33.4639],[-70.4897,-33.4557],[-70.4964,-33.4504],[-70.4962,-33.4467],[-70.5005,-33.4432],[-70.5029,-33.4396],[-70.5095,-33.4357],[-70.515,-33.4354],[-70.523,-33.4316],[-70.5379,-33.4334],[-70.5391,-33.4289],[-70.5844,-33.4318],[-70.6026,-33.4174],[-70.6079,-33.4155],[-70.6059,-33.4093],[-70.5997,-33.4083],[-70.5866,-33.4042],[-70.5434,-33.3881],[-70.5339,-33.3838],[-70.5271,-33.3771],[-70.5176,-33.3728]]]}},{"type":"Feature","id":13115,"properties":{"name":"Lo Barnechea","province":"Santiago","department":"Región Metropolitana de Santiago","type":"Comuna","country":"Chile","iso":"CL"},"geometry":{"type":"Polygon","coordinates":[[[-70.4344,-33.481],[-70.4334,-33.4734],[-70.4354,-33.4681],[-70.4333,-33.4647],[-70.4296,-33.4622],[-70.4281,-33.4582],[-70.4294,-33.4486],[-70.4315,-33.4463],[-70.4321,-33.4438],[-70.4309,-33.4387],[-70.4337,-33.4328],[-70.434,-33.4288],[-70.4362,-33.4267],[-70.4449,-33.4243],[-70.4515,-33.4193],[-70.4535,-33.4165],[-70.4534,-33.4],[-70.4545,-33.3974],[-70.4628,-33.3953],[-70.4771,-33.3943],[-70.4773,-33.3913],[-70.4801,-33.3866],[-70.4795,-33.3847],[-70.4836,-33.3792],[-70.4835,-33.3768],[-70.481,-33.3712],[-70.4755,-33.3688],[-70.4765,-33.3674],[-70.4845,-33.3643],[-70.4928,-33.3646],[-70.4957,-33.367],[-70.4993,-33.3672],[-70.5044,-33.3696],[-70.5176,-33.3727],[-70.5195,-33.3704],[-70.5249,-33.3695],[-70.5311,-33.3706],[-70.5412,-33.3701],[-70.5477,-33.3639],[-70.5489,-33.3605],[-70.5503,-33.3593],[-70.5603,-33.3585],[-70.5641,-33.3576],[-70.5676,-33.3555],[-70.5734,-33.3555],[-70.5754,-33.3531],[-70.5825,-33.351],[-70.5881,-33.3467],[-70.5909,-33.3397],[-70.5961,-33.3371],[-70.5937,-33.3345],[-70.5941,-33.3318],[-70.6002,-33.321],[-70.6003,-33.3167],[-70.6046,-33.3107],[-70.6001,-33.3075],[-70.5962,-33.3084],[-70.5957,-33.3069],[-70.5916,-33.304],[-70.5911,-33.3022],[-70.5927,-33.3009],[-70.5924,-33.2992],[-70.5834,-33.2936],[-70.5792,-33.2924],[-70.5745,-33.2894],[-70.5745,-33.2866],[-70.5708,-33.278],[-70.5728,-33.2759],[-70.5719,-33.2736],[-70.5733,-33.2719],[-70.5738,-33.2664],[-70.5696,-33.2619],[-70.5681,-33.2572],[-70.5599,-33.2515],[-70.562,-33.2485],[-70.5583,-33.2419],[-70.5463,-33.2411],[-70.5434,-33.2388],[-70.5371,-33.2401],[-70.5249,-33.2391],[-70.5221,-33.2377],[-70.5156,-33.2315],[-70.5131,-33.2256],[-70.5139,-33.2227],[-70.513,-33.2202],[-70.5068,-33.2191],[-70.5013,-33.2205],[-70.4947,-33.2184],[-70.4904,-33.219],[-70.4833,-33.218],[-70.4746,-33.22],[-70.4706,-33.2172],[-70.4701,-33.2097],[-70.465,-33.2033],[-70.4652,-33.2021],[-70.4678,-33.2013],[-70.4673,-33.1953],[-70.4594,-33.1888],[-70.4595,-33.1823],[-70.4622,-33.1792],[-70.4623,-33.1776],[-70.4535,-33.1716],[-70.4551,-33.1698],[-70.4541,-33.1674],[-70.4505,-33.1635],[-70.4448,-33.1597],[-70.445,-33.1571],[-70.4412,-33.1494],[-70.4412,-33.147],[-70.4365,-33.1438],[-70.4339,-33.1376],[-70.4306,-33.1349],[-70.4283,-33.1304],[-70.4253,-33.1285],[-70.4218,-33.1279],[-70.4179,-33.1238],[-70.398,-33.1217],[-70.3935,-33.1182],[-70.3911,-33.118],[-70.3864,-33.1153],[-70.3829,-33.1094],[-70.3782,-33.109],[-70.3736,-33.1057],[-70.3654,-33.1072],[-70.3504,-33.105],[-70.345,-33.1033],[-70.3433,-33.1019],[-70.3428,-33.097],[-70.3367,-33.0968],[-70.3339,-33.098],[-70.3295,-33.1021],[-70.3241,-33.1021],[-70.3207,-33.1034],[-70.3194,-33.1089],[-70.3177,-33.1098],[-70.3139,-33.1097],[-70.3111,-33.1084],[-70.3037,-33.113],[-70.3001,-33.1128],[-70.2968,-33.12],[-70.297,-33.1231],[-70.2954,-33.1266],[-70.2923,-33.1297],[-70.2879,-33.1318],[-70.2729,-33.1311],[-70.2714,-33.132],[-70.2697,-33.1355],[-70.2698,-33.142],[-70.2715,-33.1476],[-70.2709,-33.1548],[-70.2693,-33.1565],[-70.2693,-33.161],[-70.2679,-33.1643],[-70.2652,-33.1669],[-70.2651,-33.1739],[-70.2669,-33.1815],[-70.2606,-33.1847],[-70.2437,-33.187],[-70.2416,-33.1908],[-70.2398,-33.1922],[-70.2402,-33.1967],[-70.2373,-33.2016],[-70.2304,-33.204],[-70.2262,-33.2114],[-70.2177,-33.2179],[-70.2176,-33.223],[-70.2202,-33.2243],[-70.2207,-33.227],[-70.2228,-33.2279],[-70.2233,-33.2303],[-70.2208,-33.2374],[-70.2169,-33.2394],[-70.2146,-33.2442],[-70.2094,-33.2479],[-70.2082,-33.2501],[-70.21,-33.2534],[-70.2105,-33.2593],[-70.2045,-33.2627],[-70.2009,-33.2668],[-70.1983,-33.2724],[-70.2005,-33.2786],[-70.1995,-33.2805],[-70.1993,-33.2903],[-70.195,-33.2961],[-70.1929,-33.2974],[-70.188,-33.305],[-70.1865,-33.3088],[-70.1867,-33.3114],[-70.1821,-33.3221],[-70.1827,-33.3254],[-70.1816,-33.3326],[-70.1821,-33.3381],[-70.1759,-33.3456],[-70.1762,-33.3473],[-70.1802,-33.3507],[-70.1773,-33.3565],[-70.1812,-33.3601],[-70.1816,-33.3625],[-70.1869,-33.3631],[-70.1918,-33.3666],[-70.1921,-33.3693],[-70.1942,-33.3716],[-70.1944,-33.3733],[-70.1932,-33.3761],[-70.1984,-33.3808],[-70.1991,-33.3848],[-70.2032,-33.3916],[-70.214,-33.3964],[-70.2178,-33.4006],[-70.2181,-33.4026],[-70.217,-33.4044],[-70.2174,-33.4089],[-70.219,-33.4123],[-70.2241,-33.4149],[-70.2288,-33.4195],[-70.2362,-33.424],[-70.2362,-33.4261],[-70.2383,-33.4294],[-70.2412,-33.4309],[-70.2442,-33.4358],[-70.2536,-33.4392],[-70.2555,-33.4421],[-70.258,-33.4439],[-70.2668,-33.4454],[-70.2731,-33.4494],[-70.2762,-33.4528],[-70.2826,-33.4556],[-70.2853,-33.4524],[-70.2923,-33.451],[-70.2976,-33.4518],[-70.2992,-33.4528],[-70.299,-33.4572],[-70.3008,-33.4608],[-70.3047,-33.4645],[-70.315,-33.4666],[-70.3216,-33.4727],[-70.3253,-33.4731],[-70.3345,-33.4767],[-70.3404,-33.4843],[-70.3482,-33.4899],[-70.3513,-33.4906],[-70.3519,-33.4883],[-70.3538,-33.4864],[-70.3611,-33.4872],[-70.3727,-33.4829],[-70.3765,-33.4827],[-70.3885,-33.4867],[-70.3934,-33.4905],[-70.4014,-33.49],[-70.4195,-33.4819],[-70.4278,-33.4842],[-70.4292,-33.484],[-70.4293,-33.4822],[-70.4344,-33.481]]]}},{"type":"Feature","id":13116,"properties":{"name":"Lo Espejo","province":"Santiago","department":"Región Metropolitana de Santiago","type":"Comuna","country":"Chile","iso":"CL"},"geometry":{"type":"Polygon","coordinates":[[[-70.6712,-33.5107],[-70.6858,-33.539],[-70.7067,-33.5312],[-70.706,-33.5241],[-70.6954,-33.5024],[-70.6712,-33.5107]]]}},{"type":"Feature","id":13117,"properties":{"name":"Lo Prado","province":"Santiago","department":"Región Metropolitana de Santiago","type":"Comuna","country":"Chile","iso":"CL"},"geometry":{"type":"Polygon","coordinates":[[[-70.7287,-33.4554],[-70.7389,-33.4534],[-70.7394,-33.4466],[-70.7406,-33.4456],[-70.7408,-33.4364],[-70.7302,-33.4363],[-70.7224,-33.4389],[-70.7215,-33.4366],[-70.7071,-33.4381],[-70.7071,-33.4488],[-70.7056,-33.4572],[-70.713,-33.4584],[-70.7287,-33.4554]]]}},{"type":"Feature","id":13118,"properties":{"name":"Macul","province":"Santiago","department":"Región Metropolitana de Santiago","type":"Comuna","country":"Chile","iso":"CL"},"geometry":{"type":"Polygon","coordinates":[[[-70.5768,-33.4703],[-70.5808,-33.49],[-70.5873,-33.5003],[-70.5895,-33.5061],[-70.59,-33.5102],[-70.6137,-33.5084],[-70.6185,-33.4875],[-70.6199,-33.4861],[-70.623,-33.4749],[-70.5988,-33.4737],[-70.5878,-33.4744],[-70.5768,-33.4703]]]}},{"type":"Feature","id":13119,"properties":{"name":"Maipú","province":"Santiago","department":"Región Metropolitana de Santiago","type":"Comuna","country":"Chile","iso":"CL"},"geometry":{"type":"Polygon","coordinates":[[[-70.7344,-33.47],[-70.7224,-33.4734],[-70.7247,-33.4827],[-70.7266,-33.4823],[-70.7286,-33.4834],[-70.7315,-33.4828],[-70.7315,-33.4949],[-70.7333,-33.4964],[-70.7401,-33.5101],[-70.7233,-33.51],[-70.7185,-33.5141],[-70.7674,-33.572],[-70.7856,-33.5674],[-70.8046,-33.5509],[-70.816,-33.5437],[-70.8056,-33.5359],[-70.8055,-33.5341],[-70.8042,-33.5327],[-70.8052,-33.5301],[-70.8089,-33.5288],[-70.8129,-33.531],[-70.8186,-33.5381],[-70.8272,-33.5362],[-70.8292,-33.5367],[-70.8362,-33.5344],[-70.8435,-33.5342],[-70.8522,-33.5377],[-70.8524,-33.5364],[-70.858,-33.531],[-70.86,-33.5303],[-70.8698,-33.5316],[-70.8717,-33.5327],[-70.8765,-33.5318],[-70.8834,-33.5283],[-70.8857,-33.5283],[-70.8883,-33.5269],[-70.8903,-33.5232],[-70.8919,-33.5223],[-70.8924,-33.5204],[-70.8949,-33.5199],[-70.8987,-33.5174],[-70.901,-33.5141],[-70.9049,-33.5114],[-70.9098,-33.5095],[-70.9213,-33.5114],[-70.9231,-33.5092],[-70.9281,-33.5083],[-70.9301,-33.5058],[-70.93,-33.5021],[-70.9283,-33.4985],[-70.9262,-33.4967],[-70.9242,-33.4903],[-70.9214,-33.4883],[-70.9152,-33.4875],[-70.9108,-33.4839],[-70.8919,-33.478],[-70.8858,-33.4783],[-70.8767,-33.4768],[-70.8602,-33.4799],[-70.8495,-33.4799],[-70.8483,-33.4793],[-70.8479,-33.4768],[-70.8421,-33.4677],[-70.8407,-33.4669],[-70.8292,-33.4656],[-70.8268,-33.467],[-70.8185,-33.4669],[-70.8145,-33.466],[-70.8064,-33.461],[-70.8047,-33.4631],[-70.7966,-33.4631],[-70.7967,-33.4604],[-70.7772,-33.4629],[-70.7758,-33.4582],[-70.7651,-33.4593],[-70.7635,-33.4638],[-70.7379,-33.4685],[-70.7369,-33.4714],[-70.7344,-33.47]]]}},{"type":"Feature","id":13120,"properties":{"name":"Ñuñoa","province":"Santiago","department":"Región Metropolitana de Santiago","type":"Comuna","country":"Chile","iso":"CL"},"geometry":{"type":"Polygon","coordinates":[[[-70.5768,-33.4702],[-70.5878,-33.4744],[-70.5988,-33.4737],[-70.623,-33.4749],[-70.6245,-33.47],[-70.6261,-33.4686],[-70.6315,-33.4498],[-70.6188,-33.4473],[-70.6184,-33.4484],[-70.6088,-33.4457],[-70.5992,-33.4447],[-70.5928,-33.4478],[-70.5822,-33.4338],[-70.5736,-33.4379],[-70.5708,-33.4535],[-70.5768,-33.4702]]]}},{"type":"Feature","id":13121,"properties":{"name":"Pedro Aguirre Cerda","province":"Santiago","department":"Región Metropolitana de Santiago","type":"Comuna","country":"Chile","iso":"CL"},"geometry":{"type":"Polygon","coordinates":[[[-70.6712,-33.5107],[-70.6954,-33.5024],[-70.6861,-33.4821],[-70.6857,-33.4781],[-70.6717,-33.4785],[-70.6712,-33.4763],[-70.6551,-33.4767],[-70.6712,-33.5107]]]}},{"type":"Feature","id":13124,"properties":{"name":"Pudahuel","province":"Santiago","department":"Región Metropolitana de Santiago","type":"Comuna","country":"Chile","iso":"CL"},"geometry":{"type":"Polygon","coordinates":[[[-70.7566,-33.3838],[-70.7824,-33.4052],[-70.7821,-33.417],[-70.7757,-33.4245],[-70.7721,-33.4257],[-70.7671,-33.4268],[-70.7667,-33.4259],[-70.7629,-33.4277],[-70.7569,-33.4273],[-70.7467,-33.43],[-70.7408,-33.4299],[-70.7406,-33.4456],[-70.7394,-33.4466],[-70.7389,-33.4534],[-70.7313,-33.4549],[-70.7314,-33.4681],[-70.7369,-33.4714],[-70.7379,-33.4685],[-70.7635,-33.4638],[-70.7651,-33.4593],[-70.7758,-33.4582],[-70.7772,-33.4629],[-70.7967,-33.4604],[-70.7966,-33.4631],[-70.8047,-33.4631],[-70.8064,-33.461],[-70.8145,-33.466],[-70.8185,-33.4669],[-70.8268,-33.467],[-70.8292,-33.4656],[-70.8407,-33.4669],[-70.8421,-33.4677],[-70.8479,-33.4768],[-70.8483,-33.4793],[-70.8495,-33.4799],[-70.8602,-33.4799],[-70.8767,-33.4768],[-70.8858,-33.4783],[-70.8919,-33.478],[-70.9108,-33.4839],[-70.9152,-33.4875],[-70.9214,-33.4883],[-70.9293,-33.4772],[-70.9326,-33.4755],[-70.9377,-33.4754],[-70.9424,-33.4716],[-70.9481,-33.4696],[-70.9487,-33.4685],[-70.9485,-33.4647],[-70.9504,-33.4626],[-70.9493,-33.459],[-70.9499,-33.4535],[-70.9538,-33.4498],[-70.9551,-33.4447],[-70.9538,-33.4374],[-70.9497,-33.4363],[-70.9471,-33.4219],[-70.9468,-33.4172],[-70.9514,-33.413],[-70.9502,-33.4088],[-70.9505,-33.4038],[-70.952,-33.4016],[-70.952,-33.3994],[-70.9487,-33.3918],[-70.9483,-33.3863],[-70.9437,-33.3815],[-70.9333,-33.3789],[-70.9318,-33.3773],[-70.9235,-33.3755],[-70.9174,-33.3728],[-70.914,-33.3698],[-70.9103,-33.3684],[-70.9073,-33.3685],[-70.902,-33.371],[-70.8997,-33.3732],[-70.8925,-33.3755],[-70.8815,-33.3761],[-70.878,-33.3754],[-70.8757,-33.3736],[-70.8709,-33.3755],[-70.8629,-33.3757],[-70.8392,-33.3853],[-70.8376,-33.3846],[-70.837,-33.3824],[-70.8326,-33.3809],[-70.8322,-33.3778],[-70.8295,-33.3762],[-70.8277,-33.3718],[-70.8254,-33.3711],[-70.824,-33.3695],[-70.8208,-33.3627],[-70.8191,-33.3628],[-70.8112,-33.3593],[-70.8112,-33.358],[-70.8036,-33.3505],[-70.7688,-33.3763],[-70.7566,-33.3838]]]}},{"type":"Feature","id":13125,"properties":{"name":"Quilicura","province":"Santiago","department":"Región Metropolitana de Santiago","type":"Comuna","country":"Chile","iso":"CL"},"geometry":{"type":"Polygon","coordinates":[[[-70.6962,-33.3821],[-70.7049,-33.3837],[-70.7112,-33.3912],[-70.7162,-33.3902],[-70.7195,-33.3919],[-70.7234,-33.3924],[-70.7259,-33.3911],[-70.7275,-33.3914],[-70.7285,-33.3927],[-70.7302,-33.3915],[-70.732,-33.3915],[-70.7371,-33.3933],[-70.7404,-33.3899],[-70.7485,-33.3892],[-70.7508,-33.3882],[-70.751,-33.3856],[-70.7566,-33.3838],[-70.7688,-33.3763],[-70.8036,-33.3505],[-70.7988,-33.3449],[-70.7979,-33.3385],[-70.7935,-33.3413],[-70.7188,-33.3246],[-70.7183,-33.3259],[-70.7085,-33.3228],[-70.7107,-33.319],[-70.6995,-33.3205],[-70.6947,-33.3237],[-70.6921,-33.324],[-70.6904,-33.3254],[-70.6894,-33.3286],[-70.6837,-33.3292],[-70.6813,-33.331],[-70.6811,-33.3358],[-70.6801,-33.3375],[-70.6874,-33.3426],[-70.6887,-33.3475],[-70.6934,-33.3516],[-70.6893,-33.3662],[-70.7003,-33.3662],[-70.6936,-33.3813],[-70.6947,-33.3817],[-70.6941,-33.3834],[-70.6955,-33.3838],[-70.6962,-33.3821]]]}},{"type":"Feature","id":13126,"properties":{"name":"Quinta Normal","province":"Santiago","department":"Región Metropolitana de Santiago","type":"Comuna","country":"Chile","iso":"CL"},"geometry":{"type":"Polygon","coordinates":[[[-70.693,-33.4151],[-70.6911,-33.418],[-70.6714,-33.4265],[-70.6718,-33.4283],[-70.6767,-33.4268],[-70.6799,-33.4279],[-70.6807,-33.4298],[-70.6801,-33.4385],[-70.6813,-33.4362],[-70.6838,-33.4367],[-70.6854,-33.4388],[-70.6916,-33.4395],[-70.6923,-33.4479],[-70.7071,-33.4488],[-70.7071,-33.4381],[-70.7215,-33.4366],[-70.7159,-33.4151],[-70.7227,-33.4114],[-70.7125,-33.4078],[-70.7053,-33.4076],[-70.693,-33.4151]]]}},{"type":"Feature","id":13127,"properties":{"name":"Recoleta","province":"Santiago","department":"Región Metropolitana de Santiago","type":"Comuna","country":"Chile","iso":"CL"},"geometry":{"type":"Polygon","coordinates":[[[-70.6516,-33.4322],[-70.6501,-33.4177],[-70.6529,-33.4175],[-70.6531,-33.4065],[-70.6572,-33.4053],[-70.6582,-33.4006],[-70.6572,-33.3921],[-70.6577,-33.3784],[-70.6568,-33.3765],[-70.6414,-33.3827],[-70.6106,-33.405],[-70.6121,-33.408],[-70.6168,-33.4103],[-70.6224,-33.4163],[-70.6323,-33.4216],[-70.6362,-33.4308],[-70.6354,-33.4359],[-70.6516,-33.4322]]]}},{"type":"Feature","id":13128,"properties":{"name":"Renca","province":"Santiago","department":"Región Metropolitana de Santiago","type":"Comuna","country":"Chile","iso":"CL"},"geometry":{"type":"Polygon","coordinates":[[[-70.6962,-33.3821],[-70.6955,-33.3838],[-70.6941,-33.3834],[-70.6947,-33.3817],[-70.6936,-33.3813],[-70.6899,-33.3894],[-70.6806,-33.4054],[-70.6787,-33.4173],[-70.6714,-33.4265],[-70.6911,-33.418],[-70.6957,-33.413],[-70.7053,-33.4076],[-70.7125,-33.4078],[-70.7279,-33.4139],[-70.7371,-33.4123],[-70.7519,-33.4122],[-70.7624,-33.4127],[-70.7719,-33.4146],[-70.7823,-33.4137],[-70.7824,-33.4052],[-70.7566,-33.3838],[-70.751,-33.3856],[-70.7508,-33.3882],[-70.7485,-33.3892],[-70.7404,-33.3899],[-70.7371,-33.3933],[-70.732,-33.3915],[-70.7302,-33.3915],[-70.7285,-33.3927],[-70.7275,-33.3914],[-70.7259,-33.3911],[-70.7234,-33.3924],[-70.7195,-33.3919],[-70.7162,-33.3902],[-70.7112,-33.3912],[-70.7049,-33.3837],[-70.6962,-33.3821]]]}},{"type":"Feature","id":13602,"properties":{"name":"El Monte","province":"Talagante","department":"Región Metropolitana de Santiago","type":"Comuna","country":"Chile","iso":"CL"},"geometry":{"type":"Polygon","coordinates":[[[-70.9679,-33.6241],[-70.967,-33.6248],[-70.9667,-33.6321],[-70.9591,-33.6476],[-70.9542,-33.6525],[-70.9476,-33.6538],[-70.9358,-33.6593],[-70.9369,-33.661],[-70.9366,-33.663],[-70.9459,-33.6673],[-70.9513,-33.6677],[-70.9569,-33.6723],[-70.9673,-33.6758],[-70.9742,-33.6806],[-70.9764,-33.6809],[-70.9801,-33.6853],[-70.9855,-33.6881],[-70.9927,-33.689],[-70.9989,-33.6927],[-71.0031,-33.693],[-71.0064,-33.6973],[-71.0109,-33.6992],[-71.0139,-33.7056],[-71.0182,-33.706],[-71.0218,-33.7085],[-71.0254,-33.7122],[-71.0262,-33.7163],[-71.0287,-33.7189],[-71.0314,-33.7197],[-71.0345,-33.719],[-71.0376,-33.7166],[-71.0423,-33.7157],[-71.0464,-33.716],[-71.0522,-33.7191],[-71.0689,-33.7217],[-71.072,-33.7204],[-71.0781,-33.7206],[-71.0805,-33.7196],[-71.0823,-33.7178],[-71.0856,-33.7175],[-71.0884,-33.7158],[-71.0973,-33.7077],[-71.1027,-33.7054],[-71.1008,-33.6926],[-71.1142,-33.6833],[-71.1057,-33.6854],[-71.0979,-33.6342],[-71.09,-33.6332],[-71.0832,-33.6277],[-71.0736,-33.6284],[-71.0695,-33.631],[-71.065,-33.6326],[-71.0626,-33.6325],[-71.0596,-33.638],[-71.0483,-33.6366],[-71.0405,-33.6394],[-71.036,-33.6429],[-71.0335,-33.6409],[-71.0321,-33.6329],[-71.0306,-33.6294],[-71.0278,-33.6272],[-71.0187,-33.6283],[-71.0115,-33.6257],[-71.0027,-33.6169],[-71.0022,-33.6152],[-70.9948,-33.6137],[-70.9877,-33.6166],[-70.9832,-33.6166],[-70.9776,-33.618],[-70.9723,-33.6231],[-70.9679,-33.6241]]]}},{"type":"Feature","id":13604,"properties":{"name":"Padre Hurtado","province":"Talagante","department":"Región Metropolitana de Santiago","type":"Comuna","country":"Chile","iso":"CL"},"geometry":{"type":"Polygon","coordinates":[[[-70.9354,-33.5881],[-70.9357,-33.5838],[-70.9373,-33.5823],[-70.9364,-33.5775],[-70.9433,-33.5722],[-70.9481,-33.5669],[-70.9484,-33.5606],[-70.9458,-33.5599],[-70.9381,-33.5552],[-70.9358,-33.5512],[-70.933,-33.5504],[-70.9312,-33.5473],[-70.9293,-33.5463],[-70.9286,-33.5409],[-70.9266,-33.5376],[-70.9269,-33.5339],[-70.923,-33.5244],[-70.9228,-33.518],[-70.9201,-33.5148],[-70.9197,-33.5113],[-70.9149,-33.5109],[-70.9121,-33.5096],[-70.9098,-33.5095],[-70.9049,-33.5114],[-70.901,-33.5141],[-70.8987,-33.5174],[-70.8949,-33.5199],[-70.8924,-33.5204],[-70.8919,-33.5223],[-70.8903,-33.5232],[-70.8883,-33.5269],[-70.8857,-33.5283],[-70.8834,-33.5283],[-70.8765,-33.5318],[-70.8717,-33.5327],[-70.8698,-33.5316],[-70.86,-33.5303],[-70.858,-33.531],[-70.8524,-33.5364],[-70.8522,-33.5377],[-70.8435,-33.5342],[-70.8362,-33.5344],[-70.8292,-33.5367],[-70.8272,-33.5362],[-70.8186,-33.5381],[-70.8129,-33.531],[-70.8089,-33.5288],[-70.8052,-33.5301],[-70.8042,-33.5327],[-70.8055,-33.5341],[-70.8056,-33.5359],[-70.816,-33.5437],[-70.8046,-33.5509],[-70.7856,-33.5674],[-70.7787,-33.5692],[-70.7887,-33.5783],[-70.7981,-33.5733],[-70.8086,-33.5937],[-70.8111,-33.5962],[-70.8142,-33.5935],[-70.8191,-33.5986],[-70.835,-33.5857],[-70.8321,-33.5836],[-70.8335,-33.5824],[-70.848,-33.5806],[-70.8495,-33.5769],[-70.8564,-33.5757],[-70.8684,-33.5754],[-70.8786,-33.5836],[-70.8814,-33.5807],[-70.8864,-33.5831],[-70.8877,-33.5813],[-70.89,-33.5845],[-70.8923,-33.5859],[-70.8936,-33.5899],[-70.8988,-33.5877],[-70.9096,-33.5864],[-70.9125,-33.5873],[-70.9201,-33.5856],[-70.93,-33.5888],[-70.9354,-33.5881]]]}},{"type":"Feature","id":13605,"properties":{"name":"Peñaflor","province":"Talagante","department":"Región Metropolitana de Santiago","type":"Comuna","country":"Chile","iso":"CL"},"geometry":{"type":"Polygon","coordinates":[[[-70.848,-33.5806],[-70.8335,-33.5824],[-70.8321,-33.5836],[-70.835,-33.5857],[-70.8191,-33.5986],[-70.8253,-33.6108],[-70.841,-33.6284],[-70.8434,-33.6299],[-70.8437,-33.6317],[-70.8457,-33.6339],[-70.8495,-33.6362],[-70.8737,-33.6315],[-70.912,-33.6363],[-70.9138,-33.6407],[-70.9218,-33.6408],[-70.9216,-33.6392],[-70.9318,-33.639],[-70.9346,-33.6414],[-70.9342,-33.6435],[-70.9352,-33.6459],[-70.9414,-33.6457],[-70.9422,-33.6464],[-70.9497,-33.6462],[-70.952,-33.6449],[-70.9579,-33.6442],[-70.9625,-33.641],[-70.9626,-33.6391],[-70.9667,-33.6321],[-70.967,-33.6248],[-70.9679,-33.6241],[-70.9647,-33.6227],[-70.9589,-33.6169],[-70.9578,-33.6146],[-70.9562,-33.6137],[-70.9545,-33.6094],[-70.9545,-33.6049],[-70.9502,-33.599],[-70.9458,-33.5982],[-70.9367,-33.5926],[-70.9354,-33.5881],[-70.93,-33.5888],[-70.9201,-33.5856],[-70.9125,-33.5873],[-70.9096,-33.5864],[-70.8988,-33.5877],[-70.8936,-33.5899],[-70.8923,-33.5859],[-70.89,-33.5845],[-70.8877,-33.5813],[-70.8864,-33.5831],[-70.8814,-33.5807],[-70.8786,-33.5836],[-70.8684,-33.5754],[-70.8564,-33.5757],[-70.8495,-33.5769],[-70.848,-33.5806]]]}},{"type":"Feature","id":13601,"properties":{"name":"Talagante","province":"Talagante","department":"Región Metropolitana de Santiago","type":"Comuna","country":"Chile","iso":"CL"},"geometry":{"type":"Polygon","coordinates":[[[-70.8025,-33.6684],[-70.8035,-33.6721],[-70.802,-33.6726],[-70.7991,-33.6803],[-70.7956,-33.6835],[-70.7963,-33.6867],[-70.7914,-33.696],[-70.7918,-33.6981],[-70.7957,-33.7034],[-70.7977,-33.7044],[-70.799,-33.7074],[-70.8043,-33.7117],[-70.8068,-33.7187],[-70.8064,-33.7202],[-70.8119,-33.7228],[-70.8184,-33.7198],[-70.8244,-33.721],[-70.8305,-33.7189],[-70.8338,-33.7146],[-70.8439,-33.7086],[-70.8461,-33.7093],[-70.8491,-33.7148],[-70.8995,-33.6965],[-70.9156,-33.7143],[-70.9154,-33.7164],[-70.923,-33.7166],[-70.9308,-33.7181],[-70.933,-33.7194],[-70.9396,-33.719],[-70.947,-33.7159],[-70.9556,-33.7142],[-70.9618,-33.7163],[-70.9677,-33.7153],[-70.9759,-33.7158],[-70.982,-33.7182],[-70.9829,-33.7196],[-70.9861,-33.7207],[-70.9903,-33.7241],[-70.9927,-33.7231],[-70.9981,-33.7231],[-71.0019,-33.7208],[-71.0175,-33.7168],[-71.0262,-33.7163],[-71.0254,-33.7122],[-71.0218,-33.7085],[-71.0182,-33.706],[-71.0139,-33.7056],[-71.0109,-33.6992],[-71.0064,-33.6973],[-71.0031,-33.693],[-70.9989,-33.6927],[-70.9927,-33.689],[-70.9855,-33.6881],[-70.9801,-33.6853],[-70.9764,-33.6809],[-70.9742,-33.6806],[-70.9673,-33.6758],[-70.9569,-33.6723],[-70.9513,-33.6677],[-70.9459,-33.6673],[-70.9366,-33.663],[-70.9369,-33.661],[-70.9358,-33.6593],[-70.9372,-33.6584],[-70.9476,-33.6538],[-70.9542,-33.6525],[-70.9561,-33.6511],[-70.9566,-33.6493],[-70.9591,-33.6476],[-70.9609,-33.6447],[-70.9608,-33.6428],[-70.9497,-33.6462],[-70.9352,-33.6459],[-70.9342,-33.6435],[-70.9346,-33.6414],[-70.9318,-33.639],[-70.9216,-33.6392],[-70.9218,-33.6408],[-70.9138,-33.6407],[-70.912,-33.6363],[-70.8737,-33.6315],[-70.8495,-33.6362],[-70.8616,-33.6471],[-70.8671,-33.6506],[-70.8363,-33.6625],[-70.8185,-33.6424],[-70.8152,-33.6428],[-70.8117,-33.6446],[-70.811,-33.6529],[-70.8082,-33.6582],[-70.8081,-33.6602],[-70.803,-33.6663],[-70.8025,-33.6684]]]}},{"type":"Feature","id":13404,"properties":{"name":"Paine","province":"Maipo","department":"Región Metropolitana de Santiago","type":"Comuna","country":"Chile","iso":"CL"},"geometry":{"type":"Polygon","coordinates":[[[-70.6144,-33.7385],[-70.6093,-33.7447],[-70.6056,-33.7568],[-70.6021,-33.7579],[-70.5991,-33.7602],[-70.5988,-33.762],[-70.5999,-33.7653],[-70.5956,-33.7708],[-70.5961,-33.7789],[-70.5959,-33.781],[-70.5947,-33.7822],[-70.5878,-33.785],[-70.5809,-33.783],[-70.577,-33.7829],[-70.5705,-33.7847],[-70.5596,-33.7846],[-70.5478,-33.794],[-70.547,-33.7963],[-70.5451,-33.7973],[-70.5409,-33.7975],[-70.5358,-33.8002],[-70.5351,-33.8022],[-70.5368,-33.8097],[-70.5336,-33.8139],[-70.533,-33.8172],[-70.5271,-33.8246],[-70.5251,-33.8322],[-70.522,-33.8334],[-70.5188,-33.8337],[-70.5149,-33.8324],[-70.502,-33.8343],[-70.4981,-33.8311],[-70.4936,-33.8297],[-70.4872,-33.8305],[-70.4834,-33.8336],[-70.4815,-33.8384],[-70.4785,-33.8419],[-70.4774,-33.8461],[-70.4752,-33.8484],[-70.4753,-33.8607],[-70.4773,-33.8602],[-70.481,-33.862],[-70.4847,-33.8611],[-70.4889,-33.862],[-70.4932,-33.8619],[-70.4954,-33.8604],[-70.5026,-33.863],[-70.5049,-33.8665],[-70.5036,-33.8708],[-70.5044,-33.8761],[-70.5075,-33.8784],[-70.5106,-33.8851],[-70.5161,-33.888],[-70.5191,-33.8862],[-70.5252,-33.8853],[-70.5299,-33.8864],[-70.5361,-33.8824],[-70.5386,-33.8824],[-70.5412,-33.881],[-70.5547,-33.8813],[-70.5577,-33.8843],[-70.5607,-33.8844],[-70.564,-33.8887],[-70.5748,-33.8937],[-70.5753,-33.8958],[-70.5774,-33.8969],[-70.5827,-33.8972],[-70.5858,-33.893],[-70.5881,-33.8923],[-70.5907,-33.8937],[-70.6001,-33.8945],[-70.6058,-33.8985],[-70.6087,-33.8982],[-70.6105,-33.8998],[-70.6172,-33.9018],[-70.6173,-33.9031],[-70.6259,-33.9136],[-70.637,-33.9174],[-70.6401,-33.9223],[-70.639,-33.9243],[-70.6404,-33.929],[-70.6434,-33.9319],[-70.644,-33.9338],[-70.6482,-33.9352],[-70.6518,-33.935],[-70.654,-33.9369],[-70.6591,-33.9381],[-70.6629,-33.9382],[-70.6683,-33.9344],[-70.6722,-33.9337],[-70.6749,-33.9295],[-70.6852,-33.9229],[-70.6862,-33.9181],[-70.6911,-33.9122],[-70.7012,-33.9058],[-70.7089,-33.9055],[-70.7115,-33.9067],[-70.7122,-33.9101],[-70.7195,-33.9174],[-70.7244,-33.9197],[-70.7273,-33.9181],[-70.729,-33.9211],[-70.7313,-33.9225],[-70.74,-33.9224],[-70.7442,-33.9245],[-70.7442,-33.9259],[-70.7485,-33.9327],[-70.7526,-33.9371],[-70.7543,-33.9376],[-70.7583,-33.9429],[-70.7672,-33.9427],[-70.7698,-33.9442],[-70.7727,-33.9423],[-70.7764,-33.9416],[-70.7786,-33.9392],[-70.787,-33.9367],[-70.7954,-33.9317],[-70.797,-33.9317],[-70.7984,-33.9346],[-70.8033,-33.9367],[-70.8037,-33.9393],[-70.8057,-33.9421],[-70.8058,-33.9451],[-70.8127,-33.9494],[-70.8184,-33.9487],[-70.8242,-33.9515],[-70.8249,-33.9534],[-70.8334,-33.9519],[-70.8385,-33.9545],[-70.8457,-33.9563],[-70.8513,-33.9597],[-70.8567,-33.9661],[-70.8548,-33.969],[-70.8555,-33.9704],[-70.8657,-33.9747],[-70.8725,-33.9797],[-70.8841,-33.9851],[-70.8906,-33.9864],[-70.8953,-33.9887],[-70.9025,-33.9835],[-70.9059,-33.9788],[-70.9081,-33.9776],[-70.9132,-33.9796],[-70.9164,-33.9798],[-70.9289,-33.975],[-70.9333,-33.978],[-70.9385,-33.977],[-70.9407,-33.9755],[-70.9439,-33.9754],[-70.9478,-33.9722],[-70.9512,-33.9715],[-70.9549,-33.9726],[-70.9578,-33.9722],[-70.9629,-33.9706],[-70.9663,-33.9675],[-70.9617,-33.9607],[-70.9631,-33.9563],[-70.9611,-33.9544],[-70.9606,-33.9512],[-70.955,-33.9443],[-70.955,-33.9416],[-70.9608,-33.9373],[-70.9617,-33.9346],[-70.9605,-33.9307],[-70.9602,-33.9234],[-70.9663,-33.9178],[-70.9741,-33.9055],[-70.9759,-33.8824],[-70.9776,-33.8782],[-70.9772,-33.8705],[-70.9793,-33.8669],[-70.9786,-33.862],[-70.9819,-33.8558],[-70.981,-33.8531],[-70.9795,-33.8517],[-70.9812,-33.8478],[-70.9801,-33.8443],[-70.9812,-33.8412],[-70.9864,-33.839],[-70.9889,-33.8356],[-70.9876,-33.8331],[-70.9879,-33.8293],[-70.9866,-33.8257],[-70.9873,-33.8226],[-70.985,-33.8157],[-70.9831,-33.8012],[-70.9807,-33.7995],[-70.9647,-33.7943],[-70.9611,-33.794],[-70.9499,-33.7977],[-70.9378,-33.7984],[-70.9361,-33.7994],[-70.9231,-33.801],[-70.918,-33.7965],[-70.9167,-33.7908],[-70.9178,-33.789],[-70.9124,-33.7747],[-70.9122,-33.7677],[-70.9099,-33.7699],[-70.9087,-33.7731],[-70.9089,-33.7754],[-70.9057,-33.7797],[-70.9038,-33.7923],[-70.9054,-33.7959],[-70.9009,-33.8032],[-70.8956,-33.8035],[-70.8928,-33.8021],[-70.8929,-33.8039],[-70.8942,-33.8044],[-70.8932,-33.807],[-70.8906,-33.8067],[-70.887,-33.8103],[-70.8812,-33.8112],[-70.8765,-33.8103],[-70.8738,-33.8115],[-70.8716,-33.8096],[-70.8699,-33.8099],[-70.8661,-33.814],[-70.8587,-33.8145],[-70.8546,-33.8179],[-70.8478,-33.8208],[-70.8466,-33.8239],[-70.8419,-33.8271],[-70.834,-33.8286],[-70.8319,-33.8323],[-70.8234,-33.8302],[-70.8207,-33.8308],[-70.819,-33.8285],[-70.8165,-33.8278],[-70.8092,-33.8304],[-70.805,-33.8274],[-70.803,-33.8273],[-70.7988,-33.8296],[-70.7925,-33.8302],[-70.7864,-33.8327],[-70.7847,-33.8346],[-70.7619,-33.8118],[-70.7574,-33.8165],[-70.751,-33.7729],[-70.7376,-33.7744],[-70.7394,-33.7891],[-70.7024,-33.7895],[-70.7027,-33.7927],[-70.6907,-33.7911],[-70.6882,-33.7592],[-70.6705,-33.7564],[-70.662,-33.748],[-70.6561,-33.7442],[-70.6535,-33.7438],[-70.641,-33.7493],[-70.6379,-33.7484],[-70.634,-33.7492],[-70.626,-33.7426],[-70.6242,-33.7383],[-70.622,-33.7371],[-70.6144,-33.7385]]]}},{"type":"Feature","id":13603,"properties":{"name":"Isla de Maipo","province":"Talagante","department":"Región Metropolitana de Santiago","type":"Comuna","country":"Chile","iso":"CL"},"geometry":{"type":"Polygon","coordinates":[[[-70.8928,-33.8021],[-70.8956,-33.8035],[-70.9009,-33.8032],[-70.9054,-33.7959],[-70.9038,-33.7923],[-70.9057,-33.7797],[-70.9089,-33.7754],[-70.9087,-33.7731],[-70.9111,-33.7679],[-70.9122,-33.7677],[-70.9124,-33.7747],[-70.9178,-33.789],[-70.9167,-33.7908],[-70.918,-33.7965],[-70.9231,-33.801],[-70.9361,-33.7994],[-70.9378,-33.7984],[-70.9499,-33.7977],[-70.9611,-33.794],[-70.9647,-33.7943],[-70.9807,-33.7995],[-70.9821,-33.7945],[-70.9811,-33.7797],[-70.9832,-33.7747],[-70.9877,-33.7768],[-70.9939,-33.7759],[-70.9959,-33.7784],[-70.9971,-33.7784],[-71.006,-33.7725],[-71.0158,-33.7722],[-71.0193,-33.7707],[-71.0258,-33.7645],[-71.0353,-33.7615],[-71.039,-33.7566],[-71.0413,-33.7553],[-71.0482,-33.7545],[-71.0502,-33.7533],[-71.0633,-33.7535],[-71.0686,-33.7555],[-71.0783,-33.7565],[-71.082,-33.7551],[-71.092,-33.7479],[-71.1116,-33.7438],[-71.1154,-33.7409],[-71.1193,-33.7399],[-71.1202,-33.7382],[-71.1204,-33.7312],[-71.1136,-33.7254],[-71.1097,-33.7236],[-71.1066,-33.7197],[-71.0972,-33.7158],[-71.0957,-33.711],[-71.1003,-33.7086],[-71.1027,-33.7054],[-71.0973,-33.7077],[-71.0884,-33.7158],[-71.0856,-33.7175],[-71.0823,-33.7178],[-71.0781,-33.7206],[-71.072,-33.7204],[-71.0689,-33.7217],[-71.0618,-33.7208],[-71.0522,-33.7191],[-71.0464,-33.716],[-71.0423,-33.7157],[-71.0376,-33.7166],[-71.0345,-33.719],[-71.0314,-33.7197],[-71.0287,-33.7189],[-71.0262,-33.7163],[-71.0222,-33.7162],[-71.0051,-33.7198],[-70.9981,-33.7231],[-70.9927,-33.7231],[-70.9903,-33.7241],[-70.9861,-33.7207],[-70.9829,-33.7196],[-70.982,-33.7182],[-70.9759,-33.7158],[-70.9677,-33.7153],[-70.9618,-33.7163],[-70.9556,-33.7142],[-70.947,-33.7159],[-70.9363,-33.7197],[-70.923,-33.7166],[-70.9154,-33.7164],[-70.9156,-33.7143],[-70.8995,-33.6965],[-70.8491,-33.7148],[-70.8461,-33.7093],[-70.8439,-33.7086],[-70.8338,-33.7146],[-70.8305,-33.7189],[-70.8236,-33.7219],[-70.8213,-33.727],[-70.8205,-33.737],[-70.8217,-33.7398],[-70.8251,-33.7418],[-70.8261,-33.7486],[-70.8248,-33.7516],[-70.8211,-33.7542],[-70.8244,-33.7596],[-70.8297,-33.7651],[-70.8338,-33.7656],[-70.8373,-33.769],[-70.8373,-33.7714],[-70.8389,-33.7742],[-70.8414,-33.7754],[-70.85,-33.7829],[-70.8584,-33.7875],[-70.8626,-33.7948],[-70.8668,-33.7964],[-70.8728,-33.8013],[-70.8781,-33.804],[-70.8911,-33.8012],[-70.8928,-33.8021]]]}},{"type":"Feature","id":13402,"properties":{"name":"Buin","province":"Maipo","department":"Región Metropolitana de Santiago","type":"Comuna","country":"Chile","iso":"CL"},"geometry":{"type":"Polygon","coordinates":[[[-70.6144,-33.7385],[-70.622,-33.7371],[-70.6242,-33.7383],[-70.626,-33.7426],[-70.634,-33.7492],[-70.6379,-33.7484],[-70.641,-33.7493],[-70.6535,-33.7438],[-70.6561,-33.7442],[-70.662,-33.748],[-70.6705,-33.7564],[-70.6882,-33.7592],[-70.6907,-33.7911],[-70.7027,-33.7927],[-70.7024,-33.7895],[-70.7394,-33.7891],[-70.7376,-33.7744],[-70.751,-33.7729],[-70.7574,-33.8165],[-70.7619,-33.8118],[-70.7847,-33.8346],[-70.7864,-33.8327],[-70.7925,-33.8302],[-70.7988,-33.8296],[-70.803,-33.8273],[-70.805,-33.8274],[-70.8092,-33.8304],[-70.8165,-33.8278],[-70.819,-33.8285],[-70.8207,-33.8308],[-70.8234,-33.8302],[-70.8319,-33.8323],[-70.834,-33.8286],[-70.8419,-33.8271],[-70.8466,-33.8239],[-70.8478,-33.8208],[-70.8546,-33.8179],[-70.8587,-33.8145],[-70.8661,-33.814],[-70.8699,-33.8099],[-70.8716,-33.8096],[-70.8738,-33.8115],[-70.8765,-33.8103],[-70.8812,-33.8112],[-70.887,-33.8103],[-70.8906,-33.8067],[-70.8932,-33.807],[-70.8942,-33.8044],[-70.8929,-33.8039],[-70.8928,-33.8021],[-70.8911,-33.8012],[-70.8781,-33.804],[-70.8728,-33.8013],[-70.8668,-33.7964],[-70.8626,-33.7948],[-70.8584,-33.7875],[-70.85,-33.7829],[-70.8414,-33.7754],[-70.8389,-33.7742],[-70.8373,-33.7714],[-70.8373,-33.769],[-70.8338,-33.7656],[-70.8297,-33.7651],[-70.8244,-33.7596],[-70.8211,-33.7542],[-70.8144,-33.751],[-70.8123,-33.747],[-70.8124,-33.7403],[-70.8106,-33.7367],[-70.8077,-33.7343],[-70.8027,-33.7335],[-70.7984,-33.7309],[-70.7957,-33.7308],[-70.791,-33.7275],[-70.7803,-33.717],[-70.7765,-33.7159],[-70.7702,-33.7109],[-70.7681,-33.7072],[-70.7607,-33.7036],[-70.7567,-33.7034],[-70.7445,-33.6987],[-70.736,-33.6978],[-70.7333,-33.6954],[-70.7259,-33.6931],[-70.7182,-33.6853],[-70.7161,-33.6812],[-70.7142,-33.6705],[-70.71,-33.6655],[-70.7014,-33.6648],[-70.698,-33.6629],[-70.6914,-33.6631],[-70.6853,-33.6611],[-70.6806,-33.6618],[-70.6734,-33.6601],[-70.6617,-33.6551],[-70.6602,-33.6539],[-70.6593,-33.6513],[-70.657,-33.6501],[-70.6524,-33.6505],[-70.6481,-33.6494],[-70.6334,-33.6447],[-70.6312,-33.6428],[-70.6312,-33.6457],[-70.6348,-33.6535],[-70.6415,-33.6609],[-70.6501,-33.6628],[-70.6517,-33.6644],[-70.6529,-33.6697],[-70.6555,-33.6729],[-70.6559,-33.6757],[-70.6518,-33.6795],[-70.6442,-33.6933],[-70.6453,-33.6968],[-70.6375,-33.7045],[-70.6295,-33.7059],[-70.6221,-33.7128],[-70.6211,-33.719],[-70.616,-33.7226],[-70.6134,-33.7341],[-70.6144,-33.7385]]]}},{"type":"Feature","id":13203,"properties":{"name":"San José de Maipo","province":"Cordillera","department":"Región Metropolitana de Santiago","type":"Comuna","country":"Chile","iso":"CL"},"geometry":{"type":"Polygon","coordinates":[[[-70.0306,-34.2886],[-70.0373,-34.2849],[-70.0419,-34.2841],[-70.0457,-34.2813],[-70.0528,-34.2802],[-70.0533,-34.2778],[-70.0524,-34.2761],[-70.0525,-34.2732],[-70.0534,-34.2711],[-70.0526,-34.2672],[-70.0538,-34.2639],[-70.054,-34.2582],[-70.0524,-34.2565],[-70.0519,-34.2514],[-70.0492,-34.2439],[-70.0512,-34.2381],[-70.0506,-34.2259],[-70.0562,-34.2206],[-70.0566,-34.2188],[-70.062,-34.2131],[-70.0666,-34.2091],[-70.0671,-34.2071],[-70.072,-34.202],[-70.0761,-34.1997],[-70.0774,-34.198],[-70.0932,-34.2031],[-70.1127,-34.2019],[-70.1152,-34.2003],[-70.1159,-34.1929],[-70.1173,-34.1901],[-70.123,-34.1884],[-70.1313,-34.1892],[-70.1344,-34.1886],[-70.1404,-34.1843],[-70.1428,-34.181],[-70.1469,-34.18],[-70.1473,-34.1792],[-70.1454,-34.1757],[-70.146,-34.1733],[-70.1502,-34.1693],[-70.15,-34.1665],[-70.1533,-34.163],[-70.1538,-34.1612],[-70.1574,-34.1595],[-70.1643,-34.1592],[-70.1628,-34.1538],[-70.1603,-34.1497],[-70.1645,-34.14],[-70.1615,-34.1341],[-70.1586,-34.1331],[-70.1577,-34.13],[-70.1525,-34.1276],[-70.1497,-34.1243],[-70.1419,-34.1205],[-70.1446,-34.1166],[-70.1579,-34.1111],[-70.1598,-34.1069],[-70.1644,-34.1006],[-70.1645,-34.0959],[-70.1623,-34.0944],[-70.1597,-34.0945],[-70.1587,-34.0932],[-70.1614,-34.0868],[-70.1646,-34.0829],[-70.1647,-34.0805],[-70.1675,-34.0776],[-70.1694,-34.0738],[-70.1722,-34.0716],[-70.1711,-34.0679],[-70.175,-34.0585],[-70.1748,-34.0543],[-70.1703,-34.0483],[-70.1694,-34.0457],[-70.1702,-34.0444],[-70.1752,-34.0417],[-70.1797,-34.0361],[-70.1861,-34.0324],[-70.205,-34.0345],[-70.2109,-34.0311],[-70.2156,-34.0304],[-70.2409,-34.0328],[-70.2449,-34.0352],[-70.2459,-34.0385],[-70.2454,-34.0426],[-70.2482,-34.0476],[-70.2481,-34.0569],[-70.2499,-34.0588],[-70.2528,-34.0598],[-70.2542,-34.0639],[-70.2596,-34.0678],[-70.2614,-34.0712],[-70.2656,-34.0713],[-70.2707,-34.0657],[-70.2776,-34.0638],[-70.2864,-34.0589],[-70.2896,-34.0583],[-70.3028,-34.0611],[-70.3046,-34.066],[-70.3092,-34.0664],[-70.3107,-34.0636],[-70.3136,-34.0621],[-70.3149,-34.0573],[-70.3219,-34.0574],[-70.3261,-34.0595],[-70.33,-34.0589],[-70.334,-34.0565],[-70.3371,-34.0558],[-70.3403,-34.0532],[-70.3416,-34.048],[-70.3417,-34.0424],[-70.3444,-34.0391],[-70.3395,-34.0333],[-70.3392,-34.0302],[-70.3308,-34.0208],[-70.3258,-34.0198],[-70.3214,-34.0164],[-70.3219,-34.0142],[-70.3277,-34.0103],[-70.326,-34.0056],[-70.3211,-34.0003],[-70.3217,-33.9985],[-70.3239,-33.9969],[-70.3243,-33.995],[-70.3265,-33.9933],[-70.3295,-33.9814],[-70.3412,-33.9792],[-70.3498,-33.971],[-70.3508,-33.9673],[-70.3467,-33.9626],[-70.3468,-33.9565],[-70.3503,-33.9531],[-70.3594,-33.9509],[-70.3624,-33.9483],[-70.3653,-33.9452],[-70.3675,-33.9388],[-70.3762,-33.9279],[-70.3767,-33.9223],[-70.3786,-33.9188],[-70.3757,-33.9155],[-70.375,-33.9111],[-70.3691,-33.9077],[-70.3686,-33.9064],[-70.3727,-33.9002],[-70.3714,-33.8954],[-70.3732,-33.8937],[-70.3755,-33.8888],[-70.3746,-33.8868],[-70.3749,-33.8837],[-70.3826,-33.8797],[-70.3852,-33.8794],[-70.3914,-33.8819],[-70.3988,-33.8799],[-70.4017,-33.8767],[-70.4107,-33.871],[-70.4132,-33.8676],[-70.4141,-33.864],[-70.4176,-33.8598],[-70.4188,-33.8563],[-70.4226,-33.8547],[-70.4274,-33.8549],[-70.4338,-33.8536],[-70.427,-33.8508],[-70.4219,-33.8426],[-70.42,-33.8412],[-70.4137,-33.8397],[-70.4114,-33.8382],[-70.4078,-33.8319],[-70.4085,-33.8266],[-70.4065,-33.8189],[-70.4038,-33.8144],[-70.403,-33.804],[-70.4061,-33.7968],[-70.4059,-33.7941],[-70.4034,-33.7913],[-70.4032,-33.7896],[-70.4072,-33.7846],[-70.4083,-33.7745],[-70.4039,-33.7689],[-70.4026,-33.7624],[-70.4042,-33.7594],[-70.4023,-33.7561],[-70.4033,-33.754],[-70.4,-33.7493],[-70.4003,-33.7474],[-70.4036,-33.7428],[-70.4036,-33.7325],[-70.4046,-33.7312],[-70.4027,-33.7266],[-70.4041,-33.7178],[-70.4005,-33.7119],[-70.4017,-33.7084],[-70.4092,-33.7035],[-70.422,-33.6997],[-70.4339,-33.6949],[-70.4389,-33.6883],[-70.4409,-33.6834],[-70.4384,-33.6782],[-70.4317,-33.6735],[-70.4307,-33.6697],[-70.4337,-33.6661],[-70.4334,-33.6646],[-70.4303,-33.6627],[-70.4295,-33.6606],[-70.4213,-33.6605],[-70.413,-33.6545],[-70.4082,-33.6496],[-70.4072,-33.6466],[-70.4113,-33.645],[-70.4143,-33.64],[-70.4212,-33.6368],[-70.4237,-33.6332],[-70.4248,-33.6274],[-70.4265,-33.6253],[-70.4278,-33.6201],[-70.4351,-33.6207],[-70.4392,-33.6152],[-70.441,-33.6087],[-70.4405,-33.601],[-70.4436,-33.5892],[-70.4438,-33.5787],[-70.4499,-33.5798],[-70.4527,-33.5828],[-70.4585,-33.5827],[-70.4614,-33.5815],[-70.4624,-33.5831],[-70.4596,-33.5896],[-70.4609,-33.5911],[-70.4734,-33.5923],[-70.4767,-33.5896],[-70.4792,-33.5899],[-70.4807,-33.5943],[-70.4875,-33.5946],[-70.4912,-33.5984],[-70.4954,-33.5999],[-70.4959,-33.592],[-70.4984,-33.5887],[-70.4981,-33.5825],[-70.5003,-33.5799],[-70.5001,-33.5713],[-70.4888,-33.5591],[-70.486,-33.546],[-70.4875,-33.5434],[-70.4868,-33.5405],[-70.4846,-33.5386],[-70.48,-33.5369],[-70.4798,-33.5317],[-70.4736,-33.528],[-70.4692,-33.5268],[-70.4675,-33.5242],[-70.4658,-33.5185],[-70.4639,-33.5163],[-70.4615,-33.5155],[-70.4505,-33.5061],[-70.4431,-33.5042],[-70.439,-33.5002],[-70.4372,-33.4978],[-70.4392,-33.4866],[-70.4362,-33.4819],[-70.4344,-33.481],[-70.4293,-33.4822],[-70.4292,-33.484],[-70.4278,-33.4842],[-70.4195,-33.4819],[-70.4014,-33.49],[-70.3934,-33.4905],[-70.3885,-33.4867],[-70.3765,-33.4827],[-70.3727,-33.4829],[-70.3611,-33.4872],[-70.3538,-33.4864],[-70.3519,-33.4883],[-70.3513,-33.4906],[-70.3482,-33.4899],[-70.3404,-33.4843],[-70.3345,-33.4767],[-70.3253,-33.4731],[-70.3216,-33.4727],[-70.315,-33.4666],[-70.3047,-33.4645],[-70.3008,-33.4608],[-70.299,-33.4572],[-70.2992,-33.4528],[-70.2976,-33.4518],[-70.2923,-33.451],[-70.2853,-33.4524],[-70.2826,-33.4556],[-70.2762,-33.4528],[-70.2731,-33.4494],[-70.2668,-33.4454],[-70.258,-33.4439],[-70.2555,-33.4421],[-70.2536,-33.4392],[-70.2442,-33.4358],[-70.2412,-33.4309],[-70.2383,-33.4294],[-70.2362,-33.4261],[-70.2362,-33.424],[-70.2288,-33.4195],[-70.2241,-33.4149],[-70.219,-33.4123],[-70.2174,-33.4089],[-70.217,-33.4044],[-70.2181,-33.4026],[-70.2178,-33.4006],[-70.2125,-33.3954],[-70.2032,-33.3916],[-70.1991,-33.3848],[-70.1984,-33.3808],[-70.1932,-33.3761],[-70.1944,-33.3733],[-70.1942,-33.3716],[-70.1921,-33.3693],[-70.1918,-33.3666],[-70.1869,-33.3631],[-70.1816,-33.3625],[-70.1812,-33.3601],[-70.1773,-33.3565],[-70.1802,-33.3507],[-70.1762,-33.3473],[-70.1759,-33.3456],[-70.1821,-33.3381],[-70.1816,-33.3326],[-70.1827,-33.3254],[-70.1821,-33.3221],[-70.1867,-33.3114],[-70.1865,-33.3088],[-70.188,-33.305],[-70.1929,-33.2974],[-70.195,-33.2961],[-70.1993,-33.2903],[-70.1995,-33.2805],[-70.2005,-33.2786],[-70.1983,-33.2724],[-70.2009,-33.2668],[-70.2045,-33.2627],[-70.2105,-33.2593],[-70.21,-33.2534],[-70.2082,-33.2501],[-70.2094,-33.2479],[-70.2129,-33.2461],[-70.2169,-33.2394],[-70.2215,-33.2363],[-70.2233,-33.2303],[-70.2228,-33.2279],[-70.2207,-33.227],[-70.2202,-33.2243],[-70.2176,-33.223],[-70.2177,-33.2179],[-70.2262,-33.2114],[-70.2304,-33.204],[-70.2373,-33.2016],[-70.2402,-33.1967],[-70.2398,-33.1922],[-70.2416,-33.1908],[-70.2437,-33.187],[-70.2412,-33.181],[-70.2377,-33.1758],[-70.24,-33.1704],[-70.2392,-33.1647],[-70.238,-33.1631],[-70.2326,-33.1606],[-70.2297,-33.1574],[-70.227,-33.1507],[-70.2269,-33.1493],[-70.2322,-33.1442],[-70.2361,-33.1427],[-70.2362,-33.1404],[-70.2319,-33.1391],[-70.2293,-33.1358],[-70.224,-33.1353],[-70.217,-33.1296],[-70.2093,-33.1275],[-70.2051,-33.1247],[-70.2037,-33.1231],[-70.2028,-33.1163],[-70.2,-33.1114],[-70.1896,-33.1091],[-70.1862,-33.1062],[-70.1854,-33.1032],[-70.1837,-33.102],[-70.1788,-33.1035],[-70.1772,-33.1067],[-70.1559,-33.1131],[-70.1529,-33.1069],[-70.1555,-33.105],[-70.1587,-33.0992],[-70.1504,-33.0945],[-70.148,-33.0952],[-70.1444,-33.0937],[-70.1364,-33.0942],[-70.1316,-33.0897],[-70.1322,-33.0872],[-70.1291,-33.0794],[-70.1243,-33.0753],[-70.1133,-33.0722],[-70.1135,-33.07],[-70.1161,-33.0671],[-70.116,-33.065],[-70.107,-33.0583],[-70.1028,-33.0532],[-70.0937,-33.0514],[-70.084,-33.0586],[-70.0807,-33.0597],[-70.0746,-33.0647],[-70.0702,-33.0794],[-70.0707,-33.0816],[-70.0678,-33.0861],[-70.0675,-33.0878],[-70.0708,-33.0954],[-70.066,-33.1032],[-70.0708,-33.1076],[-70.0733,-33.1135],[-70.0762,-33.1166],[-70.0757,-33.1213],[-70.0741,-33.123],[-70.0617,-33.1283],[-70.0523,-33.135],[-70.0525,-33.1391],[-70.0566,-33.1442],[-70.0565,-33.1491],[-70.063,-33.151],[-70.0663,-33.153],[-70.0672,-33.1553],[-70.0627,-33.1659],[-70.0574,-33.1717],[-70.0605,-33.1771],[-70.0651,-33.1794],[-70.0604,-33.1938],[-70.0647,-33.2003],[-70.0642,-33.2058],[-70.0559,-33.2222],[-70.0552,-33.2259],[-70.05,-33.2268],[-70.0487,-33.2261],[-70.046,-33.2279],[-70.0379,-33.2287],[-70.0279,-33.2328],[-70.0266,-33.2349],[-70.0273,-33.2386],[-70.0294,-33.2407],[-70.0279,-33.2466],[-70.0288,-33.2489],[-70.034,-33.2538],[-70.0387,-33.2702],[-70.0311,-33.2732],[-70.0273,-33.2766],[-70.0219,-33.2771],[-70.0167,-33.2808],[-70.0125,-33.2821],[-70.0088,-33.2858],[-70.0062,-33.2861],[-70.0128,-33.3011],[-70.0101,-33.3037],[-70.0098,-33.3086],[-70.0082,-33.3118],[-70.0092,-33.3165],[-70.0036,-33.3223],[-69.9997,-33.3221],[-69.994,-33.3178],[-69.9924,-33.3187],[-69.9837,-33.3137],[-69.9799,-33.3122],[-69.9731,-33.3112],[-69.9694,-33.3089],[-69.969,-33.303],[-69.9675,-33.299],[-69.9616,-33.2925],[-69.9565,-33.289],[-69.9542,-33.2888],[-69.9507,-33.2849],[-69.9504,-33.2832],[-69.9487,-33.282],[-69.9428,-33.2846],[-69.9405,-33.2802],[-69.9367,-33.2761],[-69.9301,-33.275],[-69.9239,-33.2685],[-69.9174,-33.2673],[-69.9176,-33.2643],[-69.9154,-33.2559],[-69.9213,-33.2458],[-69.918,-33.2447],[-69.9084,-33.2699],[-69.9043,-33.2729],[-69.8902,-33.276],[-69.8861,-33.2786],[-69.8818,-33.2764],[-69.8722,-33.277],[-69.8598,-33.283],[-69.8554,-33.2787],[-69.849,-33.2755],[-69.8462,-33.2755],[-69.8406,-33.2718],[-69.8336,-33.2737],[-69.8318,-33.2756],[-69.8316,-33.2772],[-69.8282,-33.2802],[-69.8243,-33.2805],[-69.8167,-33.2881],[-69.8144,-33.2892],[-69.8066,-33.2893],[-69.8017,-33.2872],[-69.7999,-33.2881],[-69.7958,-33.2995],[-69.7933,-33.3017],[-69.7907,-33.309],[-69.7842,-33.3145],[-69.7833,-33.3184],[-69.7808,-33.3217],[-69.7784,-33.3278],[-69.7766,-33.3291],[-69.7766,-33.3327],[-69.7698,-33.3432],[-69.7696,-33.3459],[-69.771,-33.3602],[-69.7732,-33.3664],[-69.7752,-33.3769],[-69.7777,-33.3808],[-69.7782,-33.3838],[-69.7848,-33.3911],[-69.7952,-33.3969],[-69.8157,-33.3911],[-69.8072,-33.3966],[-69.801,-33.404],[-69.7971,-33.4127],[-69.7977,-33.4173],[-69.7962,-33.4196],[-69.796,-33.423],[-69.7985,-33.4244],[-69.8072,-33.4242],[-69.8116,-33.427],[-69.8181,-33.4293],[-69.819,-33.4313],[-69.8186,-33.4353],[-69.8146,-33.4398],[-69.8145,-33.4429],[-69.8192,-33.4515],[-69.8213,-33.4527],[-69.8213,-33.4602],[-69.8171,-33.4652],[-69.8151,-33.4694],[-69.8167,-33.4713],[-69.826,-33.4745],[-69.8294,-33.479],[-69.83,-33.4854],[-69.8318,-33.4892],[-69.8325,-33.4951],[-69.8319,-33.5021],[-69.833,-33.5057],[-69.8326,-33.5077],[-69.8354,-33.5154],[-69.8386,-33.5181],[-69.847,-33.5203],[-69.8562,-33.5256],[-69.8575,-33.5297],[-69.8604,-33.5326],[-69.8715,-33.5395],[-69.8718,-33.5476],[-69.8741,-33.5555],[-69.8688,-33.5661],[-69.8691,-33.572],[-69.8654,-33.5846],[-69.8675,-33.5958],[-69.8692,-33.5961],[-69.8735,-33.5998],[-69.8748,-33.602],[-69.8752,-33.6079],[-69.8809,-33.6186],[-69.8749,-33.6247],[-69.8761,-33.6305],[-69.874,-33.6341],[-69.8738,-33.6366],[-69.8775,-33.6461],[-69.8743,-33.6494],[-69.8708,-33.651],[-69.8704,-33.6528],[-69.8759,-33.6585],[-69.8793,-33.6586],[-69.8823,-33.6723],[-69.8816,-33.6734],[-69.8823,-33.6782],[-69.8843,-33.6838],[-69.8827,-33.6859],[-69.878,-33.6884],[-69.8734,-33.6944],[-69.8711,-33.7034],[-69.8693,-33.7063],[-69.8692,-33.7091],[-69.8646,-33.7151],[-69.8646,-33.7172],[-69.8665,-33.7186],[-69.869,-33.7233],[-69.8742,-33.7276],[-69.8754,-33.731],[-69.8777,-33.7336],[-69.8778,-33.7357],[-69.8766,-33.738],[-69.8828,-33.7441],[-69.8894,-33.7487],[-69.8934,-33.7537],[-69.8965,-33.7557],[-69.8998,-33.7608],[-69.9006,-33.7663],[-69.9027,-33.7685],[-69.9042,-33.7741],[-69.9026,-33.7804],[-69.8978,-33.7828],[-69.8951,-33.7899],[-69.8936,-33.7913],[-69.8953,-33.7956],[-69.8953,-33.802],[-69.8928,-33.8056],[-69.8931,-33.8075],[-69.8963,-33.8114],[-69.8967,-33.8139],[-69.8967,-33.8215],[-69.8947,-33.8238],[-69.8948,-33.8279],[-69.8971,-33.8289],[-69.8973,-33.831],[-69.8958,-33.8324],[-69.8953,-33.8364],[-69.898,-33.8399],[-69.8989,-33.8438],[-69.8983,-33.8476],[-69.8863,-33.8504],[-69.884,-33.8556],[-69.8786,-33.859],[-69.8732,-33.8608],[-69.8728,-33.8632],[-69.8694,-33.8687],[-69.8695,-33.8758],[-69.8676,-33.8812],[-69.8576,-33.8856],[-69.8565,-33.8866],[-69.8568,-33.8893],[-69.8554,-33.8922],[-69.8628,-33.8983],[-69.8644,-33.9007],[-69.8728,-33.9071],[-69.8751,-33.9113],[-69.8755,-33.9142],[-69.8847,-33.9164],[-69.8907,-33.9213],[-69.8919,-33.9241],[-69.8916,-33.9316],[-69.8941,-33.9357],[-69.8922,-33.9402],[-69.8953,-33.9452],[-69.9007,-33.9494],[-69.9005,-33.9561],[-69.9059,-33.9635],[-69.8996,-33.9715],[-69.8904,-33.9753],[-69.8854,-33.9755],[-69.8824,-33.9766],[-69.8809,-33.9764],[-69.8798,-33.9713],[-69.8775,-33.9673],[-69.8742,-33.9646],[-69.8695,-33.9634],[-69.8556,-33.9638],[-69.853,-33.9742],[-69.8457,-33.9819],[-69.8436,-33.9885],[-69.8409,-33.9926],[-69.8418,-33.9941],[-69.8408,-33.9966],[-69.8424,-33.9992],[-69.8405,-34.0024],[-69.8393,-34.0077],[-69.8239,-34.0105],[-69.8216,-34.0156],[-69.828,-34.0245],[-69.8368,-34.0322],[-69.8422,-34.035],[-69.8467,-34.0413],[-69.8496,-34.0511],[-69.8542,-34.0564],[-69.8539,-34.0588],[-69.8507,-34.0615],[-69.8501,-34.0655],[-69.8485,-34.0684],[-69.8451,-34.0702],[-69.8331,-34.071],[-69.8323,-34.0733],[-69.8341,-34.0772],[-69.834,-34.0863],[-69.8371,-34.0877],[-69.8371,-34.0906],[-69.8422,-34.0958],[-69.8531,-34.0992],[-69.8601,-34.104],[-69.8576,-34.1122],[-69.8562,-34.1135],[-69.864,-34.1217],[-69.8708,-34.1249],[-69.8729,-34.1339],[-69.8706,-34.1353],[-69.87,-34.1409],[-69.8656,-34.1419],[-69.8649,-34.1407],[-69.8634,-34.1405],[-69.8567,-34.1455],[-69.8557,-34.1473],[-69.8537,-34.1477],[-69.8365,-34.1585],[-69.8346,-34.1613],[-69.8345,-34.1656],[-69.8325,-34.1674],[-69.828,-34.1681],[-69.8234,-34.1708],[-69.8225,-34.1726],[-69.8158,-34.177],[-69.8116,-34.1848],[-69.8091,-34.1877],[-69.8016,-34.193],[-69.8006,-34.1951],[-69.8009,-34.1975],[-69.7992,-34.2056],[-69.7974,-34.2079],[-69.7974,-34.2102],[-69.8005,-34.2165],[-69.7987,-34.2191],[-69.7995,-34.2216],[-69.8011,-34.2222],[-69.802,-34.2258],[-69.8054,-34.2267],[-69.8051,-34.2307],[-69.8023,-34.2346],[-69.8052,-34.2406],[-69.8055,-34.2463],[-69.8066,-34.2481],[-69.8163,-34.2472],[-69.8241,-34.2492],[-69.8272,-34.2528],[-69.828,-34.2564],[-69.8463,-34.2573],[-69.8537,-34.256],[-69.8565,-34.2614],[-69.8591,-34.2608],[-69.8614,-34.2641],[-69.8643,-34.2635],[-69.8681,-34.2658],[-69.8717,-34.2667],[-69.8787,-34.2669],[-69.8842,-34.2636],[-69.8868,-34.2652],[-69.8956,-34.2653],[-69.8972,-34.266],[-69.8995,-34.2707],[-69.8978,-34.2847],[-69.9001,-34.2852],[-69.9094,-34.2907],[-69.9222,-34.2896],[-69.9238,-34.2848],[-69.9272,-34.2827],[-69.9402,-34.2798],[-69.9402,-34.277],[-69.9419,-34.2725],[-69.9458,-34.27],[-69.9476,-34.2667],[-69.9546,-34.2597],[-69.9628,-34.2537],[-69.9709,-34.2499],[-69.9735,-34.2498],[-69.9754,-34.2515],[-69.9835,-34.2543],[-69.9853,-34.2596],[-69.9871,-34.2611],[-69.9967,-34.2606],[-70.0029,-34.2616],[-70.0042,-34.2621],[-70.0061,-34.2656],[-70.0113,-34.2663],[-70.0153,-34.2748],[-70.0196,-34.2762],[-70.0192,-34.2812],[-70.0234,-34.2826],[-70.025,-34.286],[-70.0306,-34.2886]]]}},{"type":"Feature","id":13303,"properties":{"name":"Tiltil","province":"Chacabuco","department":"Región Metropolitana de Santiago","type":"Comuna","country":"Chile","iso":"CL"},"geometry":{"type":"Polygon","coordinates":[[[-70.7282,-32.9246],[-70.7234,-32.9272],[-70.7226,-32.9297],[-70.7237,-32.9324],[-70.7225,-32.934],[-70.7224,-32.938],[-70.7208,-32.9415],[-70.7213,-32.9497],[-70.72,-32.953],[-70.7224,-32.9536],[-70.7283,-32.9593],[-70.734,-32.9621],[-70.7381,-32.9658],[-70.742,-32.9669],[-70.7473,-32.967],[-70.7498,-32.9687],[-70.7539,-32.9744],[-70.7601,-32.9777],[-70.7611,-32.98],[-70.7669,-32.9816],[-70.7704,-32.9837],[-70.7668,-32.9874],[-70.7634,-32.9887],[-70.7617,-32.9911],[-70.759,-32.9993],[-70.7598,-33.0022],[-70.759,-33.005],[-70.7539,-33.0071],[-70.7502,-33.0122],[-70.7554,-33.0162],[-70.7571,-33.0203],[-70.7535,-33.0233],[-70.7531,-33.025],[-70.7561,-33.0281],[-70.758,-33.0322],[-70.7615,-33.0342],[-70.7623,-33.0366],[-70.7595,-33.0441],[-70.7612,-33.047],[-70.7648,-33.0485],[-70.7669,-33.0554],[-70.7635,-33.0591],[-70.7597,-33.0616],[-70.7532,-33.0641],[-70.7504,-33.0672],[-70.747,-33.0689],[-70.748,-33.08],[-70.7598,-33.1041],[-70.7577,-33.1074],[-70.7543,-33.1182],[-70.7592,-33.1232],[-70.7592,-33.1261],[-70.7542,-33.1336],[-70.755,-33.1383],[-70.7529,-33.1416],[-70.7489,-33.1442],[-70.7442,-33.1455],[-70.7437,-33.1477],[-70.7424,-33.1485],[-70.742,-33.1528],[-70.7392,-33.1559],[-70.7387,-33.1584],[-70.7349,-33.1604],[-70.7344,-33.1644],[-70.7357,-33.1666],[-70.7394,-33.1686],[-70.7453,-33.17],[-70.7457,-33.1717],[-70.7514,-33.1745],[-70.7545,-33.1788],[-70.7565,-33.1796],[-70.7598,-33.1785],[-70.7643,-33.179],[-70.77,-33.1748],[-70.7741,-33.1754],[-70.7761,-33.1737],[-70.782,-33.172],[-70.7856,-33.1715],[-70.792,-33.173],[-70.7985,-33.1697],[-70.8,-33.1698],[-70.8022,-33.1721],[-70.8076,-33.1718],[-70.8113,-33.1747],[-70.819,-33.1769],[-70.8259,-33.1849],[-70.8272,-33.1847],[-70.8308,-33.1814],[-70.8353,-33.1797],[-70.8572,-33.1814],[-70.8572,-33.1822],[-70.8522,-33.1846],[-70.8504,-33.1879],[-70.8492,-33.1945],[-70.85,-33.1978],[-70.8565,-33.2041],[-70.8619,-33.2176],[-70.8668,-33.2258],[-70.8753,-33.2275],[-70.8787,-33.2266],[-70.8811,-33.227],[-70.883,-33.2289],[-70.884,-33.2264],[-70.8878,-33.2239],[-70.8868,-33.2223],[-70.8862,-33.2147],[-70.8886,-33.2129],[-70.8946,-33.2109],[-70.8922,-33.2057],[-70.8905,-33.1988],[-70.8898,-33.188],[-70.8903,-33.1837],[-70.8929,-33.1811],[-70.9091,-33.1815],[-70.9183,-33.1845],[-70.9298,-33.1868],[-70.9319,-33.1859],[-70.9406,-33.1767],[-70.9463,-33.1739],[-70.9533,-33.1725],[-70.9579,-33.1762],[-70.9633,-33.1775],[-70.9727,-33.1745],[-70.9751,-33.1721],[-70.9782,-33.1735],[-70.9817,-33.1723],[-70.9835,-33.1729],[-70.9857,-33.1775],[-70.9934,-33.1777],[-70.9916,-33.1758],[-70.9951,-33.1698],[-71.004,-33.1589],[-71.0046,-33.1544],[-71.0092,-33.1543],[-71.0116,-33.1528],[-71.0145,-33.1484],[-71.0143,-33.1468],[-71.0121,-33.1441],[-71.0132,-33.1426],[-71.0127,-33.1322],[-71.0165,-33.1232],[-71.0193,-33.1201],[-71.0201,-33.1106],[-71.0153,-33.0952],[-71.0232,-33.0874],[-71.0292,-33.084],[-71.0274,-33.082],[-71.0261,-33.0783],[-71.0225,-33.0764],[-71.0179,-33.0719],[-71.0182,-33.0702],[-71.0119,-33.0651],[-71.0088,-33.0646],[-71.0102,-33.0602],[-71.0082,-33.0567],[-71.0077,-33.053],[-71.007,-33.0523],[-71.0049,-33.0529],[-71.0009,-33.0504],[-71.0016,-33.0479],[-71.006,-33.0456],[-71.0078,-33.0441],[-71.0079,-33.042],[-71.0136,-33.038],[-71.0147,-33.0322],[-71.0171,-33.0277],[-71.017,-33.0254],[-71.0199,-33.0209],[-71.0191,-33.0173],[-71.0201,-33.0116],[-71.0268,-33.0052],[-71.028,-32.9975],[-71.0271,-32.9913],[-71.0278,-32.9891],[-71.0228,-32.9851],[-71.0213,-32.9821],[-71.0161,-32.9777],[-71.0103,-32.976],[-70.9997,-32.9756],[-70.9875,-32.9791],[-70.9816,-32.9762],[-70.971,-32.9765],[-70.963,-32.9736],[-70.9529,-32.9663],[-70.9468,-32.9723],[-70.9397,-32.973],[-70.9292,-32.9682],[-70.9265,-32.966],[-70.9252,-32.9591],[-70.9221,-32.9531],[-70.9166,-32.9476],[-70.916,-32.9447],[-70.9119,-32.9458],[-70.9092,-32.945],[-70.9072,-32.9365],[-70.8979,-32.9343],[-70.8942,-32.935],[-70.8877,-32.9388],[-70.8859,-32.9387],[-70.8782,-32.9352],[-70.8723,-32.9311],[-70.8651,-32.9322],[-70.8618,-32.9301],[-70.8555,-32.9297],[-70.8488,-32.9274],[-70.842,-32.9225],[-70.8373,-32.9267],[-70.8331,-32.9279],[-70.8256,-32.9279],[-70.8168,-32.9307],[-70.8115,-32.9295],[-70.8047,-32.9252],[-70.796,-32.9257],[-70.794,-32.9261],[-70.7929,-32.929],[-70.7901,-32.9298],[-70.7851,-32.9288],[-70.7817,-32.9292],[-70.7772,-32.9338],[-70.7716,-32.9355],[-70.7682,-32.9349],[-70.7646,-32.9328],[-70.7613,-32.9295],[-70.757,-32.9308],[-70.7528,-32.9291],[-70.7492,-32.9298],[-70.745,-32.9286],[-70.7417,-32.9254],[-70.7365,-32.9238],[-70.731,-32.9261],[-70.7282,-32.9246]]]}},{"type":"Feature","id":13501,"properties":{"name":"Melipilla","province":"Melipilla","department":"Región Metropolitana de Santiago","type":"Comuna","country":"Chile","iso":"CL"},"geometry":{"type":"Polygon","coordinates":[[[-71.391,-33.7676],[-71.3873,-33.7678],[-71.3831,-33.7654],[-71.3756,-33.7658],[-71.3738,-33.764],[-71.3689,-33.7629],[-71.3683,-33.7616],[-71.365,-33.7605],[-71.3624,-33.7583],[-71.3621,-33.7559],[-71.3594,-33.752],[-71.3591,-33.7468],[-71.3675,-33.746],[-71.3683,-33.7443],[-71.3701,-33.7441],[-71.3712,-33.7428],[-71.3752,-33.7443],[-71.3857,-33.7397],[-71.3897,-33.7389],[-71.3922,-33.7367],[-71.3902,-33.7328],[-71.3904,-33.729],[-71.3943,-33.7271],[-71.3968,-33.7205],[-71.399,-33.7189],[-71.4035,-33.7182],[-71.4068,-33.7146],[-71.4105,-33.7142],[-71.4143,-33.7107],[-71.419,-33.7082],[-71.4206,-33.7085],[-71.42,-33.7057],[-71.4221,-33.7014],[-71.4241,-33.7001],[-71.4246,-33.6976],[-71.422,-33.6894],[-71.4207,-33.6886],[-71.4214,-33.6868],[-71.4352,-33.6853],[-71.4371,-33.6843],[-71.4379,-33.6827],[-71.4376,-33.6793],[-71.435,-33.6774],[-71.4337,-33.6747],[-71.4339,-33.6719],[-71.4311,-33.6685],[-71.4305,-33.6633],[-71.4269,-33.6605],[-71.4222,-33.6609],[-71.4201,-33.6603],[-71.4187,-33.6583],[-71.4133,-33.6586],[-71.4053,-33.6623],[-71.3998,-33.6635],[-71.3985,-33.6617],[-71.399,-33.66],[-71.3982,-33.6582],[-71.3959,-33.6566],[-71.3954,-33.6494],[-71.3965,-33.6455],[-71.3955,-33.6426],[-71.3943,-33.6412],[-71.3872,-33.6391],[-71.3846,-33.6354],[-71.3831,-33.6349],[-71.3823,-33.6315],[-71.3842,-33.6259],[-71.3823,-33.6231],[-71.3769,-33.6216],[-71.3737,-33.6217],[-71.3692,-33.6236],[-71.3596,-33.6234],[-71.3545,-33.6209],[-71.3538,-33.6186],[-71.3526,-33.618],[-71.3488,-33.6176],[-71.3445,-33.6124],[-71.3399,-33.6115],[-71.3359,-33.6074],[-71.336,-33.6015],[-71.3319,-33.5945],[-71.332,-33.5856],[-71.3295,-33.5846],[-71.3291,-33.5835],[-71.3213,-33.5872],[-71.3158,-33.5883],[-71.3048,-33.5848],[-71.2999,-33.5869],[-71.2987,-33.5887],[-71.2916,-33.5879],[-71.2888,-33.5885],[-71.2805,-33.5824],[-71.2757,-33.5806],[-71.2672,-33.5827],[-71.2523,-33.5828],[-71.2511,-33.5815],[-71.2533,-33.577],[-71.2519,-33.5751],[-71.2442,-33.5742],[-71.2431,-33.5727],[-71.2449,-33.5694],[-71.2447,-33.5679],[-71.2434,-33.5666],[-71.241,-33.5671],[-71.2386,-33.5691],[-71.236,-33.5682],[-71.2342,-33.5659],[-71.2342,-33.5651],[-71.2378,-33.5635],[-71.2387,-33.5618],[-71.2361,-33.5613],[-71.2309,-33.5629],[-71.2267,-33.558],[-71.2216,-33.5552],[-71.2213,-33.5506],[-71.2185,-33.5495],[-71.216,-33.5521],[-71.2145,-33.5513],[-71.2144,-33.5494],[-71.2166,-33.5474],[-71.2166,-33.5452],[-71.2105,-33.5431],[-71.2092,-33.5415],[-71.203,-33.5436],[-71.2001,-33.5459],[-71.1908,-33.5476],[-71.1847,-33.5528],[-71.1801,-33.5543],[-71.1704,-33.5536],[-71.1638,-33.5557],[-71.1576,-33.5543],[-71.1532,-33.5545],[-71.1508,-33.5531],[-71.1503,-33.5509],[-71.1469,-33.5502],[-71.1403,-33.551],[-71.1381,-33.5493],[-71.1279,-33.5485],[-71.1217,-33.5503],[-71.1158,-33.5547],[-71.1135,-33.5534],[-71.1102,-33.5485],[-71.1073,-33.5478],[-71.096,-33.5507],[-71.091,-33.5533],[-71.0868,-33.5508],[-71.0826,-33.5508],[-71.0783,-33.5493],[-71.0669,-33.5559],[-71.0592,-33.5561],[-71.0486,-33.5533],[-71.0462,-33.5552],[-71.0428,-33.5548],[-71.0357,-33.5509],[-71.0315,-33.5515],[-71.0299,-33.5497],[-71.0252,-33.5486],[-71.0213,-33.5454],[-71.015,-33.5425],[-71.0134,-33.5402],[-71.0118,-33.5396],[-70.9976,-33.5392],[-70.9917,-33.5414],[-70.9875,-33.5464],[-70.9816,-33.5471],[-70.9743,-33.5456],[-70.9703,-33.5468],[-70.9609,-33.5477],[-70.9546,-33.55],[-70.9493,-33.5557],[-70.9481,-33.5669],[-70.9433,-33.5722],[-70.9364,-33.5775],[-70.9373,-33.5823],[-70.9357,-33.5838],[-70.9354,-33.5881],[-70.9367,-33.5926],[-70.9458,-33.5982],[-70.9502,-33.599],[-70.9545,-33.6049],[-70.9545,-33.6094],[-70.9562,-33.6137],[-70.9578,-33.6146],[-70.9589,-33.6169],[-70.9647,-33.6227],[-70.9679,-33.6241],[-70.9723,-33.6231],[-70.9776,-33.618],[-70.9832,-33.6166],[-70.9877,-33.6166],[-70.9948,-33.6137],[-71.0022,-33.6152],[-71.0027,-33.6169],[-71.0115,-33.6257],[-71.0187,-33.6283],[-71.0278,-33.6272],[-71.0306,-33.6294],[-71.0321,-33.6329],[-71.0335,-33.6409],[-71.036,-33.6429],[-71.0405,-33.6394],[-71.0483,-33.6366],[-71.0596,-33.638],[-71.0626,-33.6325],[-71.065,-33.6326],[-71.0695,-33.631],[-71.0736,-33.6284],[-71.0832,-33.6277],[-71.09,-33.6332],[-71.0979,-33.6342],[-71.1057,-33.6854],[-71.1142,-33.6833],[-71.1008,-33.6926],[-71.1027,-33.7054],[-71.1003,-33.7086],[-71.0957,-33.711],[-71.0972,-33.7158],[-71.1066,-33.7197],[-71.1097,-33.7236],[-71.1136,-33.7254],[-71.1204,-33.7312],[-71.1202,-33.7382],[-71.1193,-33.7399],[-71.1154,-33.7409],[-71.1116,-33.7438],[-71.092,-33.7479],[-71.082,-33.7551],[-71.0783,-33.7565],[-71.0686,-33.7555],[-71.0633,-33.7535],[-71.0502,-33.7533],[-71.0482,-33.7545],[-71.0413,-33.7553],[-71.039,-33.7566],[-71.0353,-33.7615],[-71.0258,-33.7645],[-71.0193,-33.7707],[-71.0158,-33.7722],[-71.006,-33.7725],[-70.9971,-33.7784],[-70.9959,-33.7784],[-70.9939,-33.7759],[-70.9877,-33.7768],[-70.9832,-33.7747],[-70.9811,-33.7797],[-70.9821,-33.7945],[-70.9807,-33.7995],[-70.9831,-33.8012],[-70.985,-33.8157],[-70.9873,-33.8226],[-70.9866,-33.8257],[-70.9879,-33.8293],[-70.9876,-33.8331],[-70.9889,-33.8356],[-70.9864,-33.839],[-70.9812,-33.8412],[-70.9801,-33.8443],[-70.9812,-33.8478],[-70.9795,-33.8517],[-70.981,-33.8531],[-70.9819,-33.8558],[-70.9786,-33.862],[-70.9793,-33.8669],[-70.9772,-33.8705],[-70.9776,-33.8782],[-70.9759,-33.8824],[-70.9757,-33.8903],[-70.9748,-33.8929],[-70.9753,-33.8965],[-70.9744,-33.8984],[-70.9749,-33.9021],[-70.9722,-33.9094],[-70.9663,-33.9178],[-70.973,-33.9174],[-70.9778,-33.9149],[-70.9926,-33.8996],[-70.9977,-33.8952],[-71.0014,-33.8936],[-71.0162,-33.89],[-71.0195,-33.8901],[-71.0237,-33.8917],[-71.0294,-33.898],[-71.0318,-33.8992],[-71.0411,-33.8992],[-71.0475,-33.8965],[-71.0533,-33.8955],[-71.0562,-33.8936],[-71.0609,-33.8938],[-71.0693,-33.8907],[-71.0742,-33.8937],[-71.0801,-33.893],[-71.0849,-33.894],[-71.0888,-33.9038],[-71.0886,-33.9078],[-71.0944,-33.9262],[-71.0981,-33.9298],[-71.0985,-33.9326],[-71.1055,-33.9381],[-71.1094,-33.9435],[-71.1153,-33.9464],[-71.1244,-33.9443],[-71.1284,-33.9444],[-71.1437,-33.9493],[-71.1496,-33.9471],[-71.1577,-33.9487],[-71.1659,-33.954],[-71.1663,-33.961],[-71.1733,-33.9639],[-71.1774,-33.9641],[-71.1806,-33.9628],[-71.1833,-33.9589],[-71.1849,-33.9585],[-71.1868,-33.9601],[-71.1907,-33.9601],[-71.1943,-33.9615],[-71.202,-33.9599],[-71.2072,-33.9607],[-71.2112,-33.9574],[-71.2132,-33.9574],[-71.2199,-33.9529],[-71.2225,-33.9526],[-71.2259,-33.948],[-71.2259,-33.943],[-71.2292,-33.9369],[-71.2359,-33.9388],[-71.24,-33.9383],[-71.2443,-33.9345],[-71.2488,-33.9333],[-71.2523,-33.9309],[-71.2539,-33.9309],[-71.2554,-33.9286],[-71.2571,-33.9284],[-71.2591,-33.9241],[-71.2629,-33.9206],[-71.2624,-33.9191],[-71.267,-33.9163],[-71.2717,-33.9116],[-71.2759,-33.9109],[-71.2778,-33.9123],[-71.2856,-33.9121],[-71.2907,-33.9081],[-71.2909,-33.9023],[-71.289,-33.8962],[-71.2921,-33.8923],[-71.294,-33.8881],[-71.2994,-33.8838],[-71.3002,-33.8818],[-71.2976,-33.8723],[-71.2987,-33.8712],[-71.2993,-33.8663],[-71.3008,-33.8639],[-71.3056,-33.8622],[-71.3089,-33.8625],[-71.3103,-33.8614],[-71.3139,-33.861],[-71.3153,-33.8649],[-71.3176,-33.8678],[-71.3204,-33.8684],[-71.3247,-33.8657],[-71.3301,-33.8647],[-71.3416,-33.8671],[-71.3457,-33.8698],[-71.35,-33.8709],[-71.3518,-33.8727],[-71.352,-33.875],[-71.3483,-33.8812],[-71.3492,-33.8833],[-71.3531,-33.8862],[-71.3545,-33.8889],[-71.3582,-33.8919],[-71.3644,-33.8922],[-71.3675,-33.8905],[-71.3714,-33.8907],[-71.3771,-33.885],[-71.3806,-33.8831],[-71.3847,-33.8782],[-71.3861,-33.8738],[-71.3894,-33.8705],[-71.3899,-33.8676],[-71.3925,-33.8643],[-71.3998,-33.8473],[-71.4026,-33.8457],[-71.4051,-33.8427],[-71.408,-33.8374],[-71.4077,-33.8361],[-71.4093,-33.8351],[-71.4089,-33.8342],[-71.4127,-33.8307],[-71.4127,-33.8288],[-71.4205,-33.8217],[-71.4207,-33.8164],[-71.4233,-33.8137],[-71.4227,-33.8075],[-71.421,-33.805],[-71.4214,-33.7969],[-71.4231,-33.794],[-71.4305,-33.791],[-71.4334,-33.7889],[-71.4288,-33.7891],[-71.4181,-33.7849],[-71.4134,-33.7842],[-71.409,-33.7852],[-71.4081,-33.7842],[-71.4092,-33.7802],[-71.4079,-33.7763],[-71.4011,-33.7714],[-71.3971,-33.767],[-71.391,-33.7676]]]}},{"type":"Feature","id":13505,"properties":{"name":"San Pedro","province":"Melipilla","department":"Región Metropolitana de Santiago","type":"Comuna","country":"Chile","iso":"CL"},"geometry":{"type":"Polygon","coordinates":[[[-71.5639,-33.9868],[-71.5709,-33.9891],[-71.5693,-33.9912],[-71.5696,-33.9946],[-71.5753,-34.001],[-71.5715,-34.005],[-71.5721,-34.0071],[-71.5758,-34.0081],[-71.5807,-34.0115],[-71.58,-34.0153],[-71.5753,-34.0185],[-71.5757,-34.0226],[-71.5772,-34.0253],[-71.5801,-34.0271],[-71.5805,-34.029],[-71.5873,-34.0341],[-71.5871,-34.0287],[-71.5887,-34.0274],[-71.5969,-34.0253],[-71.5985,-34.0218],[-71.6022,-34.0194],[-71.6034,-34.0145],[-71.603,-34.0124],[-71.6056,-34.0102],[-71.6102,-34.0091],[-71.6147,-34.0034],[-71.6408,-34.0009],[-71.6475,-33.9977],[-71.6564,-33.9958],[-71.6597,-33.9959],[-71.6635,-33.9979],[-71.6669,-33.9973],[-71.6663,-33.9915],[-71.6677,-33.9894],[-71.6654,-33.9772],[-71.6714,-33.9727],[-71.68,-33.9743],[-71.6831,-33.9738],[-71.6863,-33.9715],[-71.6901,-33.9728],[-71.6922,-33.9749],[-71.6951,-33.9752],[-71.6985,-33.9728],[-71.6998,-33.9683],[-71.7086,-33.9679],[-71.7112,-33.967],[-71.7119,-33.966],[-71.7077,-33.9608],[-71.7128,-33.9491],[-71.7145,-33.9483],[-71.7143,-33.9462],[-71.7107,-33.9429],[-71.7106,-33.9414],[-71.7038,-33.9405],[-71.6989,-33.9338],[-71.6942,-33.9329],[-71.6933,-33.93],[-71.6915,-33.9282],[-71.6859,-33.9274],[-71.6836,-33.9255],[-71.6749,-33.9217],[-71.669,-33.9202],[-71.5808,-33.8669],[-71.5764,-33.87],[-71.5732,-33.8738],[-71.57,-33.8725],[-71.5672,-33.8733],[-71.5609,-33.872],[-71.5606,-33.8735],[-71.5564,-33.8723],[-71.5571,-33.8118],[-71.5558,-33.7829],[-71.5526,-33.7713],[-71.5471,-33.7662],[-71.5408,-33.764],[-71.536,-33.7641],[-71.5312,-33.7676],[-71.5246,-33.7764],[-71.5212,-33.7783],[-71.5186,-33.7775],[-71.5142,-33.7741],[-71.506,-33.7734],[-71.5042,-33.7707],[-71.5025,-33.77],[-71.4946,-33.7696],[-71.4893,-33.7714],[-71.4863,-33.7741],[-71.4808,-33.7766],[-71.4785,-33.7785],[-71.4769,-33.7825],[-71.4751,-33.7844],[-71.466,-33.7862],[-71.4632,-33.7858],[-71.4604,-33.7837],[-71.459,-33.7851],[-71.4494,-33.7871],[-71.4411,-33.7866],[-71.4335,-33.7886],[-71.4305,-33.791],[-71.4231,-33.794],[-71.4214,-33.7969],[-71.421,-33.805],[-71.4227,-33.8075],[-71.4233,-33.8137],[-71.4207,-33.8164],[-71.4205,-33.8217],[-71.4127,-33.8288],[-71.4127,-33.8307],[-71.4089,-33.8342],[-71.4093,-33.8351],[-71.4077,-33.8361],[-71.408,-33.8374],[-71.4051,-33.8427],[-71.4026,-33.8457],[-71.3998,-33.8473],[-71.3925,-33.8643],[-71.3899,-33.8676],[-71.3894,-33.8705],[-71.3861,-33.8738],[-71.3847,-33.8782],[-71.3796,-33.8841],[-71.3771,-33.885],[-71.3714,-33.8907],[-71.3675,-33.8905],[-71.3644,-33.8922],[-71.3582,-33.8919],[-71.3545,-33.8889],[-71.3531,-33.8862],[-71.3492,-33.8833],[-71.3483,-33.8812],[-71.352,-33.875],[-71.3518,-33.8727],[-71.35,-33.8709],[-71.3457,-33.8698],[-71.3416,-33.8671],[-71.3283,-33.8648],[-71.3247,-33.8657],[-71.3204,-33.8684],[-71.3176,-33.8678],[-71.3153,-33.8649],[-71.3139,-33.861],[-71.3103,-33.8614],[-71.3089,-33.8625],[-71.3056,-33.8622],[-71.3008,-33.8639],[-71.2993,-33.8663],[-71.2987,-33.8712],[-71.2976,-33.8723],[-71.3002,-33.8818],[-71.2994,-33.8838],[-71.294,-33.8881],[-71.2921,-33.8923],[-71.289,-33.8962],[-71.2909,-33.9023],[-71.2907,-33.9081],[-71.2856,-33.9121],[-71.2778,-33.9123],[-71.2759,-33.9109],[-71.2717,-33.9116],[-71.267,-33.9163],[-71.2624,-33.9191],[-71.2629,-33.9206],[-71.2591,-33.9241],[-71.2571,-33.9284],[-71.2554,-33.9286],[-71.2539,-33.9309],[-71.2523,-33.9309],[-71.2488,-33.9333],[-71.2443,-33.9345],[-71.24,-33.9383],[-71.2359,-33.9388],[-71.2292,-33.9369],[-71.2259,-33.943],[-71.2259,-33.948],[-71.2225,-33.9526],[-71.2199,-33.9529],[-71.2132,-33.9574],[-71.2112,-33.9574],[-71.207,-33.9616],[-71.2114,-33.9665],[-71.2145,-33.9728],[-71.2143,-33.9761],[-71.2076,-33.9866],[-71.2071,-33.9906],[-71.2086,-33.9932],[-71.2176,-33.9974],[-71.2206,-34.0021],[-71.2247,-34.0041],[-71.2259,-34.0067],[-71.2311,-34.0123],[-71.2407,-34.0161],[-71.2484,-34.0133],[-71.2593,-34.0177],[-71.2632,-34.0164],[-71.2673,-34.0187],[-71.2761,-34.0171],[-71.2789,-34.0179],[-71.2813,-34.0206],[-71.2878,-34.0229],[-71.2907,-34.023],[-71.2944,-34.0271],[-71.3,-34.0296],[-71.3032,-34.0337],[-71.3031,-34.0347],[-71.3052,-34.0362],[-71.3056,-34.0384],[-71.312,-34.0439],[-71.3136,-34.0441],[-71.3156,-34.0429],[-71.3203,-34.0456],[-71.3235,-34.0489],[-71.3287,-34.049],[-71.3312,-34.0499],[-71.3342,-34.0525],[-71.3399,-34.0503],[-71.3414,-34.0508],[-71.3478,-34.0561],[-71.3466,-34.0593],[-71.3474,-34.0626],[-71.3517,-34.0651],[-71.3537,-34.0637],[-71.3658,-34.0605],[-71.3714,-34.0611],[-71.3827,-34.0668],[-71.3869,-34.0679],[-71.3902,-34.076],[-71.3946,-34.0738],[-71.3953,-34.0715],[-71.3991,-34.0678],[-71.4041,-34.067],[-71.4046,-34.0658],[-71.4109,-34.0628],[-71.4148,-34.0577],[-71.417,-34.0503],[-71.4156,-34.0476],[-71.4161,-34.046],[-71.4146,-34.0447],[-71.4128,-34.0404],[-71.4123,-34.0379],[-71.4135,-34.0358],[-71.4207,-34.0325],[-71.4226,-34.0331],[-71.4258,-34.0319],[-71.4291,-34.0331],[-71.43,-34.0324],[-71.4319,-34.0328],[-71.436,-34.0254],[-71.4387,-34.0228],[-71.443,-34.022],[-71.4438,-34.0192],[-71.4476,-34.0149],[-71.454,-34.0153],[-71.458,-34.0181],[-71.4619,-34.0146],[-71.4687,-34.0113],[-71.4731,-34.0107],[-71.4747,-34.0083],[-71.481,-34.007],[-71.4897,-34.0037],[-71.4928,-34.001],[-71.4987,-33.9983],[-71.5143,-33.9948],[-71.518,-33.9952],[-71.5199,-33.9934],[-71.5233,-33.9925],[-71.529,-33.9922],[-71.5339,-33.9935],[-71.5518,-33.9892],[-71.5547,-33.9931],[-71.5639,-33.9868]]]}},{"type":"Feature","id":13502,"properties":{"name":"Alhué","province":"Melipilla","department":"Región Metropolitana de Santiago","type":"Comuna","country":"Chile","iso":"CL"},"geometry":{"type":"Polygon","coordinates":[[[-70.9663,-33.9178],[-70.9602,-33.9234],[-70.9605,-33.9307],[-70.9617,-33.9346],[-70.9608,-33.9373],[-70.955,-33.9416],[-70.955,-33.9443],[-70.9606,-33.9512],[-70.9611,-33.9544],[-70.9631,-33.9563],[-70.9617,-33.9607],[-70.9662,-33.9665],[-70.9663,-33.9675],[-70.9629,-33.9706],[-70.9549,-33.9726],[-70.9512,-33.9715],[-70.9478,-33.9722],[-70.9439,-33.9754],[-70.9407,-33.9755],[-70.9385,-33.977],[-70.9333,-33.978],[-70.9289,-33.975],[-70.9164,-33.9798],[-70.9132,-33.9796],[-70.9081,-33.9776],[-70.9059,-33.9788],[-70.9025,-33.9835],[-70.8953,-33.9887],[-70.8906,-33.9864],[-70.8841,-33.9851],[-70.8725,-33.9797],[-70.8657,-33.9747],[-70.8555,-33.9704],[-70.8548,-33.969],[-70.8567,-33.9661],[-70.8513,-33.9597],[-70.8457,-33.9563],[-70.8385,-33.9545],[-70.8334,-33.9519],[-70.8304,-33.9521],[-70.8249,-33.9534],[-70.824,-33.9567],[-70.8249,-33.9619],[-70.8195,-33.9651],[-70.815,-33.9664],[-70.8101,-33.9711],[-70.8063,-33.9716],[-70.7981,-33.9748],[-70.7958,-33.9823],[-70.7974,-33.985],[-70.7975,-33.9885],[-70.7956,-33.9908],[-70.7923,-33.9923],[-70.7919,-33.994],[-70.7932,-33.9951],[-70.7933,-33.9999],[-70.8063,-34.0075],[-70.807,-34.0096],[-70.8056,-34.0141],[-70.8059,-34.0174],[-70.8086,-34.0226],[-70.8076,-34.0247],[-70.8088,-34.0258],[-70.8123,-34.0263],[-70.814,-34.0311],[-70.8177,-34.0355],[-70.8246,-34.0355],[-70.8309,-34.0321],[-70.8347,-34.0327],[-70.8415,-34.032],[-70.8438,-34.0293],[-70.8468,-34.0286],[-70.8503,-34.0299],[-70.86,-34.0308],[-70.866,-34.0335],[-70.8685,-34.0363],[-70.8721,-34.0374],[-70.877,-34.0374],[-70.8828,-34.0398],[-70.8882,-34.0387],[-70.8908,-34.0444],[-70.8919,-34.0496],[-70.8888,-34.0547],[-70.8891,-34.0592],[-70.8913,-34.0623],[-70.8914,-34.072],[-70.8937,-34.0765],[-70.8997,-34.0794],[-70.9038,-34.0772],[-70.9068,-34.0769],[-70.9129,-34.0806],[-70.9172,-34.0782],[-70.9194,-34.078],[-70.9339,-34.0857],[-70.9375,-34.0904],[-70.9372,-34.0928],[-70.9387,-34.0962],[-70.9383,-34.1011],[-70.9412,-34.1052],[-70.9387,-34.1092],[-70.9382,-34.114],[-70.9354,-34.1176],[-70.9343,-34.1239],[-70.9321,-34.1263],[-70.9292,-34.1352],[-70.9274,-34.1371],[-70.9163,-34.1418],[-70.9143,-34.1447],[-70.9338,-34.1515],[-70.9434,-34.1597],[-70.9495,-34.1627],[-70.9581,-34.1644],[-70.9688,-34.172],[-70.9851,-34.1732],[-71.0066,-34.1679],[-71.0232,-34.1706],[-71.0261,-34.1703],[-71.0265,-34.1676],[-71.0281,-34.1662],[-71.0326,-34.1648],[-71.0439,-34.1723],[-71.0475,-34.1713],[-71.0527,-34.1735],[-71.0533,-34.1779],[-71.0561,-34.1794],[-71.0665,-34.1798],[-71.0717,-34.1842],[-71.0788,-34.1814],[-71.083,-34.1826],[-71.0862,-34.1805],[-71.09,-34.1801],[-71.0912,-34.1752],[-71.0972,-34.1713],[-71.0998,-34.1709],[-71.1059,-34.1663],[-71.112,-34.1669],[-71.1177,-34.1641],[-71.1259,-34.1666],[-71.1357,-34.1663],[-71.1384,-34.1651],[-71.1439,-34.1649],[-71.1473,-34.1661],[-71.1546,-34.1637],[-71.16,-34.1643],[-71.1653,-34.1619],[-71.1676,-34.1623],[-71.1754,-34.1594],[-71.1849,-34.1584],[-71.188,-34.154],[-71.197,-34.1494],[-71.2023,-34.1447],[-71.2054,-34.1393],[-71.205,-34.1357],[-71.2147,-34.1356],[-71.2166,-34.1315],[-71.2184,-34.1313],[-71.222,-34.1261],[-71.2255,-34.1242],[-71.2312,-34.1172],[-71.2307,-34.1134],[-71.2322,-34.1066],[-71.2342,-34.1058],[-71.2437,-34.0953],[-71.2485,-34.0937],[-71.2526,-34.0904],[-71.2588,-34.0886],[-71.2674,-34.0836],[-71.2696,-34.0791],[-71.2696,-34.0663],[-71.2704,-34.0654],[-71.2668,-34.063],[-71.2707,-34.0524],[-71.2805,-34.0484],[-71.2826,-34.0467],[-71.2856,-34.0467],[-71.2914,-34.0449],[-71.2985,-34.0374],[-71.298,-34.0357],[-71.3,-34.0347],[-71.3008,-34.0304],[-71.3,-34.0296],[-71.2944,-34.0271],[-71.2907,-34.023],[-71.2878,-34.0229],[-71.2813,-34.0206],[-71.2789,-34.0179],[-71.2761,-34.0171],[-71.2673,-34.0187],[-71.2632,-34.0164],[-71.2593,-34.0177],[-71.2484,-34.0133],[-71.2407,-34.0161],[-71.2311,-34.0123],[-71.2259,-34.0067],[-71.2247,-34.0041],[-71.2206,-34.0021],[-71.2176,-33.9974],[-71.2086,-33.9932],[-71.2071,-33.9906],[-71.2076,-33.9866],[-71.2143,-33.9761],[-71.2145,-33.9728],[-71.2114,-33.9665],[-71.207,-33.9616],[-71.2072,-33.9607],[-71.202,-33.9599],[-71.1943,-33.9615],[-71.1907,-33.9601],[-71.1868,-33.9601],[-71.1849,-33.9585],[-71.1833,-33.9589],[-71.1806,-33.9628],[-71.1774,-33.9641],[-71.1733,-33.9639],[-71.1663,-33.961],[-71.1659,-33.954],[-71.1577,-33.9487],[-71.1496,-33.9471],[-71.1437,-33.9493],[-71.1284,-33.9444],[-71.1244,-33.9443],[-71.1153,-33.9464],[-71.1094,-33.9435],[-71.1055,-33.9381],[-71.0985,-33.9326],[-71.0981,-33.9298],[-71.0944,-33.9262],[-71.0886,-33.9078],[-71.0888,-33.9038],[-71.0849,-33.894],[-71.0801,-33.893],[-71.0742,-33.8937],[-71.0693,-33.8907],[-71.0609,-33.8938],[-71.0562,-33.8936],[-71.0533,-33.8955],[-71.0475,-33.8965],[-71.0411,-33.8992],[-71.0318,-33.8992],[-71.0294,-33.898],[-71.0237,-33.8917],[-71.0195,-33.8901],[-71.0162,-33.89],[-70.9977,-33.8952],[-70.9778,-33.9149],[-70.973,-33.9174],[-70.9663,-33.9178]]]}}]}